path	outcome	solver_names	models	engines	relations	ms	detail
Academic/Law.edu/Law School.xlsx	transientFailure	0	0			563	Error Domain=NSCocoaErrorDomain Code=256 "The file “Law School.xlsx” couldn’t be opened." UserInfo={NSFilePath=/Users/jpurnell/Documents/Academic/Law.edu/Law School.xlsx, NSURL=file:///Users/jpurnell/Documents/Academic/Law.edu/Law%20School.xlsx, NSUnderlyingError=0x76588cefd0 {Error Domain=NSPOSIXErrorDomain Code=60 "Operation timed out"}}
Academic/MIT Micromasters/MITx SC2x/Week 1 Practice Problems/CTL.xlsx	transientFailure	0	0			530	Error Domain=NSCocoaErrorDomain Code=256 "The file “CTL.xlsx” couldn’t be opened." UserInfo={NSFilePath=/Users/jpurnell/Documents/Academic/MIT Micromasters/MITx SC2x/Week 1 Practice Problems/CTL.xlsx, NSURL=file:///Users/jpurnell/Documents/Academic/MIT%20Micromasters/MITx%20SC2x/Week%201%20Practice%20Problems/CTL.xlsx, NSUnderlyingError=0x765310dec0 {Error Domain=NSPOSIXErrorDomain Code=60 "Operation timed out"}}
Academic/MIT Micromasters/MITx SC2x/Week 1 Practice Problems/Graded Assignment 1.xlsx	ok	134	4	simplexLP,simplexLP,simplexLP,simplexLP	1,2,3	17	
Academic/MIT Micromasters/MITx SC2x/Week 1 Practice Problems/Practice Problems.xlsx	ok	236	7	simplexLP,simplexLP,simplexLP,simplexLP,simplexLP,simplexLP,simplexLP	1,2,3	10	
Academic/MIT Micromasters/MITx SC2x/Week 2 Practice Problems/CTL.SC2x_W2GA_Data_Uniform.xlsx	transientFailure	0	0			523	Error Domain=NSCocoaErrorDomain Code=256 "The file “CTL.SC2x_W2GA_Data_Uniform.xlsx” couldn’t be opened." UserInfo={NSFilePath=/Users/jpurnell/Documents/Academic/MIT Micromasters/MITx SC2x/Week 2 Practice Problems/CTL.SC2x_W2GA_Data_Uniform.xlsx, NSURL=file:///Users/jpurnell/Documents/Academic/MIT%20Micromasters/MITx%20SC2x/Week%202%20Practice%20Problems/CTL.SC2x_W2GA_Data_Uniform.xlsx, NSUnderlyingError=0x76588cf030 {Error Domain=NSPOSIXErrorDomain Code=60 "Operation timed out"}}
Academic/MIT Micromasters/MITx SC2x/Week 2 Practice Problems/CTL.SC2x_W2PP_Data_Estimating.xlsx	ok	0	0			19	
Academic/MIT Micromasters/MITx SC2x/Week 2 Practice Problems/CTL.SC2x_W2PP_Data_Temp.xlsx	transientFailure	0	0			581	Error Domain=NSCocoaErrorDomain Code=256 "The file “CTL.SC2x_W2PP_Data_Temp.xlsx” couldn’t be opened." UserInfo={NSFilePath=/Users/jpurnell/Documents/Academic/MIT Micromasters/MITx SC2x/Week 2 Practice Problems/CTL.SC2x_W2PP_Data_Temp.xlsx, NSURL=file:///Users/jpurnell/Documents/Academic/MIT%20Micromasters/MITx%20SC2x/Week%202%20Practice%20Problems/CTL.SC2x_W2PP_Data_Temp.xlsx, NSUnderlyingError=0x76588cf1b0 {Error Domain=NSPOSIXErrorDomain Code=60 "Operation timed out"}}
Academic/MIT Micromasters/MITx SC2x/Week 2 Practice Problems/Network Facility.xlsx	ok	64	2	grgNonlinear,grgNonlinear	1,3	8	
Academic/MIT Micromasters/MITx SC2x/Week 2 Practice Problems/Practice Problems - Week 2.xlsx	transientFailure	0	0			590	Error Domain=NSCocoaErrorDomain Code=256 "The file “Practice Problems - Week 2.xlsx” couldn’t be opened." UserInfo={NSFilePath=/Users/jpurnell/Documents/Academic/MIT Micromasters/MITx SC2x/Week 2 Practice Problems/Practice Problems - Week 2.xlsx, NSURL=file:///Users/jpurnell/Documents/Academic/MIT%20Micromasters/MITx%20SC2x/Week%202%20Practice%20Problems/Practice%20Problems%20-%20Week%202.xlsx, NSUnderlyingError=0x76588cf210 {Error Domain=NSPOSIXErrorDomain Code=60 "Operation timed out"}}
Academic/MIT Micromasters/MITx SC2x/Week 2 Practice Problems/W2L1_Worksheet.xlsx	transientFailure	0	0			531	Error Domain=NSCocoaErrorDomain Code=256 "The file “W2L1_Worksheet.xlsx” couldn’t be opened." UserInfo={NSFilePath=/Users/jpurnell/Documents/Academic/MIT Micromasters/MITx SC2x/Week 2 Practice Problems/W2L1_Worksheet.xlsx, NSURL=file:///Users/jpurnell/Documents/Academic/MIT%20Micromasters/MITx%20SC2x/Week%202%20Practice%20Problems/W2L1_Worksheet.xlsx, NSUnderlyingError=0x76588cf090 {Error Domain=NSPOSIXErrorDomain Code=60 "Operation timed out"}}
Academic/MIT Micromasters/MITx SC2x/Week 2 Practice Problems/W2L2_Worksheet_Final-2.xlsx	transientFailure	0	0			600	Error Domain=NSCocoaErrorDomain Code=256 "The file “W2L2_Worksheet_Final-2.xlsx” couldn’t be opened." UserInfo={NSFilePath=/Users/jpurnell/Documents/Academic/MIT Micromasters/MITx SC2x/Week 2 Practice Problems/W2L2_Worksheet_Final-2.xlsx, NSURL=file:///Users/jpurnell/Documents/Academic/MIT%20Micromasters/MITx%20SC2x/Week%202%20Practice%20Problems/W2L2_Worksheet_Final-2.xlsx, NSUnderlyingError=0x76588cf2d0 {Error Domain=NSPOSIXErrorDomain Code=60 "Operation timed out"}}
Academic/MIT Micromasters/MITx SC2x/Week 2 Practice Problems/W2L2_Worksheet_Final.xlsx	ok	56	1	simplexLP	1,2,3,5	22	
Academic/MIT Micromasters/MITx SC2x/Week 2 Practice Problems/W2PP2_2016_Uniform.xlsx	transientFailure	0	0			482	Error Domain=NSCocoaErrorDomain Code=256 "The file “W2PP2_2016_Uniform.xlsx” couldn’t be opened." UserInfo={NSFilePath=/Users/jpurnell/Documents/Academic/MIT Micromasters/MITx SC2x/Week 2 Practice Problems/W2PP2_2016_Uniform.xlsx, NSURL=file:///Users/jpurnell/Documents/Academic/MIT%20Micromasters/MITx%20SC2x/Week%202%20Practice%20Problems/W2PP2_2016_Uniform.xlsx, NSUnderlyingError=0x76588cf2a0 {Error Domain=NSPOSIXErrorDomain Code=60 "Operation timed out"}}
Books/Books%20Everyone%20Should%20Read.xlsx	transientFailure	0	0			596	Error Domain=NSCocoaErrorDomain Code=256 "The file “Books%20Everyone%20Should%20Read.xlsx” couldn’t be opened." UserInfo={NSFilePath=/Users/jpurnell/Documents/Books/Books%20Everyone%20Should%20Read.xlsx, NSURL=file:///Users/jpurnell/Documents/Books/Books%2520Everyone%2520Should%2520Read.xlsx, NSUnderlyingError=0x76588cf390 {Error Domain=NSPOSIXErrorDomain Code=60 "Operation timed out"}}
Books/To File/Bellingcat's Online Investigation Toolkit [bit.ly_bcattools].xlsx	ok	0	0			1822	
Career/Balance Agent/Administrative/1.1 Invoices/Invoice Builder.xlsx	ok	0	0			488	
Career/Balance Agent/Administrative/1.1 Invoices/Invoice Creator.xlsx	ok	0	0			48	
Career/Balance Agent/Content Commerce/Content Commerce Design Assets/Design Reconciliation.xlsx	ok	0	0			85	
Career/Balance Agent/Projects/1.0 Britbox/1.2.0 General Management/1.2.0 Data and Analytics/Analytics Update/ComScore Labels.xlsx	transientFailure	0	0			463	Error Domain=NSCocoaErrorDomain Code=256 "The file “ComScore Labels.xlsx” couldn’t be opened." UserInfo={NSFilePath=/Users/jpurnell/Documents/Career/Balance Agent/Projects/1.0 Britbox/1.2.0 General Management/1.2.0 Data and Analytics/Analytics Update/ComScore Labels.xlsx, NSURL=file:///Users/jpurnell/Documents/Career/Balance%20Agent/Projects/1.0%20Britbox/1.2.0%20General%20Management/1.2.0%20Data%20and%20Analytics/Analytics%20Update/ComScore%20Labels.xlsx, NSUnderlyingError=0x765310edc0 {Error Domain=NSPOSIXErrorDomain Code=60 "Operation timed out"}}
Career/Balance Agent/Projects/1.0 Britbox/1.2.0 General Management/1.2.0 Data and Analytics/Schema and APIs/BBC Universal Analytics Schema.xlsx	transientFailure	0	0			597	Error Domain=NSCocoaErrorDomain Code=256 "The file “BBC Universal Analytics Schema.xlsx” couldn’t be opened." UserInfo={NSFilePath=/Users/jpurnell/Documents/Career/Balance Agent/Projects/1.0 Britbox/1.2.0 General Management/1.2.0 Data and Analytics/Schema and APIs/BBC Universal Analytics Schema.xlsx, NSURL=file:///Users/jpurnell/Documents/Career/Balance%20Agent/Projects/1.0%20Britbox/1.2.0%20General%20Management/1.2.0%20Data%20and%20Analytics/Schema%20and%20APIs/BBC%20Universal%20Analytics%20Schema.xlsx, NSUnderlyingError=0x7656e93900 {Error Domain=NSPOSIXErrorDomain Code=60 "Operation timed out"}}
Career/Balance Agent/Projects/1.0 Britbox/1.2.0 General Management/1.2.0 Data and Analytics/Schema and APIs/Superset BBC Database Structure.xlsx	ok	0	0			2	
Career/Balance Agent/Projects/1.0 Britbox/1.2.0 General Management/1.2.1 Board Deck/1.2.1.1 Research/1.2.1.1.1 Canadian Behavior/Autobills Can Launch thru April.xlsx	transientFailure	0	0			594	Error Domain=NSCocoaErrorDomain Code=256 "The file “Autobills Can Launch thru April.xlsx” couldn’t be opened." UserInfo={NSFilePath=/Users/jpurnell/Documents/Career/Balance Agent/Projects/1.0 Britbox/1.2.0 General Management/1.2.1 Board Deck/1.2.1.1 Research/1.2.1.1.1 Canadian Behavior/Autobills Can Launch thru April.xlsx, NSURL=file:///Users/jpurnell/Documents/Career/Balance%20Agent/Projects/1.0%20Britbox/1.2.0%20General%20Management/1.2.1%20Board%20Deck/1.2.1.1%20Research/1.2.1.1.1%20Canadian%20Behavior/Autobills%20Can%20Launch%20thru%20April.xlsx, NSUnderlyingError=0x765310ef40 {Error Domain=NSPOSIXErrorDomain Code=60 "Operation timed out"}}
Career/Balance Agent/Projects/1.0 Britbox/1.2.0 General Management/1.2.1 Board Deck/1.2.1.1 Research/1.2.1.1.1 Canadian Behavior/Canada Analytics 5.3.xlsx	ok	0	0			44212	
Career/Balance Agent/Projects/1.0 Britbox/1.2.0 General Management/1.2.1 Board Deck/1.2.1.1 Research/1.2.1.1.1 Canadian Behavior/Survey Questions.xlsx	ok	0	0			3	
Career/Balance Agent/Projects/1.0 Britbox/1.2.0 General Management/1.2.1 Board Deck/1.2.1.1 Research/Deck Data Breakdown.xlsx	ok	0	0			155	
Career/Balance Agent/Projects/1.0 Britbox/1.2.0 General Management/1.2.1 Board Deck/1.2.1.1 Research/New US last 6 mos/April Joins.xlsx	transientFailure	0	0			617	Error Domain=NSCocoaErrorDomain Code=256 "The file “April Joins.xlsx” couldn’t be opened." UserInfo={NSFilePath=/Users/jpurnell/Documents/Career/Balance Agent/Projects/1.0 Britbox/1.2.0 General Management/1.2.1 Board Deck/1.2.1.1 Research/New US last 6 mos/April Joins.xlsx, NSURL=file:///Users/jpurnell/Documents/Career/Balance%20Agent/Projects/1.0%20Britbox/1.2.0%20General%20Management/1.2.1%20Board%20Deck/1.2.1.1%20Research/New%20US%20last%206%20mos/April%20Joins.xlsx, NSUnderlyingError=0x76588cf3f0 {Error Domain=NSPOSIXErrorDomain Code=60 "Operation timed out"}}
Career/Balance Agent/Projects/1.0 Britbox/1.2.0 General Management/1.2.1 Board Deck/1.2.1.1 Research/New US last 6 mos/Feb Joins.xlsx	transientFailure	0	0			598	Error Domain=NSCocoaErrorDomain Code=256 "The file “Feb Joins.xlsx” couldn’t be opened." UserInfo={NSFilePath=/Users/jpurnell/Documents/Career/Balance Agent/Projects/1.0 Britbox/1.2.0 General Management/1.2.1 Board Deck/1.2.1.1 Research/New US last 6 mos/Feb Joins.xlsx, NSURL=file:///Users/jpurnell/Documents/Career/Balance%20Agent/Projects/1.0%20Britbox/1.2.0%20General%20Management/1.2.1%20Board%20Deck/1.2.1.1%20Research/New%20US%20last%206%20mos/Feb%20Joins.xlsx, NSUnderlyingError=0x76588cf450 {Error Domain=NSPOSIXErrorDomain Code=60 "Operation timed out"}}
Career/Balance Agent/Projects/1.0 Britbox/1.2.0 General Management/1.2.1 Board Deck/1.2.1.1 Research/New US last 6 mos/Mar Joins.xlsx	transientFailure	0	0			601	Error Domain=NSCocoaErrorDomain Code=256 "The file “Mar Joins.xlsx” couldn’t be opened." UserInfo={NSFilePath=/Users/jpurnell/Documents/Career/Balance Agent/Projects/1.0 Britbox/1.2.0 General Management/1.2.1 Board Deck/1.2.1.1 Research/New US last 6 mos/Mar Joins.xlsx, NSURL=file:///Users/jpurnell/Documents/Career/Balance%20Agent/Projects/1.0%20Britbox/1.2.0%20General%20Management/1.2.1%20Board%20Deck/1.2.1.1%20Research/New%20US%20last%206%20mos/Mar%20Joins.xlsx, NSUnderlyingError=0x76588cf4b0 {Error Domain=NSPOSIXErrorDomain Code=60 "Operation timed out"}}
Career/Balance Agent/Projects/1.0 Britbox/1.2.0 General Management/1.2.1 Board Deck/1.2.1.1 Research/Survey Questions.xlsx	ok	0	0			6	
Career/Balance Agent/Projects/1.0 Britbox/1.2.0 General Management/1.2.1 Board Deck/1.2.1.1.2 Data/Amazon Reporting thru 05-17-18.xlsx	transientFailure	0	0			588	Error Domain=NSCocoaErrorDomain Code=256 "The file “Amazon Reporting thru 05-17-18.xlsx” couldn’t be opened." UserInfo={NSFilePath=/Users/jpurnell/Documents/Career/Balance Agent/Projects/1.0 Britbox/1.2.0 General Management/1.2.1 Board Deck/1.2.1.1.2 Data/Amazon Reporting thru 05-17-18.xlsx, NSURL=file:///Users/jpurnell/Documents/Career/Balance%20Agent/Projects/1.0%20Britbox/1.2.0%20General%20Management/1.2.1%20Board%20Deck/1.2.1.1.2%20Data/Amazon%20Reporting%20thru%2005-17-18.xlsx, NSUnderlyingError=0x76588cf6c0 {Error Domain=NSPOSIXErrorDomain Code=60 "Operation timed out"}}
Career/Balance Agent/Projects/1.0 Britbox/1.2.0 General Management/1.2.1 Board Deck/1.2.1.1.2 Data/Blended Conv % 5.18.xlsx	transientFailure	0	0			598	Error Domain=NSCocoaErrorDomain Code=256 "The file “Blended Conv % 5.18.xlsx” couldn’t be opened." UserInfo={NSFilePath=/Users/jpurnell/Documents/Career/Balance Agent/Projects/1.0 Britbox/1.2.0 General Management/1.2.1 Board Deck/1.2.1.1.2 Data/Blended Conv % 5.18.xlsx, NSURL=file:///Users/jpurnell/Documents/Career/Balance%20Agent/Projects/1.0%20Britbox/1.2.0%20General%20Management/1.2.1%20Board%20Deck/1.2.1.1.2%20Data/Blended%20Conv%20%25%205.18.xlsx, NSUnderlyingError=0x76588cf750 {Error Domain=NSPOSIXErrorDomain Code=60 "Operation timed out"}}
Career/Balance Agent/Projects/1.0 Britbox/1.2.0 General Management/1.2.1 Board Deck/1.2.1.1.2 Data/Board Deck Data.xlsx	transientFailure	0	0			596	Error Domain=NSCocoaErrorDomain Code=256 "The file “Board Deck Data.xlsx” couldn’t be opened." UserInfo={NSFilePath=/Users/jpurnell/Documents/Career/Balance Agent/Projects/1.0 Britbox/1.2.0 General Management/1.2.1 Board Deck/1.2.1.1.2 Data/Board Deck Data.xlsx, NSURL=file:///Users/jpurnell/Documents/Career/Balance%20Agent/Projects/1.0%20Britbox/1.2.0%20General%20Management/1.2.1%20Board%20Deck/1.2.1.1.2%20Data/Board%20Deck%20Data.xlsx, NSUnderlyingError=0x76588cf7b0 {Error Domain=NSPOSIXErrorDomain Code=60 "Operation timed out"}}
Career/Balance Agent/Projects/1.0 Britbox/1.2.0 General Management/1.2.1 Board Deck/1.2.1.1.2 Data/BritBox - Daily Numbers - US copy.xlsx	transientFailure	0	0			604	Error Domain=NSCocoaErrorDomain Code=256 "The file “BritBox - Daily Numbers - US copy.xlsx” couldn’t be opened." UserInfo={NSFilePath=/Users/jpurnell/Documents/Career/Balance Agent/Projects/1.0 Britbox/1.2.0 General Management/1.2.1 Board Deck/1.2.1.1.2 Data/BritBox - Daily Numbers - US copy.xlsx, NSURL=file:///Users/jpurnell/Documents/Career/Balance%20Agent/Projects/1.0%20Britbox/1.2.0%20General%20Management/1.2.1%20Board%20Deck/1.2.1.1.2%20Data/BritBox%20-%20Daily%20Numbers%20-%20US%20copy.xlsx, NSUnderlyingError=0x76588cf810 {Error Domain=NSPOSIXErrorDomain Code=60 "Operation timed out"}}
Career/Balance Agent/Projects/1.0 Britbox/1.2.0 General Management/1.2.1 Board Deck/1.2.1.1.2 Data/BritBox - Daily Numbers - US.xlsx	ok	0	0			12025	
Career/Balance Agent/Projects/1.0 Britbox/1.2.0 General Management/1.2.1 Board Deck/1.2.1.1.2 Data/BritBox Data for Baseline Eval (BW7) 5.24.xlsx	transientFailure	0	0			614	Error Domain=NSCocoaErrorDomain Code=256 "The file “BritBox Data for Baseline Eval (BW7) 5.24.xlsx” couldn’t be opened." UserInfo={NSFilePath=/Users/jpurnell/Documents/Career/Balance Agent/Projects/1.0 Britbox/1.2.0 General Management/1.2.1 Board Deck/1.2.1.1.2 Data/BritBox Data for Baseline Eval (BW7) 5.24.xlsx, NSURL=file:///Users/jpurnell/Documents/Career/Balance%20Agent/Projects/1.0%20Britbox/1.2.0%20General%20Management/1.2.1%20Board%20Deck/1.2.1.1.2%20Data/BritBox%20Data%20for%20Baseline%20Eval%20(BW7)%205.24.xlsx, NSUnderlyingError=0x76588cf870 {Error Domain=NSPOSIXErrorDomain Code=60 "Operation timed out"}}
Career/Balance Agent/Projects/1.0 Britbox/1.2.0 General Management/1.2.1 Board Deck/1.2.1.1.2 Data/BritBox Spend Data for 7 Weeks' Campaign Eval (BW7) 5.18.xlsx	ok	0	0			41	
Career/Balance Agent/Projects/1.0 Britbox/1.2.0 General Management/1.2.1 Board Deck/1.2.1.1.2 Data/Canadian Sub List.xlsx	ok	0	0			1776	
Career/Balance Agent/Projects/1.0 Britbox/1.2.0 General Management/1.2.1 Board Deck/1.2.1.1.2 Data/Channel Rankings.xlsx	ok	0	0			9	
Career/Balance Agent/Projects/1.0 Britbox/1.2.0 General Management/1.2.1 Board Deck/1.2.1.1.2 Data/Editorial/Starts, Mins, UVs by Month.xlsx	ok	0	0			12	
Career/Balance Agent/Projects/1.0 Britbox/1.2.0 General Management/1.2.1 Board Deck/1.2.1.1.2 Data/Editorial/Viewing by Genre.xlsx	transientFailure	0	0			616	Error Domain=NSCocoaErrorDomain Code=256 "The file “Viewing by Genre.xlsx” couldn’t be opened." UserInfo={NSFilePath=/Users/jpurnell/Documents/Career/Balance Agent/Projects/1.0 Britbox/1.2.0 General Management/1.2.1 Board Deck/1.2.1.1.2 Data/Editorial/Viewing by Genre.xlsx, NSURL=file:///Users/jpurnell/Documents/Career/Balance%20Agent/Projects/1.0%20Britbox/1.2.0%20General%20Management/1.2.1%20Board%20Deck/1.2.1.1.2%20Data/Editorial/Viewing%20by%20Genre.xlsx, NSUnderlyingError=0x76588cf720 {Error Domain=NSPOSIXErrorDomain Code=60 "Operation timed out"}}
Career/Balance Agent/Projects/1.0 Britbox/1.2.0 General Management/1.2.1 Board Deck/1.2.1.1.2 Data/KPI Trends.xlsx	ok	0	0			25	
Career/Balance Agent/Projects/1.0 Britbox/1.2.0 General Management/1.2.1 Board Deck/1.2.1.1.2 Data/Marketing/1Q18 Brand Tracker/Results for BBC (BritBox Tracking) 8 16.5.2018.xlsx	ok	0	0			360	
Career/Balance Agent/Projects/1.0 Britbox/1.2.0 General Management/1.2.1 Board Deck/1.2.1.1.2 Data/Marketing/BritBox Spend Data for 7 Weeks' Campaign Eval (BW7) 5.18.xlsx	ok	0	0			24	
Career/Balance Agent/Projects/1.0 Britbox/1.2.0 General Management/1.2.1 Board Deck/1.2.1.1.2 Data/Marketing/DirectAgents April Review.xlsx	transientFailure	0	0			165	Error Domain=NSCocoaErrorDomain Code=256 "The file “DirectAgents April Review.xlsx” couldn’t be opened." UserInfo={NSFilePath=/Users/jpurnell/Documents/Career/Balance Agent/Projects/1.0 Britbox/1.2.0 General Management/1.2.1 Board Deck/1.2.1.1.2 Data/Marketing/DirectAgents April Review.xlsx, NSURL=file:///Users/jpurnell/Documents/Career/Balance%20Agent/Projects/1.0%20Britbox/1.2.0%20General%20Management/1.2.1%20Board%20Deck/1.2.1.1.2%20Data/Marketing/DirectAgents%20April%20Review.xlsx, NSUnderlyingError=0x765310f960 {Error Domain=NSPOSIXErrorDomain Code=60 "Operation timed out"}}
Career/Balance Agent/Projects/1.0 Britbox/1.2.0 General Management/1.2.1 Board Deck/1.2.1.1.2 Data/Marketing/Monthly Marketing Performance by Channel Type.xlsx	ok	0	0			6	
Career/Balance Agent/Projects/1.0 Britbox/1.2.0 General Management/1.2.1 Board Deck/1.2.1.1.2 Data/Monthly Churn Calc.xlsx	transientFailure	0	0			537	Error Domain=NSCocoaErrorDomain Code=256 "The file “Monthly Churn Calc.xlsx” couldn’t be opened." UserInfo={NSFilePath=/Users/jpurnell/Documents/Career/Balance Agent/Projects/1.0 Britbox/1.2.0 General Management/1.2.1 Board Deck/1.2.1.1.2 Data/Monthly Churn Calc.xlsx, NSURL=file:///Users/jpurnell/Documents/Career/Balance%20Agent/Projects/1.0%20Britbox/1.2.0%20General%20Management/1.2.1%20Board%20Deck/1.2.1.1.2%20Data/Monthly%20Churn%20Calc.xlsx, NSUnderlyingError=0x76588cfa80 {Error Domain=NSPOSIXErrorDomain Code=60 "Operation timed out"}}
Career/Balance Agent/Projects/1.0 Britbox/1.2.0 General Management/1.2.1 Board Deck/1.2.1.1.2 Data/Monthly Gross Adds by Platform.xlsx	ok	0	0			40	
Career/Balance Agent/Projects/1.0 Britbox/1.2.0 General Management/1.2.1 Board Deck/1.2.1.1.2 Data/Paid from Free Trial, all Platforms, by country.xlsx	transientFailure	0	0			558	Error Domain=NSCocoaErrorDomain Code=256 "The file “Paid from Free Trial, all Platforms, by country.xlsx” couldn’t be opened." UserInfo={NSFilePath=/Users/jpurnell/Documents/Career/Balance Agent/Projects/1.0 Britbox/1.2.0 General Management/1.2.1 Board Deck/1.2.1.1.2 Data/Paid from Free Trial, all Platforms, by country.xlsx, NSURL=file:///Users/jpurnell/Documents/Career/Balance%20Agent/Projects/1.0%20Britbox/1.2.0%20General%20Management/1.2.1%20Board%20Deck/1.2.1.1.2%20Data/Paid%20from%20Free%20Trial,%20all%20Platforms,%20by%20country.xlsx, NSUnderlyingError=0x76588cfc00 {Error Domain=NSPOSIXErrorDomain Code=60 "Operation timed out"}}
Career/Balance Agent/Projects/1.0 Britbox/1.2.0 General Management/1.2.1 Board Deck/1.2.1.1.2 Data/Potential Time Spent Data.xlsx	transientFailure	0	0			593	Error Domain=NSCocoaErrorDomain Code=256 "The file “Potential Time Spent Data.xlsx” couldn’t be opened." UserInfo={NSFilePath=/Users/jpurnell/Documents/Career/Balance Agent/Projects/1.0 Britbox/1.2.0 General Management/1.2.1 Board Deck/1.2.1.1.2 Data/Potential Time Spent Data.xlsx, NSURL=file:///Users/jpurnell/Documents/Career/Balance%20Agent/Projects/1.0%20Britbox/1.2.0%20General%20Management/1.2.1%20Board%20Deck/1.2.1.1.2%20Data/Potential%20Time%20Spent%20Data.xlsx, NSUnderlyingError=0x765310fa80 {Error Domain=NSPOSIXErrorDomain Code=60 "Operation timed out"}}
Career/Balance Agent/Projects/1.0 Britbox/1.2.0 General Management/1.2.1 Board Deck/1.2.1.1.2 Data/Spending Growth.xlsx	transientFailure	0	0			606	Error Domain=NSCocoaErrorDomain Code=256 "The file “Spending Growth.xlsx” couldn’t be opened." UserInfo={NSFilePath=/Users/jpurnell/Documents/Career/Balance Agent/Projects/1.0 Britbox/1.2.0 General Management/1.2.1 Board Deck/1.2.1.1.2 Data/Spending Growth.xlsx, NSURL=file:///Users/jpurnell/Documents/Career/Balance%20Agent/Projects/1.0%20Britbox/1.2.0%20General%20Management/1.2.1%20Board%20Deck/1.2.1.1.2%20Data/Spending%20Growth.xlsx, NSUnderlyingError=0x76588cfc90 {Error Domain=NSPOSIXErrorDomain Code=60 "Operation timed out"}}
Career/Balance Agent/Projects/1.0 Britbox/1.2.0 General Management/1.2.1 Board Deck/1.2.1.1.2 Data/Streaming Starts & Stream Time.xlsx	ok	0	0			27341	
Career/Balance Agent/Projects/1.0 Britbox/1.2.0 General Management/1.2.1 Board Deck/1.2.1.1.2 Data/Subs Model F1 18-19.xlsx	transientFailure	0	0			615	Error Domain=NSCocoaErrorDomain Code=256 "The file “Subs Model F1 18-19.xlsx” couldn’t be opened." UserInfo={NSFilePath=/Users/jpurnell/Documents/Career/Balance Agent/Projects/1.0 Britbox/1.2.0 General Management/1.2.1 Board Deck/1.2.1.1.2 Data/Subs Model F1 18-19.xlsx, NSURL=file:///Users/jpurnell/Documents/Career/Balance%20Agent/Projects/1.0%20Britbox/1.2.0%20General%20Management/1.2.1%20Board%20Deck/1.2.1.1.2%20Data/Subs%20Model%20F1%2018-19.xlsx, NSUnderlyingError=0x76588cfcf0 {Error Domain=NSPOSIXErrorDomain Code=60 "Operation timed out"}}
Career/Balance Agent/Projects/1.0 Britbox/1.2.0 General Management/1.2.1 Board Deck/1.2.1.1.2 Data/Subscribers & Viewers by Month, Platform.xlsx	ok	0	0			113	
Career/Balance Agent/Projects/1.0 Britbox/1.2.0 General Management/1.2.1 Board Deck/1.2.1.1.2 Data/Transaction Data/Amazon Reporting thru 05-15-18.xlsx	ok	0	0			12932	
Career/Balance Agent/Projects/1.0 Britbox/1.2.0 General Management/1.2.1 Board Deck/1.2.1.1.2 Data/Transaction Data/Canada Analytics 5.3.xlsx	transientFailure	0	0			547	Error Domain=NSCocoaErrorDomain Code=256 "The file “Canada Analytics 5.3.xlsx” couldn’t be opened." UserInfo={NSFilePath=/Users/jpurnell/Documents/Career/Balance Agent/Projects/1.0 Britbox/1.2.0 General Management/1.2.1 Board Deck/1.2.1.1.2 Data/Transaction Data/Canada Analytics 5.3.xlsx, NSURL=file:///Users/jpurnell/Documents/Career/Balance%20Agent/Projects/1.0%20Britbox/1.2.0%20General%20Management/1.2.1%20Board%20Deck/1.2.1.1.2%20Data/Transaction%20Data/Canada%20Analytics%205.3.xlsx, NSUnderlyingError=0x7651e691a0 {Error Domain=NSPOSIXErrorDomain Code=60 "Operation timed out"}}
Career/Balance Agent/Projects/1.0 Britbox/1.2.0 General Management/1.2.1 Board Deck/1.2.1.1.2 Data/Transaction Data/Copy of Amazon Reporting thru 05-05-18.xlsx	ok	0	0			12674	
Career/Balance Agent/Projects/1.0 Britbox/1.2.0 General Management/1.2.1 Board Deck/1.2.1.1.2 Data/Video Views by Platform.xlsx	ok	0	0			3	
Career/Balance Agent/Projects/1.0 Britbox/1.2.0 General Management/1.2.1 Board Deck/1.2.1.1.3 Supporting Decks/Operations/Cancellation Reasons.xlsx	transientFailure	0	0			639	Error Domain=NSCocoaErrorDomain Code=256 "The file “Cancellation Reasons.xlsx” couldn’t be opened." UserInfo={NSFilePath=/Users/jpurnell/Documents/Career/Balance Agent/Projects/1.0 Britbox/1.2.0 General Management/1.2.1 Board Deck/1.2.1.1.3 Supporting Decks/Operations/Cancellation Reasons.xlsx, NSURL=file:///Users/jpurnell/Documents/Career/Balance%20Agent/Projects/1.0%20Britbox/1.2.0%20General%20Management/1.2.1%20Board%20Deck/1.2.1.1.3%20Supporting%20Decks/Operations/Cancellation%20Reasons.xlsx, NSUnderlyingError=0x7650100600 {Error Domain=NSPOSIXErrorDomain Code=60 "Operation timed out"}}
Career/Balance Agent/Projects/1.0 Britbox/1.5.0 Customer Service/1.0 Research/1.2 Issue Logs/BritBox Social CS.xlsx	ok	0	0			200	
Career/Balance Agent/Projects/1.0 Britbox/1.5.0 Customer Service/1.0 Research/1.2 Issue Logs/BritBox_Issues_Cleaned.xlsx	transientFailure	0	0			417	Error Domain=NSCocoaErrorDomain Code=256 "The file “BritBox_Issues_Cleaned.xlsx” couldn’t be opened." UserInfo={NSFilePath=/Users/jpurnell/Documents/Career/Balance Agent/Projects/1.0 Britbox/1.5.0 Customer Service/1.0 Research/1.2 Issue Logs/BritBox_Issues_Cleaned.xlsx, NSURL=file:///Users/jpurnell/Documents/Career/Balance%20Agent/Projects/1.0%20Britbox/1.5.0%20Customer%20Service/1.0%20Research/1.2%20Issue%20Logs/BritBox_Issues_Cleaned.xlsx, NSUnderlyingError=0x76588cfd50 {Error Domain=NSPOSIXErrorDomain Code=60 "Operation timed out"}}
Career/Balance Agent/Projects/1.0 Britbox/1.5.0 Customer Service/1.0 Research/1.2 Issue Logs/ReportViewer.xlsx	transientFailure	0	0			579	Error Domain=NSCocoaErrorDomain Code=256 "The file “ReportViewer.xlsx” couldn’t be opened." UserInfo={NSFilePath=/Users/jpurnell/Documents/Career/Balance Agent/Projects/1.0 Britbox/1.5.0 Customer Service/1.0 Research/1.2 Issue Logs/ReportViewer.xlsx, NSURL=file:///Users/jpurnell/Documents/Career/Balance%20Agent/Projects/1.0%20Britbox/1.5.0%20Customer%20Service/1.0%20Research/1.2%20Issue%20Logs/ReportViewer.xlsx, NSUnderlyingError=0x76588cfdb0 {Error Domain=NSPOSIXErrorDomain Code=60 "Operation timed out"}}
Career/Balance Agent/Projects/1.0 Britbox/1.5.0 Customer Service/1.0 Research/Contact Center Scorecard.xlsx	transientFailure	0	0			521	Error Domain=NSCocoaErrorDomain Code=256 "The file “Contact Center Scorecard.xlsx” couldn’t be opened." UserInfo={NSFilePath=/Users/jpurnell/Documents/Career/Balance Agent/Projects/1.0 Britbox/1.5.0 Customer Service/1.0 Research/Contact Center Scorecard.xlsx, NSURL=file:///Users/jpurnell/Documents/Career/Balance%20Agent/Projects/1.0%20Britbox/1.5.0%20Customer%20Service/1.0%20Research/Contact%20Center%20Scorecard.xlsx, NSUnderlyingError=0x76588cfe10 {Error Domain=NSPOSIXErrorDomain Code=60 "Operation timed out"}}
Career/Balance Agent/Projects/1.0 Britbox/1.5.0 Customer Service/2.0 Deck/Customer Service Deck.xlsx	transientFailure	0	0			596	Error Domain=NSCocoaErrorDomain Code=256 "The file “Customer Service Deck.xlsx” couldn’t be opened." UserInfo={NSFilePath=/Users/jpurnell/Documents/Career/Balance Agent/Projects/1.0 Britbox/1.5.0 Customer Service/2.0 Deck/Customer Service Deck.xlsx, NSURL=file:///Users/jpurnell/Documents/Career/Balance%20Agent/Projects/1.0%20Britbox/1.5.0%20Customer%20Service/2.0%20Deck/Customer%20Service%20Deck.xlsx, NSUnderlyingError=0x76588cfe70 {Error Domain=NSPOSIXErrorDomain Code=60 "Operation timed out"}}
Career/Balance Agent/Projects/1.0 Britbox/1.5.0 Customer Service/Contact Center Model.xlsx	transientFailure	0	0			599	Error Domain=NSCocoaErrorDomain Code=256 "The file “Contact Center Model.xlsx” couldn’t be opened." UserInfo={NSFilePath=/Users/jpurnell/Documents/Career/Balance Agent/Projects/1.0 Britbox/1.5.0 Customer Service/Contact Center Model.xlsx, NSURL=file:///Users/jpurnell/Documents/Career/Balance%20Agent/Projects/1.0%20Britbox/1.5.0%20Customer%20Service/Contact%20Center%20Model.xlsx, NSUnderlyingError=0x76588cfed0 {Error Domain=NSPOSIXErrorDomain Code=60 "Operation timed out"}}
Career/Balance Agent/Projects/1.0 Britbox/1.5.0 Customer Service/Customer Service Deck.xlsx	ok	0	0			128	
Career/Balance Agent/Projects/2.0 NBCU OTS/Article Page/Article Page Requirements.xlsx	transientFailure	0	0			469	Error Domain=NSCocoaErrorDomain Code=256 "The file “Article Page Requirements.xlsx” couldn’t be opened." UserInfo={NSFilePath=/Users/jpurnell/Documents/Career/Balance Agent/Projects/2.0 NBCU OTS/Article Page/Article Page Requirements.xlsx, NSURL=file:///Users/jpurnell/Documents/Career/Balance%20Agent/Projects/2.0%20NBCU%20OTS/Article%20Page/Article%20Page%20Requirements.xlsx, NSUnderlyingError=0x76588cffc0 {Error Domain=NSPOSIXErrorDomain Code=60 "Operation timed out"}}
Career/Balance Agent/Projects/3.0 NBCU Content Commerce/1.0 Project Management/1.0.1 Status Documents/Content Commerce Documentation/EDI/KWI Feeds_07232018.xlsx	ok	0	0			48	
Career/Balance Agent/Projects/3.0 NBCU Content Commerce/1.0 Project Management/1.0.1 Status Documents/Content Commerce Documentation/EDI/NBC UNIVERSAL CLIENT ONBOARDING INFORMATION.xlsx	ok	0	0			23	
Career/Balance Agent/Projects/3.0 NBCU Content Commerce/1.0 Project Management/1.0.1 Status Documents/Content Commerce Documentation/KWI Documentation/Archive/NBCU Retailer-Brand Feeds_08092018.xlsx	transientFailure	0	0			534	Error Domain=NSCocoaErrorDomain Code=256 "The file “NBCU Retailer-Brand Feeds_08092018.xlsx” couldn’t be opened." UserInfo={NSFilePath=/Users/jpurnell/Documents/Career/Balance Agent/Projects/3.0 NBCU Content Commerce/1.0 Project Management/1.0.1 Status Documents/Content Commerce Documentation/KWI Documentation/Archive/NBCU Retailer-Brand Feeds_08092018.xlsx, NSURL=file:///Users/jpurnell/Documents/Career/Balance%20Agent/Projects/3.0%20NBCU%20Content%20Commerce/1.0%20Project%20Management/1.0.1%20Status%20Documents/Content%20Commerce%20Documentation/KWI%20Documentation/Archive/NBCU%20Retailer-Brand%20Feeds_08092018.xlsx, NSUnderlyingError=0x7658518150 {Error Domain=NSPOSIXErrorDomain Code=60 "Operation timed out"}}
Career/Balance Agent/Projects/3.0 NBCU Content Commerce/1.0 Project Management/1.0.1 Status Documents/Content Commerce Documentation/KWI Documentation/Archive/NBCU Vendor Feeds_Example.xlsx	ok	0	0			49	
Career/Balance Agent/Projects/3.0 NBCU Content Commerce/1.0 Project Management/1.0.1 Status Documents/Content Commerce Documentation/KWI Documentation/KWI - Initial Content/BRAVO/Bravo_Content_Audit.xlsx	transientFailure	0	0			935	Error Domain=NSCocoaErrorDomain Code=256 "The file “Bravo_Content_Audit.xlsx” couldn’t be opened." UserInfo={NSFilePath=/Users/jpurnell/Documents/Career/Balance Agent/Projects/3.0 NBCU Content Commerce/1.0 Project Management/1.0.1 Status Documents/Content Commerce Documentation/KWI Documentation/KWI - Initial Content/BRAVO/Bravo_Content_Audit.xlsx, NSURL=file:///Users/jpurnell/Documents/Career/Balance%20Agent/Projects/3.0%20NBCU%20Content%20Commerce/1.0%20Project%20Management/1.0.1%20Status%20Documents/Content%20Commerce%20Documentation/KWI%20Documentation/KWI%20-%20Initial%20Content/BRAVO/Bravo_Content_Audit.xlsx, NSUnderlyingError=0x76585182a0 {Error Domain=NSPOSIXErrorDomain Code=60 "Operation timed out"}}
Career/Balance Agent/Projects/3.0 NBCU Content Commerce/1.0 Project Management/1.0.1 Status Documents/Content Commerce Documentation/KWI Documentation/KWI - Initial Content/GOLF/Golf_Content_Audit.xlsx	transientFailure	0	0			819	Error Domain=NSCocoaErrorDomain Code=256 "The file “Golf_Content_Audit.xlsx” couldn’t be opened." UserInfo={NSFilePath=/Users/jpurnell/Documents/Career/Balance Agent/Projects/3.0 NBCU Content Commerce/1.0 Project Management/1.0.1 Status Documents/Content Commerce Documentation/KWI Documentation/KWI - Initial Content/GOLF/Golf_Content_Audit.xlsx, NSURL=file:///Users/jpurnell/Documents/Career/Balance%20Agent/Projects/3.0%20NBCU%20Content%20Commerce/1.0%20Project%20Management/1.0.1%20Status%20Documents/Content%20Commerce%20Documentation/KWI%20Documentation/KWI%20-%20Initial%20Content/GOLF/Golf_Content_Audit.xlsx, NSUnderlyingError=0x7658518330 {Error Domain=NSPOSIXErrorDomain Code=60 "Operation timed out"}}
Career/Balance Agent/Projects/3.0 NBCU Content Commerce/1.0 Project Management/1.0.1 Status Documents/Content Commerce Documentation/KWI Documentation/Multi Line Order Feed Example.xlsx	ok	0	0			21	
Career/Balance Agent/Projects/3.0 NBCU Content Commerce/1.0 Project Management/1.0.1 Status Documents/Content Commerce Documentation/KWI Documentation/NBCU Retailer-Brand Feeds_08152018.xlsx	ok	0	0			4916	
Career/Balance Agent/Projects/3.0 NBCU Content Commerce/1.0 Project Management/1.0.1 Status Documents/Content Commerce Documentation/KWI Documentation/Reporting Request - 4.25.18.xlsx	ok	0	0			14	
Career/Balance Agent/Projects/3.0 NBCU Content Commerce/1.0 Project Management/1.0.1 Status Documents/Content Commerce Documentation/KWI Documentation/Systems Integrations & Flows/eCom Integrations Data Process Flows v2018 0215 for Box.xlsx	ok	0	0			2802	
Career/Balance Agent/Projects/3.0 NBCU Content Commerce/1.0 Project Management/1.0.1 Status Documents/Content Commerce Documentation/KWI Documentation/Vendor Reconcilliation Report (Example) - 4.13.18.xlsx	ok	0	0			10	
Career/Balance Agent/Projects/3.0 NBCU Content Commerce/1.0 Project Management/1.0.1 Status Documents/Content Commerce Documentation/Security/Cloudflare - Web Application Firewall (WAF)/Cloudflare_Intake_New.xlsx	ok	0	0			2	
Career/Balance Agent/Projects/3.0 NBCU Content Commerce/1.0 Project Management/1.0.1 Status Documents/Content Commerce Documentation/Systems Integrations & Flows/eCom Integrations Data Process Flows v2018 0215 for Box.xlsx	ok	0	0			18	
Career/Balance Agent/Projects/3.0 NBCU Content Commerce/1.0 Project Management/1.4 Production Switchover/NBCU Project Plan – Production.xlsx	ok	0	0			16	
Career/Balance Agent/Projects/3.0 NBCU Content Commerce/1.0 Project Management/1.5 JIRA Best Practices/QA Plan.xlsx	transientFailure	0	0			29292	Error Domain=NSCocoaErrorDomain Code=256 "The file “QA Plan.xlsx” couldn’t be opened." UserInfo={NSFilePath=/Users/jpurnell/Documents/Career/Balance Agent/Projects/3.0 NBCU Content Commerce/1.0 Project Management/1.5 JIRA Best Practices/QA Plan.xlsx, NSURL=file:///Users/jpurnell/Documents/Career/Balance%20Agent/Projects/3.0%20NBCU%20Content%20Commerce/1.0%20Project%20Management/1.5%20JIRA%20Best%20Practices/QA%20Plan.xlsx, NSUnderlyingError=0x7650100ba0 {Error Domain=NSPOSIXErrorDomain Code=60 "Operation timed out"}}
Career/Balance Agent/Projects/3.0 NBCU Content Commerce/1.0 Project Management/Content Commerce User Permissions.xlsx	transientFailure	0	0			601	Error Domain=NSCocoaErrorDomain Code=256 "The file “Content Commerce User Permissions.xlsx” couldn’t be opened." UserInfo={NSFilePath=/Users/jpurnell/Documents/Career/Balance Agent/Projects/3.0 NBCU Content Commerce/1.0 Project Management/Content Commerce User Permissions.xlsx, NSURL=file:///Users/jpurnell/Documents/Career/Balance%20Agent/Projects/3.0%20NBCU%20Content%20Commerce/1.0%20Project%20Management/Content%20Commerce%20User%20Permissions.xlsx, NSUnderlyingError=0x7650100c30 {Error Domain=NSPOSIXErrorDomain Code=60 "Operation timed out"}}
Career/Balance Agent/Projects/3.0 NBCU Content Commerce/2.0 Retailer Onboarding/2.2 KWI Vendor Feed Adapters/2.1.0 Feed Documents/KWICommerceVendorFeeds (1).xlsx	ok	0	0			16	
Career/Balance Agent/Projects/3.0 NBCU Content Commerce/2.0 Retailer Onboarding/2.2 KWI Vendor Feed Adapters/2.1.0 Feed Documents/NBCU Retailer-Brand Feeds_08152018.xlsx	ok	0	0			52	
Career/Balance Agent/Projects/3.0 NBCU Content Commerce/2.0 Retailer Onboarding/2.2 KWI Vendor Feed Adapters/2.1.1 Shopify Integration/0.0 Specs/KWICommerceVendorFeeds (1).xlsx	ok	0	0			12	
Career/Balance Agent/Projects/3.0 NBCU Content Commerce/2.0 Retailer Onboarding/2.2 KWI Vendor Feed Adapters/2.1.1 Shopify Integration/0.0 Specs/KWICommerceVendorFeeds v. Shopify Feeds.xlsx	ok	0	0			15	
Career/Balance Agent/Projects/3.0 NBCU Content Commerce/2.0 Retailer Onboarding/2.2 KWI Vendor Feed Adapters/2.1.1 Shopify Integration/0.0 Specs/Product Feed Fields.xlsx	transientFailure	0	0			547	Error Domain=NSCocoaErrorDomain Code=256 "The file “Product Feed Fields.xlsx” couldn’t be opened." UserInfo={NSFilePath=/Users/jpurnell/Documents/Career/Balance Agent/Projects/3.0 NBCU Content Commerce/2.0 Retailer Onboarding/2.2 KWI Vendor Feed Adapters/2.1.1 Shopify Integration/0.0 Specs/Product Feed Fields.xlsx, NSURL=file:///Users/jpurnell/Documents/Career/Balance%20Agent/Projects/3.0%20NBCU%20Content%20Commerce/2.0%20Retailer%20Onboarding/2.2%20KWI%20Vendor%20Feed%20Adapters/2.1.1%20Shopify%20Integration/0.0%20Specs/Product%20Feed%20Fields.xlsx, NSUnderlyingError=0x7658518480 {Error Domain=NSPOSIXErrorDomain Code=60 "Operation timed out"}}
Career/Balance Agent/Projects/3.0 NBCU Content Commerce/2.0 Retailer Onboarding/2.2 KWI Vendor Feed Adapters/2.1.1 Shopify Integration/0.1 Keys/Shopify Partner Data (Justin Purnell's conflicted copy).xlsx	ok	0	0			68	
Career/Balance Agent/Projects/3.0 NBCU Content Commerce/2.0 Retailer Onboarding/2.2 KWI Vendor Feed Adapters/2.1.1 Shopify Integration/0.1 Keys/Shopify Partner Data.xlsx	ok	0	0			64	
Career/Balance Agent/Projects/3.0 NBCU Content Commerce/2.0 Retailer Onboarding/2.2 KWI Vendor Feed Adapters/2.1.1 Shopify Integration/0.2 Sample Feed Responses/Iterations/products01.xlsx	ok	0	0			10	
Career/Balance Agent/Projects/3.0 NBCU Content Commerce/2.0 Retailer Onboarding/2.2 KWI Vendor Feed Adapters/2.1.1 Shopify Integration/0.2 Sample Feed Responses/Sample Order and Shippng Response.xlsx	ok	0	0			5	
Career/Balance Agent/Projects/3.0 NBCU Content Commerce/2.0 Retailer Onboarding/2.2 KWI Vendor Feed Adapters/2.1.3 Flat File Integration/Jofit Feed/From ERP Sierra Raw.xlsx	ok	0	0			45	
Career/Balance Agent/Projects/3.0 NBCU Content Commerce/2.0 Retailer Onboarding/Vendor Onboarding Steps.xlsx	ok	0	0			49	
Career/Balance Agent/Projects/3.0 NBCU Content Commerce/3.0 CMS Development/3.0.0 Requirements/KWI SOW Review.xlsx	transientFailure	0	0			356	Error Domain=NSCocoaErrorDomain Code=256 "The file “KWI SOW Review.xlsx” couldn’t be opened." UserInfo={NSFilePath=/Users/jpurnell/Documents/Career/Balance Agent/Projects/3.0 NBCU Content Commerce/3.0 CMS Development/3.0.0 Requirements/KWI SOW Review.xlsx, NSURL=file:///Users/jpurnell/Documents/Career/Balance%20Agent/Projects/3.0%20NBCU%20Content%20Commerce/3.0%20CMS%20Development/3.0.0%20Requirements/KWI%20SOW%20Review.xlsx, NSUnderlyingError=0x7650101230 {Error Domain=NSPOSIXErrorDomain Code=60 "Operation timed out"}}
Career/Balance Agent/Projects/3.0 NBCU Content Commerce/3.0 CMS Development/3.0.0 Requirements/NBC Content Commerce CMS Requirements 7.30.18.xlsx	ok	0	0			216	
Career/Balance Agent/Projects/3.0 NBCU Content Commerce/3.0 CMS Development/3.0.0 Requirements/NBC Content Commerce CMS Requirements.xlsx	ok	0	0			166	
Career/Balance Agent/Projects/3.0 NBCU Content Commerce/3.0 CMS Development/3.0.0 Requirements/NBC Content Commerce CMS Scorecard.xlsx	ok	0	0			306	
Career/Balance Agent/Projects/3.0 NBCU Content Commerce/3.0 CMS Development/3.0.0 Requirements/Research/CMS/NBC Content Management System CMS Scorecard.xlsx	ok	0	0			306	
Career/Balance Agent/Projects/3.0 NBCU Content Commerce/3.0 CMS Development/3.0.0 Requirements/Research/raid-log-template.xlsx	ok	0	0			8	
Career/Balance Agent/Projects/3.0 NBCU Content Commerce/3.0 CMS Development/3.0.0 Requirements/nbc content commerce cms scorecard 2.xlsx	ok	0	0			2812	
Career/Balance Agent/Projects/3.0 NBCU Content Commerce/3.0 CMS Development/3.0.3 Sprint Planning/HOT LIST 7.11.18.xlsx	ok	0	0			3	
Career/Balance Agent/Projects/3.0 NBCU Content Commerce/3.0 CMS Development/3.0.3 Sprint Planning/JIRA - NBC Bug Tickets 7.25.18.xlsx	ok	0	0			22	
Career/Balance Agent/Projects/3.0 NBCU Content Commerce/3.0 CMS Development/3.0.3 Sprint Planning/NBC Sprint planning 07252018.xlsx	ok	0	0			2	
Career/Balance Agent/Projects/3.0 NBCU Content Commerce/3.0 CMS Development/3.3 Design/Design Reconciliation.xlsx	ok	0	0			85	
Career/Balance Agent/Projects/3.0 NBCU Content Commerce/4.0 General Product/4.1 Avalara/Avalara_Good_Service.xlsx	ok	0	0			2506	
Career/Balance Agent/Projects/3.0 NBCU Content Commerce/4.0 General Product/4.13 SEO/PDP URL Issue.xlsx	ok	0	0			58	
Career/Balance Agent/Projects/3.0 NBCU Content Commerce/4.0 General Product/4.13 SEO/Technical SEO Roadmap __ Shop with Golf.xlsx	ok	0	0			1736	
Career/Balance Agent/Projects/3.0 NBCU Content Commerce/4.0 General Product/4.14 UTM Codes/Transactional Email UTM Codes.xlsx	ok	0	0			1553	
Career/Balance Agent/Projects/3.0 NBCU Content Commerce/4.0 General Product/ADA Compliance/Comcast NBC U Batch 1 - 2019-01-17_v2.xlsx	ok	0	0			1623	
Career/Balance Agent/Projects/3.0 NBCU Content Commerce/4.0 General Product/ADA Compliance/Comcast NBC U Batch 1_v2/Comcast NBC U Batch 1 - 2019-01-17_v2.xlsx	ok	0	0			1507	
Career/Balance Agent/Projects/3.0 NBCU Content Commerce/4.0 General Product/Content Commerce/Order Testing/Orders without Shipment Data.xlsx	ok	0	0			1570	
Career/Balance Agent/Projects/3.0 NBCU Content Commerce/4.0 General Product/Content Commerce/Product Feed Issues/New Products/New Product Magnitude Assessment.xlsx	ok	0	0			46	
Career/Balance Agent/Projects/3.0 NBCU Content Commerce/4.0 General Product/Content Commerce/Product Feed Issues/Product Feed Issues.xlsx	ok	0	0			47	
Career/Balance Agent/Projects/3.0 NBCU Content Commerce/4.0 General Product/Content Commerce/Returns Test/Cancellations.xlsx	ok	0	0			0	
Career/Balance Agent/Projects/3.0 NBCU Content Commerce/4.0 General Product/Content Commerce/Returns Test/Copy of Returns Requirements - NBCU.xlsx	ok	0	0			140	
Career/Balance Agent/Projects/3.0 NBCU Content Commerce/4.0 General Product/Content Commerce/Returns Test/Returns.xlsx	ok	0	0			1	
Career/Balance Agent/Projects/3.0 NBCU Content Commerce/4.0 General Product/PreProd, Post-Migration.xlsx	ok	0	0			48	
Career/Balance Agent/Projects/3.0 NBCU Content Commerce/6.0 Mirakl Integration/Potential Taxonomy/amazon_product_Classification.xlsx	ok	0	0			42178	
Career/Balance Agent/Projects/4.0 NBC Sports MarCom Audit/Golf Channel Audit.xlsx	ok	0	0			2188	
Career/Balance Agent/Projects/4.0 NBC Sports MarCom Audit/NBC Sports Marketing Technology Audit.xlsx	ok	0	0			1301	
Career/Balance Agent/Projects/4.0 NBC Sports MarCom Audit/Sports Group MarCom Audit.xlsx	ok	0	0			47	
Career/Balance Agent/Projects/4.0 NBC Sports MarCom Audit/SportsEngine Marketing Stack.xlsx	ok	0	0			118	
Career/CNBCU/Administrative/Management/MBA First Rotation Graduate Profile Matches.xlsx	ok	0	0			13	
Career/CNBCU/Administrative/Management/Rotation Program Contact Spreadsheet.xlsx	ok	0	0			59	
Career/CNBCU/Administrative/Personal Development/Career Management/Comcast Open Reqs 3-20-17 (Autosaved).xlsx	ok	0	0			5273	
Career/CNBCU/Administrative/Personal Development/Career Management/NBCU Weekly Open Req Report 03.06.xlsx	ok	0	0			147	
Career/CNBCU/Administrative/Personal Development/Continuing Education/Ad Sales Model.xlsx	ok	0	0			2134	
Career/CNBCU/Administrative/Personal Development/Continuing Education/Ride Outs/Manchester Call Center Data.xlsx	ok	0	0			1740	
Career/CNBCU/Administrative/Personal Development/Org Chart – NBCU.xlsx	ok	0	0			1448	
Career/CNBCU/Administrative/Secret Share/0.2.0 External Research/4Q13_Trending_Schedule.xlsx	ok	12	1	grgNonlinear		2498	
Career/CNBCU/Administrative/Secret Share/0.2.0 External Research/CMCSA Model.xlsx	ok	0	0			51	
Career/CNBCU/Administrative/Secret Share/3.0.0 EBI Overlay Project/Media Rankers FNC 2014.05.20.xlsx	ok	0	0			1827	
Career/CNBCU/Administrative/Secret Share/3.0.0 EBI Overlay Project/Media Rankers Pilot - Hispanic Network Viewers - 041114.xlsx	ok	0	0			2349	
Career/CNBCU/Projects/0.0 Overall/0.0 Performance/NBCU Weekly Open Req Report 05.01.17.xlsx	ok	0	0			1637	
Career/CNBCU/Projects/0.0 Overall/0.0 Recruiting/0.0.1 RLP/0.0.1.4 2018 Class/Engineer Model.xlsx	ok	0	0			1736	
Career/CNBCU/Projects/0.0 Overall/0.0 Recruiting/Consortium/Class of 2017 Segmentation Report.xlsx	ok	0	0			48	
Career/CNBCU/Projects/0.0 Overall/0.0 Templates/Workbook Template copy.xlsx	ok	0	0			4	
Career/CNBCU/Projects/0.0 Overall/0.0 Templates/Workbook Template.xlsx	ok	0	0			45	
Career/CNBCU/Projects/0.0 Overall/0.6 Random/Media Math Sheet.xlsx	ok	0	0			1447	
Career/CNBCU/Projects/0.0 Overall/0.8 NBCU Strategy/Ad Strategy/Executive Summary_0528.xlsx	ok	0	0			539	
Career/CNBCU/Projects/0.0 Overall/0.8 NBCU Strategy/Gaming/Nintendo Ask/Model/Archive/Peach Licensing Model_v1.xlsx	ok	0	0			1543	
Career/CNBCU/Projects/0.0 Overall/0.8 NBCU Strategy/Gaming/Nintendo Ask/Model/Archive/Peach Licensing Model_v2.xlsx	ok	0	0			1742	
Career/CNBCU/Projects/0.0 Overall/0.8 NBCU Strategy/Gaming/Nintendo Ask/Model/Archive/Peach Licensing Model_v3.xlsx	ok	0	0			42	
Career/CNBCU/Projects/0.0 Overall/0.8 NBCU Strategy/Gaming/Nintendo Ask/Model/Archive/Peach Licensing Model_v4.xlsx	ok	0	0			63	
Career/CNBCU/Projects/0.0 Overall/0.8 NBCU Strategy/Gaming/Nintendo Ask/Model/Peach Licensing Model_v5.xlsx	ok	0	0			27768	
Career/CNBCU/Projects/0.0 Overall/0.8 NBCU Strategy/Gaming/Nintendo Ask/Model/Peach Licensing Model_v6.xlsx	ok	0	0			1811	
Career/CNBCU/Projects/0.0 Overall/0.8 NBCU Strategy/Gaming/Nintendo Ask/Model/Peach Licensing Model_v7.xlsx	ok	0	0			2609	
Career/CNBCU/Projects/0.0 Overall/0.8 NBCU Strategy/Gaming/Nintendo Ask/Model/notes.xlsx	ok	0	0			2	
Career/CNBCU/Projects/0.0 Overall/0.8 NBCU Strategy/Gaming/Nintendo Ask/NPD Data/USA NPD FY2014.xlsx	ok	0	0			118	
Career/CNBCU/Projects/0.0 Overall/0.8 NBCU Strategy/Gaming/Nintendo Ask/Nintendo Franchises Overview 5.15.15.xlsx	ok	0	0			24	
Career/CNBCU/Projects/0.0 Overall/0.8 NBCU Strategy/Gaming/Nintendo Ask/Reference/Nintendo v3.xlsx	ok	0	0			81	
Career/CNBCU/Projects/0.0 Overall/0.8 NBCU Strategy/Gaming/Nintendo Ask/Reference/TV BUild-up_v3.xlsx	ok	0	0			25	
Career/CNBCU/Projects/0.0 Overall/0.8 NBCU Strategy/Gaming/Nintendo Ask/Research/Awards.xlsx	ok	0	0			2091	
Career/CNBCU/Projects/0.0 Overall/0.8 NBCU Strategy/Social Platforms/Tencent Model - GS 3.19.14.xlsx	ok	4	1	grgNonlinear		1334	
Career/CNBCU/Projects/0.0 Overall/0.9 CMCSA Strategy/GoldmanSachs_CMCSAModel_Jul_28_2017.xlsx	ok	4	1	grgNonlinear		6020	
Career/CNBCU/Projects/0.0 Overall/secret share/0.2.0 External Research/4Q13_Trending_Schedule.xlsx	ok	12	1	grgNonlinear		140	
Career/CNBCU/Projects/0.0 Overall/secret share/0.2.0 External Research/CMCSA Model.xlsx	ok	0	0			1883	
Career/CNBCU/Projects/0.0 Overall/secret share/3.0.0 EBI Overlay Project/Media Rankers FNC 2014.05.20.xlsx	ok	0	0			1321	
Career/CNBCU/Projects/0.0 Overall/secret share/3.0.0 EBI Overlay Project/Media Rankers Pilot - Hispanic Network Viewers - 041114.xlsx	ok	0	0			536	
Career/CNBCU/Projects/1. Converged Media/1.0. Personal Management/FROM EC.xlsx	ok	0	0			1500	
Career/CNBCU/Projects/1. Converged Media/1.0. Personal Management/TO EC.xlsx	ok	0	0			1619	
Career/CNBCU/Projects/1. Converged Media/1.1. General Strategy/1.0 Acquisition Documents/Zeebox Model Assumptions.xlsx	ok	4	2	grgNonlinear,grgNonlinear		2366	
Career/CNBCU/Projects/1. Converged Media/1.1. General Strategy/1.3 Competitive Postioning/Second Screen Comparison 1.2.xlsx	ok	2	1	grgNonlinear		1724	
Career/CNBCU/Projects/1. Converged Media/1.1. General Strategy/1.3 Competitive Postioning/Stock Chart.xlsx	ok	0	0			108	
Career/CNBCU/Projects/1. Converged Media/1.2. Internal Buy-In/2.1 Promo Impact/Promo Impact Workbook 2.0.xlsx	ok	68	2	grgNonlinear,grgNonlinear	1,4	244	
Career/CNBCU/Projects/1. Converged Media/1.2. Internal Buy-In/2.1 Promo Impact/Promo Impact Workbook 3.0.xlsx	ok	68	2	grgNonlinear,grgNonlinear	1,4	3410	
Career/CNBCU/Projects/1. Converged Media/1.2. Internal Buy-In/2.1 Promo Impact/Promo Impact Workbook 4.0.xlsx	ok	68	2	grgNonlinear,grgNonlinear	1,4	1291	
Career/CNBCU/Projects/1. Converged Media/1.2. Internal Buy-In/2.1 Promo Impact/Promo Impact Workbook 4.1.xlsx	ok	68	2	grgNonlinear,grgNonlinear	1,4	1270	
Career/CNBCU/Projects/1. Converged Media/1.2. Internal Buy-In/2.1 Promo Impact/Promo Impact Workbook 4.2.xlsx	ok	68	2	grgNonlinear,grgNonlinear	1,4	1275	
Career/CNBCU/Projects/1. Converged Media/1.2. Internal Buy-In/2.1 Promo Impact/Promo Impact Workbook 4.3.xlsx	ok	68	2	grgNonlinear,grgNonlinear	1,4	5946	
Career/CNBCU/Projects/1. Converged Media/1.2. Internal Buy-In/2.1 Promo Impact/Sample Stats.xlsx	ok	0	0			1344	
Career/CNBCU/Projects/1. Converged Media/1.2. Internal Buy-In/2.1 Promo Impact/Sample Stats_LVK (Autosaved).xlsx	ok	198	4	grgNonlinear,grgNonlinear,grgNonlinear,grgNonlinear	1,4	185	
Career/CNBCU/Projects/1. Converged Media/1.2. Internal Buy-In/2.1 Promo Impact/Sample Stats_LVK.xlsx	ok	68	2	grgNonlinear,grgNonlinear	1,5	14	
Career/CNBCU/Projects/1. Converged Media/1.2. Internal Buy-In/2.1 Promo Impact/Zeebox Focus Show List.xlsx	ok	0	0			9	
Career/CNBCU/Projects/1. Converged Media/1.2. Internal Buy-In/2.1 Promo Impact/indirect-address test.xlsx	ok	0	0			1397	
Career/CNBCU/Projects/1. Converged Media/1.2. Internal Buy-In/2.1 Promo Impact/test.xlsx	ok	0	0			1259	
Career/CNBCU/Projects/1. Converged Media/1.2. Internal Buy-In/2.2 Business Intelligence/Analytics/Zeebox Business Intelligence Data.xlsx	ok	0	0			65	
Career/CNBCU/Projects/1. Converged Media/1.2. Internal Buy-In/2.2 Business Intelligence/Network Intelligence.xlsx	ok	2	1	grgNonlinear		16	
Career/CNBCU/Projects/1. Converged Media/1.2. Internal Buy-In/2.2 Business Intelligence/Viewer Benefits Matching report (Zeebox)-linked.xlsx	ok	0	0			1382	
Career/CNBCU/Projects/1. Converged Media/1.2. Internal Buy-In/2.2 Business Intelligence/Viewer Benefits Matching report (Zeebox)-linkedv1.1.xlsx	ok	33	1	grgNonlinear	3,5	1367	
Career/CNBCU/Projects/1. Converged Media/1.2. Internal Buy-In/2.2 Business Intelligence/Viewer Benefits Matching report (Zeebox).xlsx	ok	0	0			7674	
Career/CNBCU/Projects/1. Converged Media/1.2. Internal Buy-In/2.3 Insight Decks/2.3.1 Meet the Press - Shell/Insight Deck Data - Zeetags.xlsx	ok	2	1	grgNonlinear		1505	
Career/CNBCU/Projects/1. Converged Media/1.2. Internal Buy-In/2.3 Insight Decks/2.3.1 Meet the Press - Shell/Insight Deck Data.xlsx	ok	0	0			1160	
Career/CNBCU/Projects/1. Converged Media/1.2. Internal Buy-In/2.3 Insight Decks/2.3.2 Mad Money/Mad Money Engagement Report Data.xlsx	ok	2	1	grgNonlinear		1472	
Career/CNBCU/Projects/1. Converged Media/1.2. Internal Buy-In/2.3 Insight Decks/NBCE Show Performance.xlsx	ok	0	0			2	
Career/CNBCU/Projects/1. Converged Media/1.2. Internal Buy-In/2.6 Zeebox Insights/Raw Data.xlsx	ok	3	1	grgNonlinear		394	
Career/CNBCU/Projects/1. Converged Media/1.3. Community Building/3.1 Hosted Shows/Data/Agents of Shield/S01E01 - Pilot.xlsx	ok	0	0			17	
Career/CNBCU/Projects/1. Converged Media/1.3. Community Building/3.1 Hosted Shows/Data/Budget.xlsx	ok	0	0			1276	
Career/CNBCU/Projects/1. Converged Media/1.3. Community Building/3.1 Hosted Shows/Data/Data Tracker.xlsx	ok	2	1	grgNonlinear		1944	
Career/CNBCU/Projects/1. Converged Media/1.3. Community Building/3.1 Hosted Shows/Data/comcast nbcu room experiment metrics.xlsx	ok	0	0			1283	
Career/CNBCU/Projects/1. Converged Media/1.3. Community Building/3.1 Hosted Shows/Fall Schedule.xlsx	ok	2	1	grgNonlinear		1453	
Career/CNBCU/Projects/1. Converged Media/1.3. Community Building/3.1 Hosted Shows/Host Submissions.xlsx	ok	2	1	grgNonlinear		5	
Career/CNBCU/Projects/1. Converged Media/1.3. Community Building/3.1 Hosted Shows/Project Contextualizer.xlsx	ok	0	0			7	
Career/CNBCU/Projects/1. Converged Media/1.3. Community Building/3.1 Hosted Shows/Twitter List.xlsx	ok	2	1	grgNonlinear		370	
Career/CNBCU/Projects/1. Converged Media/1.3. Community Building/3.1 Hosted Shows/Zeebox Hosting Model.xlsx	ok	2	1	grgNonlinear		57	
Career/CNBCU/Projects/1. Converged Media/1.4. StoryLabs/Download Pages/Overall Comparison Table.xlsx	ok	0	0			3	
Career/CNBCU/Projects/1. Converged Media/1.4. StoryLabs/Film Slate.xlsx	ok	0	0			3	
Career/CNBCU/Projects/1. Converged Media/1.4. StoryLabs/ePub model.xlsx	ok	36	1	simplexLP	1,3,5	1540	
Career/CNBCU/Projects/1. Converged Media/1.4. StoryLabs/model.xlsx	ok	2	1	grgNonlinear		3	
Career/CNBCU/Projects/1. Converged Media/1.5 Google Glass/Component Estimate Breakdown - Google Glass.xlsx	ok	16	1	grgNonlinear		1241	
Career/CNBCU/Projects/1. Converged Media/1.5 Google Glass/Project Model 2.0.xlsx	ok	132	2	grgNonlinear,grgNonlinear	1	1348	
Career/CNBCU/Projects/1. Converged Media/1.5 Google Glass/Project Model 2.1.xlsx	ok	190	3	grgNonlinear,grgNonlinear,grgNonlinear	1	73	
Career/CNBCU/Projects/1. Converged Media/1.5 Google Glass/Project Model 2.2.xlsx	ok	190	3	grgNonlinear,grgNonlinear,grgNonlinear	1	86	
Career/CNBCU/Projects/1. Converged Media/1.5 Google Glass/Project Model 2.3.xlsx	ok	248	4	grgNonlinear,grgNonlinear,grgNonlinear,grgNonlinear	1	108	
Career/CNBCU/Projects/1. Converged Media/1.5 Google Glass/Project Model.xlsx	ok	132	2	grgNonlinear,grgNonlinear	1,3	25	
Career/CNBCU/Projects/2. xfinity.com/0. Administrative/0.0 On Boarding/Purnell, Justin - Employee Contractor Onboarding Form.xlsx	ok	0	0			3	
Career/CNBCU/Projects/2. xfinity.com/0. Administrative/0.0 On Boarding/Purnell_J - MBA RLP Performance Scorecard_template.xlsx	ok	0	0			1226	
Career/CNBCU/Projects/2. xfinity.com/0. Administrative/1.0 Budgeting/2013 DMA DATA + 2014 MASTER.xlsx	ok	0	0			1014	
Career/CNBCU/Projects/2. xfinity.com/0. Administrative/1.0 Budgeting/2013 results.xlsx	ok	0	0			2889	
Career/CNBCU/Projects/2. xfinity.com/0. Administrative/1.0 Budgeting/2014 DIGITAL SALES BUDGETv1.xlsx	ok	0	0			1471	
Career/CNBCU/Projects/2. xfinity.com/0. Administrative/1.0 Budgeting/2014_6_20 Comcast Paid Weekly Report.xlsx	ok	0	0			1733	
Career/CNBCU/Projects/2. xfinity.com/0. Administrative/1.0 Budgeting/2015 Acquisition Targets.xlsx	ok	0	0			1593	
Career/CNBCU/Projects/2. xfinity.com/0. Administrative/1.0 Budgeting/2015 Budget Workbook 0.9.xlsx	ok	89	25	grgNonlinear,grgNonlinear,grgNonlinear,grgNonlinear,grgNonlinear,grgNonlinear,grgNonlinear,grgNonlinear,grgNonlinear,grgNonlinear,grgNonlinear,grgNonlinear,grgNonlinear,grgNonlinear,grgNonlinear,grgNonlinear,grgNonlinear,grgNonlinear,grgNonlinear,grgNonlinear,grgNonlinear,grgNonlinear,grgNonlinear,grgNonlinear,grgNonlinear	1,3	9331	
Career/CNBCU/Projects/2. xfinity.com/0. Administrative/1.0 Budgeting/2015 Budget Workbook 1.0.xlsx	ok	90	26	grgNonlinear,grgNonlinear,grgNonlinear,grgNonlinear,grgNonlinear,grgNonlinear,grgNonlinear,grgNonlinear,grgNonlinear,grgNonlinear,grgNonlinear,grgNonlinear,grgNonlinear,grgNonlinear,grgNonlinear,grgNonlinear,grgNonlinear,grgNonlinear,grgNonlinear,grgNonlinear,grgNonlinear,grgNonlinear,grgNonlinear,grgNonlinear,grgNonlinear,grgNonlinear	1,3	6878	
Career/CNBCU/Projects/2. xfinity.com/0. Administrative/1.0 Budgeting/2015fcst_052914.xlsx	ok	26	1	grgNonlinear	1,3	174	
Career/CNBCU/Projects/2. xfinity.com/0. Administrative/1.0 Budgeting/2015fcst_061714_scenarios.xlsx	ok	26	1	grgNonlinear	1,3	165	
Career/CNBCU/Projects/2. xfinity.com/0. Administrative/1.0 Budgeting/2015fcst_062314_scenarios_newOrganic+Region  Old.xlsx	ok	26	1	grgNonlinear	1,3	130	
Career/CNBCU/Projects/2. xfinity.com/0. Administrative/1.0 Budgeting/2015fcst_062314_scenarios_newOrganic+Region.xlsx	ok	28	3	grgNonlinear,grgNonlinear,grgNonlinear	1,3	136	
Career/CNBCU/Projects/2. xfinity.com/0. Administrative/1.0 Budgeting/Budget_Savings_Connects_Est_20140423.xlsx	ok	251	11	grgNonlinear,grgNonlinear,grgNonlinear,grgNonlinear,grgNonlinear,grgNonlinear,grgNonlinear,grgNonlinear,grgNonlinear,grgNonlinear,grgNonlinear	1	6293	
Career/CNBCU/Projects/2. xfinity.com/0. Administrative/1.0 Budgeting/Budgwet Sales.xlsx	ok	2	1	grgNonlinear		5651	
Career/CNBCU/Projects/2. xfinity.com/0. Administrative/1.0 Budgeting/CTC Playbook-Optimization4 21(2).xlsx	ok	81	7	grgNonlinear,grgNonlinear,grgNonlinear,grgNonlinear,grgNonlinear,grgNonlinear,simplexLP	1,2	80	
Career/CNBCU/Projects/2. xfinity.com/0. Administrative/1.0 Budgeting/Comcast_2014_BudgetTemplate_MB_121913.xlsx	ok	0	0			2019	
Career/CNBCU/Projects/2. xfinity.com/0. Administrative/1.0 Budgeting/Comcast_Historic_Geo_Data.xlsx	ok	0	0			3511	
Career/CNBCU/Projects/2. xfinity.com/0. Administrative/1.0 Budgeting/Digital Sales Budget 2.0.xlsx	ok	0	0			2384	
Career/CNBCU/Projects/2. xfinity.com/0. Administrative/1.0 Budgeting/Digital Sales Budget 3.0.xlsx	ok	3	1	grgNonlinear		13	
Career/CNBCU/Projects/2. xfinity.com/0. Administrative/1.0 Budgeting/Dot Com YTD Performance Report 6 20.xlsx	ok	0	0			2825	
Career/CNBCU/Projects/2. xfinity.com/0. Administrative/1.0 Budgeting/Dotcom 2014 roadmap - Acquisition v.1.xlsx	ok	2	1	grgNonlinear		5219	
Career/CNBCU/Projects/2. xfinity.com/0. Administrative/1.0 Budgeting/Dotcom 2014 roadmap - Acquisition v.2.xlsx	ok	2	1	grgNonlinear		8227	
Career/CNBCU/Projects/2. xfinity.com/0. Administrative/1.0 Budgeting/Dotcom 2014 roadmap.xlsx	ok	0	0			12214	
Career/CNBCU/Projects/2. xfinity.com/0. Administrative/1.0 Budgeting/Estimated Paid Search Targets 2015.xlsx	ok	3	1	grgNonlinear		833	
Career/CNBCU/Projects/2. xfinity.com/0. Administrative/1.0 Budgeting/Historical Funnel Data.xlsx	ok	1	1	grgNonlinear		8696	
Career/CNBCU/Projects/2. xfinity.com/0. Administrative/1.0 Budgeting/M-Commerce-Click-to-Call(1) (1).xlsx	ok	0	0			91819	
Career/CNBCU/Projects/2. xfinity.com/0. Administrative/1.0 Budgeting/MTD_042014.xlsx	ok	0	0			186	
Career/CNBCU/Projects/2. xfinity.com/0. Administrative/1.0 Budgeting/Mobile CTC Analysis 4.15.14.xlsx	ok	0	0			9	
Career/CNBCU/Projects/2. xfinity.com/0. Administrative/1.0 Budgeting/Regional Paid KPIs.xlsx	ok	1	1	grgNonlinear		5065	
Career/CNBCU/Projects/2. xfinity.com/0. Administrative/1.0 Budgeting/Small Group Budget.xlsx	ok	0	0			3	
Career/CNBCU/Projects/2. xfinity.com/0. Administrative/1.0 Budgeting/TLK COMBINED NEWREPORT 2014 (Autosaved).xlsx	ok	0	0			30005	
Career/CNBCU/Projects/2. xfinity.com/0. Administrative/1.0 Budgeting/Waterfall Chart.xlsx	ok	0	0			1691	
Career/CNBCU/Projects/2. xfinity.com/0. Administrative/1.0 Budgeting/book1.xlsx	ok	0	0			2261	
Career/CNBCU/Projects/2. xfinity.com/0. Administrative/1.0 Budgeting/budget 5_1 cg.xlsx	ok	0	0			5482	
Career/CNBCU/Projects/2. xfinity.com/0. Administrative/1.0 Budgeting/budget 6_2 josie.xlsx	ok	0	0			3270	
Career/CNBCU/Projects/2. xfinity.com/0. Administrative/1.0 Budgeting/com Budget.xlsx	ok	2	1	grgNonlinear		1665	
Career/CNBCU/Projects/2. xfinity.com/0. Administrative/1.0 Budgeting/historicalgeodata.xlsx	ok	0	0			36299	
Career/CNBCU/Projects/2. xfinity.com/0. Administrative/1.0 Budgeting/sensitivity&trends_062714.xlsx	ok	0	0			26	
Career/CNBCU/Projects/2. xfinity.com/0. Administrative/2.0 Playbooks/Mongoose/Comcast Login Credentials.xlsx	ok	0	0			1	
Career/CNBCU/Projects/2. xfinity.com/0.1 Ad Hoc/0.0.1 NED/Paid Search Orders, Weekly.xlsx	ok	1	1	grgNonlinear		169	
Career/CNBCU/Projects/2. xfinity.com/0.1 Ad Hoc/0.0.3 West/Traffic and stuff.xlsx	ok	1	1	grgNonlinear		1122	
Career/CNBCU/Projects/2. xfinity.com/0.1 Ad Hoc/0.1.0 Omniture Cleanup/Existing Dashboards.xlsx	ok	0	0			7	
Career/CNBCU/Projects/2. xfinity.com/0.1 Ad Hoc/0.11.0 Attribution/1.0 Adometry/Comcast_URL structures_Adometry Attribution (3).xlsx	ok	0	0			22	
Career/CNBCU/Projects/2. xfinity.com/0.1 Ad Hoc/0.12.0 Central Mobile Bounce/Central Orders by Line.xlsx	ok	0	0			12084	
Career/CNBCU/Projects/2. xfinity.com/0.1 Ad Hoc/0.13.0 DSL Focus/Competitor 'Bombing' Approach Estimates.xlsx	ok	5	3	grgNonlinear,grgNonlinear,grgNonlinear		28	
Career/CNBCU/Projects/2. xfinity.com/0.1 Ad Hoc/0.13.0 DSL Focus/Decision Tree.xlsx	ok	45	5	grgNonlinear,grgNonlinear,grgNonlinear,grgNonlinear,grgNonlinear		3232	
Career/CNBCU/Projects/2. xfinity.com/0.1 Ad Hoc/0.14.0 Landing Pages/0.14.0 Landing Pages.xlsx	ok	2	1	grgNonlinear		2	
Career/CNBCU/Projects/2. xfinity.com/0.1 Ad Hoc/0.14.0 Landing Pages/Active Landing Pages 3.20.14.xlsx	ok	0	0			3	
Career/CNBCU/Projects/2. xfinity.com/0.1 Ad Hoc/0.14.0 Landing Pages/Landing Page Name Builder.xlsx	ok	0	0			2	
Career/CNBCU/Projects/2. xfinity.com/0.1 Ad Hoc/0.15.0 Greg Meeting/Comcast Divisional OCE Engine - 2014 02 _ 20140319.xlsx	ok	0	0			6611	
Career/CNBCU/Projects/2. xfinity.com/0.1 Ad Hoc/0.15.0 Greg Meeting/Comcast OCE-eCare Performance Engine - 2014 02 _ 20140317.xlsx	ok	0	0			2292	
Career/CNBCU/Projects/2. xfinity.com/0.1 Ad Hoc/0.15.0 Greg Meeting/Funnel Forecast Workbook.xlsx	ok	195	3	grgNonlinear,grgNonlinear,simplexLP	1,3	193	
Career/CNBCU/Projects/2. xfinity.com/0.1 Ad Hoc/0.15.0 Greg Meeting/Funnel Worksheet.xlsx	ok	0	0			5054	
Career/CNBCU/Projects/2. xfinity.com/0.1 Ad Hoc/0.15.0 Greg Meeting/Q1 West Top 10 Brand vs Nonbrand KWs.xlsx	ok	0	0			6628	
Career/CNBCU/Projects/2. xfinity.com/0.1 Ad Hoc/0.15.0 Greg Meeting/Q2 Initiatives.xlsx	ok	0	0			5980	
Career/CNBCU/Projects/2. xfinity.com/0.1 Ad Hoc/0.15.0 Greg Meeting/Q2 Reforecast - Sensitized.xlsx	ok	0	0			37	
Career/CNBCU/Projects/2. xfinity.com/0.1 Ad Hoc/0.15.0 Greg Meeting/West - Q4-Q1 - Performance by Product Type DEA Analysis.xlsx	ok	62	2	grgNonlinear,grgNonlinear	1,2	2295	
Career/CNBCU/Projects/2. xfinity.com/0.1 Ad Hoc/0.18.0 Affiliate Discussion/West Performance  - Position Protected and Blocked w Multiplier.xlsx	ok	0	0			12	
Career/CNBCU/Projects/2. xfinity.com/0.1 Ad Hoc/0.2.0 Traffic Down/Visits Report for Comcast.com Production Jan-Jun.xlsx	ok	0	0			39	
Career/CNBCU/Projects/2. xfinity.com/0.1 Ad Hoc/0.2.0 Traffic Down/Visits Report for Comcast.com Production.xlsx	ok	0	0			86	
Career/CNBCU/Projects/2. xfinity.com/0.1 Ad Hoc/0.2.1 Quarter 35k/2Q Levers.xlsx	ok	0	0			2090	
Career/CNBCU/Projects/2. xfinity.com/0.1 Ad Hoc/0.2.1 Quarter 35k/Ideas.xlsx	ok	0	0			2184	
Career/CNBCU/Projects/2. xfinity.com/0.1 Ad Hoc/0.2.2 Connects vs Plan/Connects vs Plan.xlsx	ok	0	0			120	
Career/CNBCU/Projects/2. xfinity.com/0.1 Ad Hoc/0.20.0 CLV Incorporation/CLV by Region, Product Mix.xlsx	ok	0	0			8	
Career/CNBCU/Projects/2. xfinity.com/0.1 Ad Hoc/0.20.0 CLV Incorporation/Jan - March 2014 Account.Keyword.xlsx	ok	0	0			3361	
Career/CNBCU/Projects/2. xfinity.com/0.1 Ad Hoc/0.20.0 CLV Incorporation/Keyword Top 100 Profitability_v2.xlsx	ok	0	0			43	
Career/CNBCU/Projects/2. xfinity.com/0.1 Ad Hoc/0.20.0 CLV Incorporation/Keyword Top 100 Profitability_v3.xlsx	ok	1	1	grgNonlinear		1826	
Career/CNBCU/Projects/2. xfinity.com/0.1 Ad Hoc/0.20.0 CLV Incorporation/Rosetta (ADM) Data Dictionary.xlsx	ok	0	0			488	
Career/CNBCU/Projects/2. xfinity.com/0.1 Ad Hoc/0.20.0 CLV Incorporation/Rosetta (ADM) Models and Scores.xlsx	ok	0	0			10998	
Career/CNBCU/Projects/2. xfinity.com/0.1 Ad Hoc/0.23.0 Display Grab/Display vs Paid Performance Excel 2.0.xlsx	ok	35	32	grgNonlinear,grgNonlinear,grgNonlinear,grgNonlinear,grgNonlinear,grgNonlinear,grgNonlinear,grgNonlinear,grgNonlinear,grgNonlinear,grgNonlinear,grgNonlinear,grgNonlinear,grgNonlinear,grgNonlinear,grgNonlinear,grgNonlinear,grgNonlinear,grgNonlinear,grgNonlinear,grgNonlinear,grgNonlinear,grgNonlinear,grgNonlinear,grgNonlinear,grgNonlinear,grgNonlinear,grgNonlinear,grgNonlinear,grgNonlinear,grgNonlinear,grgNonlinear		17167	
Career/CNBCU/Projects/2. xfinity.com/0.1 Ad Hoc/0.23.0 Display Grab/Display vs Paid Performance Excel.xlsx	ok	34	31	grgNonlinear,grgNonlinear,grgNonlinear,grgNonlinear,grgNonlinear,grgNonlinear,grgNonlinear,grgNonlinear,grgNonlinear,grgNonlinear,grgNonlinear,grgNonlinear,grgNonlinear,grgNonlinear,grgNonlinear,grgNonlinear,grgNonlinear,grgNonlinear,grgNonlinear,grgNonlinear,grgNonlinear,grgNonlinear,grgNonlinear,grgNonlinear,grgNonlinear,grgNonlinear,grgNonlinear,grgNonlinear,grgNonlinear,grgNonlinear,grgNonlinear		18124	
Career/CNBCU/Projects/2. xfinity.com/0.1 Ad Hoc/0.23.0 Display Grab/Historical Data.xlsx	ok	0	0			453	
Career/CNBCU/Projects/2. xfinity.com/0.1 Ad Hoc/0.23.0 Display Grab/Vendor Spend Trend 2012-2014.xlsx	ok	0	0			66	
Career/CNBCU/Projects/2. xfinity.com/0.1 Ad Hoc/0.25.0 Q4 Media Summit/Funnel Explanation.xlsx	ok	0	0			1418	
Career/CNBCU/Projects/2. xfinity.com/0.1 Ad Hoc/0.25.0 Q4 Media Summit/Q4 Media Summit Agenda.xlsx	ok	0	0			7	
Career/CNBCU/Projects/2. xfinity.com/0.1 Ad Hoc/0.28.0 Goals/Goals Template - Becky.xlsx	ok	0	0			1340	
Career/CNBCU/Projects/2. xfinity.com/0.1 Ad Hoc/0.28.0 Goals/Goals Template - Meg.xlsx	ok	0	0			1653	
Career/CNBCU/Projects/2. xfinity.com/0.1 Ad Hoc/0.28.0 Goals/Goals Template 2.0.xlsx	ok	4	2	grgNonlinear,grgNonlinear		14	
Career/CNBCU/Projects/2. xfinity.com/0.1 Ad Hoc/0.28.0 Goals/Goals Template CV edits.xlsx	ok	0	0			1838	
Career/CNBCU/Projects/2. xfinity.com/0.1 Ad Hoc/0.28.0 Goals/Goals Template.xlsx	ok	0	0			12	
Career/CNBCU/Projects/2. xfinity.com/0.1 Ad Hoc/0.3.0 Connect Rate Drop/Connect Rate Data v2.xlsx	ok	2	1	grgNonlinear		894	
Career/CNBCU/Projects/2. xfinity.com/0.1 Ad Hoc/0.3.0 Connect Rate Drop/Connect Rate Data.xlsx	ok	2	1	grgNonlinear		874	
Career/CNBCU/Projects/2. xfinity.com/0.1 Ad Hoc/0.3.0 Connect Rate Drop/Order v Connect Leakage - Dot Com to other channels/Order v Connect Leakage 2013 - Dot Com to other channels.xlsx	ok	0	0			9	
Career/CNBCU/Projects/2. xfinity.com/0.1 Ad Hoc/0.3.0 Connect Rate Drop/Order v Connect Leakage - Dot Com to other channels/Order v Connect Leakage 2014 - Dot Com to other channels.xlsx	ok	0	0			201	
Career/CNBCU/Projects/2. xfinity.com/0.1 Ad Hoc/0.3.0 Connect Rate Drop/Order v Connect Leakage - Dot Com to other channels/Orders Data 2013 from Dot Com going to other sales channel.xlsx	ok	0	0			1246	
Career/CNBCU/Projects/2. xfinity.com/0.1 Ad Hoc/0.3.0 Connect Rate Drop/QDP Orders Day by Day for Existing Dec-Mar.xlsx	ok	0	0			565	
Career/CNBCU/Projects/2. xfinity.com/0.1 Ad Hoc/0.3.0 Connect Rate Drop/QDP Orders Not Connected.xlsx	ok	0	0			818	
Career/CNBCU/Projects/2. xfinity.com/0.1 Ad Hoc/0.3.0 Connect Rate Drop/QueryResult.xlsx	ok	0	0			2363	
Career/CNBCU/Projects/2. xfinity.com/0.1 Ad Hoc/0.3.0 Connect Rate Drop/Sales ID Assignments 03-03-14.xlsx	ok	0	0			226	
Career/CNBCU/Projects/2. xfinity.com/0.1 Ad Hoc/0.31.0 Morning Meeting/9am Agenda Form (Responses) (version 1).xlsx	ok	0	0			350	
Career/CNBCU/Projects/2. xfinity.com/0.1 Ad Hoc/0.4.0 Localization Issues/Out of Footprint Visitors.xlsx	ok	0	0			29	
Career/CNBCU/Projects/2. xfinity.com/0.1 Ad Hoc/0.4.0 Localization Issues/Traffic by Region - 2013.09-2014.03.xlsx	ok	0	0			7891	
Career/CNBCU/Projects/2. xfinity.com/0.1 Ad Hoc/0.5.0 Quarterly Strategy/Comcast_2014_BudgetTemplate_MB_122013_calc (Autosaved).xlsx	ok	0	0			2347	
Career/CNBCU/Projects/2. xfinity.com/0.1 Ad Hoc/0.5.0 Quarterly Strategy/Ideal Linear Model.xlsx	ok	298	4	grgNonlinear,grgNonlinear,grgNonlinear,simplexLP	1,3	36	
Career/CNBCU/Projects/2. xfinity.com/0.1 Ad Hoc/0.5.0 Quarterly Strategy/Keyword DEA Analysis.xlsx	ok	239	5	grgNonlinear,grgNonlinear,grgNonlinear,grgNonlinear,grgNonlinear	1,2	991	
Career/CNBCU/Projects/2. xfinity.com/0.1 Ad Hoc/0.5.0 Quarterly Strategy/Linear Model 0.1.xlsx	ok	0	0			1928	
Career/CNBCU/Projects/2. xfinity.com/0.1 Ad Hoc/0.5.0 Quarterly Strategy/Linear Model 0.2.xlsx	ok	80	6	grgNonlinear,grgNonlinear,grgNonlinear,grgNonlinear,grgNonlinear,simplexLP	1,2	2003	
Career/CNBCU/Projects/2. xfinity.com/0.1 Ad Hoc/0.5.0 Quarterly Strategy/Linear Model 0.3.xlsx	ok	80	6	grgNonlinear,grgNonlinear,grgNonlinear,grgNonlinear,grgNonlinear,simplexLP	1,2	2119	
Career/CNBCU/Projects/2. xfinity.com/0.1 Ad Hoc/0.5.0 Quarterly Strategy/More Tactics.xlsx	ok	0	0			1412	
Career/CNBCU/Projects/2. xfinity.com/0.1 Ad Hoc/0.5.0 Quarterly Strategy/Quarterly Planning Agenda.xlsx	ok	0	0			1883	
Career/CNBCU/Projects/2. xfinity.com/0.1 Ad Hoc/0.5.0 Quarterly Strategy/Quarterly Strategy 2.0.xlsx	ok	187	4	grgNonlinear,grgNonlinear,grgNonlinear,grgNonlinear	1,3	74	
Career/CNBCU/Projects/2. xfinity.com/0.1 Ad Hoc/0.5.0 Quarterly Strategy/Quarterly Strategy 2.1.xlsx	ok	199	4	grgNonlinear,grgNonlinear,grgNonlinear,simplexLP	1,3	3422	
Career/CNBCU/Projects/2. xfinity.com/0.1 Ad Hoc/0.5.0 Quarterly Strategy/Quarterly Strategy 2.2.xlsx	ok	213	4	grgNonlinear,grgNonlinear,grgNonlinear,simplexLP	1,3,5	3338	
Career/CNBCU/Projects/2. xfinity.com/0.1 Ad Hoc/0.5.0 Quarterly Strategy/Quarterly Strategy.xlsx	ok	119	3	grgNonlinear,grgNonlinear,grgNonlinear	1,3	76	
Career/CNBCU/Projects/2. xfinity.com/0.1 Ad Hoc/0.6.0 Site Localization Tests/DOTCOM_Test Addresses.xlsx	ok	0	0			17465	
Career/CNBCU/Projects/2. xfinity.com/0.1 Ad Hoc/0.7.0 Page Experience Tests/Learn vs  Landing Page Analysis.xlsx	ok	0	0			1740	
Career/CNBCU/Projects/2. xfinity.com/0.1 Ad Hoc/0.7.0 Page Experience Tests/Learn vs. Landing Page.xlsx	ok	0	0			71	
Career/CNBCU/Projects/2. xfinity.com/0.1 Ad Hoc/0.8.0 HSD Only Micro Conversion Rate/HSD Only Micro Conversion Rate.xlsx	ok	0	0			2094	
Career/CNBCU/Projects/2. xfinity.com/0.1 Ad Hoc/0.9.0 Day of Digital/Day of Digital Agenda.xlsx	ok	0	0			5	
Career/CNBCU/Projects/2. xfinity.com/1. Dashboard/0. Scope and Source Documents/Analytics Meeting  - 20140109.xlsx	ok	0	0			1269	
Career/CNBCU/Projects/2. xfinity.com/1. Dashboard/0. Scope and Source Documents/Analytics Reference Sheet.xlsx	ok	0	0			5	
Career/CNBCU/Projects/2. xfinity.com/1. Dashboard/0. Scope and Source Documents/ChartMaker Template.xlsx	ok	0	0			274	
Career/CNBCU/Projects/2. xfinity.com/1. Dashboard/0. Scope and Source Documents/Dashboard US 2013-28.xlsx	ok	0	0			9385	
Career/CNBCU/Projects/2. xfinity.com/1. Dashboard/0. Scope and Source Documents/KPIs.xlsx	ok	0	0			2	
Career/CNBCU/Projects/2. xfinity.com/1. Dashboard/0. Scope and Source Documents/March Actual Orders vs Targeted orders  aggregate trend v3.xlsx	ok	0	0			5493	
Career/CNBCU/Projects/2. xfinity.com/1. Dashboard/0. Scope and Source Documents/Marin Feed Test.xlsx	ok	1	1	grgNonlinear		2972	
Career/CNBCU/Projects/2. xfinity.com/1. Dashboard/0. Scope and Source Documents/Marin Integration Test.xlsx	ok	0	0			388	
Career/CNBCU/Projects/2. xfinity.com/1. Dashboard/0. Scope and Source Documents/Potential AdHoc Output.xlsx	ok	0	0			186	
Career/CNBCU/Projects/2. xfinity.com/1. Dashboard/1. Marketing Funnels/1.1 Data Files/Display omniture backfill.xlsx	ok	0	0			26	
Career/CNBCU/Projects/2. xfinity.com/1. Dashboard/1. Marketing Funnels/1.1 Data Files/Impaqt/2014_2_07 Comcast Paid Weekly Report.xlsx	ok	0	0			1657	
Career/CNBCU/Projects/2. xfinity.com/1. Dashboard/1. Marketing Funnels/1.1 Data Files/Impaqt/Copy of 2014_6_27 Comcast Paid Weekly Report.xlsx	ok	0	0			1648	
Career/CNBCU/Projects/2. xfinity.com/1. Dashboard/1. Marketing Funnels/1.1 Data Files/Impaqt/Copy of Divisional Metrics 20140711.xlsx	ok	0	0			3	
Career/CNBCU/Projects/2. xfinity.com/1. Dashboard/1. Marketing Funnels/1.1 Data Files/Impaqt/Division_Metrics_20140207-1.xlsx	ok	0	0			1301	
Career/CNBCU/Projects/2. xfinity.com/1. Dashboard/1. Marketing Funnels/1.1 Data Files/Impaqt/Division_Metrics_20140207.xlsx	ok	0	0			7	
Career/CNBCU/Projects/2. xfinity.com/1. Dashboard/1. Marketing Funnels/1.1 Data Files/Impaqt/Divisional Automated Reports for Justin's Dashboard.xlsx	ok	2	2	grgNonlinear,grgNonlinear		725	
Career/CNBCU/Projects/2. xfinity.com/1. Dashboard/1. Marketing Funnels/1.1 Data Files/Impaqt/Divisional Metrics 20140228.xlsx	ok	0	0			3	
Career/CNBCU/Projects/2. xfinity.com/1. Dashboard/1. Marketing Funnels/1.1 Data Files/Impaqt/Divisional Metrics 20140404.xlsx	ok	0	0			3	
Career/CNBCU/Projects/2. xfinity.com/1. Dashboard/1. Marketing Funnels/1.1 Data Files/Impaqt/Divisional Metrics 20140418.xlsx	ok	0	0			1429	
Career/CNBCU/Projects/2. xfinity.com/1. Dashboard/1. Marketing Funnels/1.1 Data Files/Impaqt/Divisional Metrics 20140425.xlsx	ok	2	1	grgNonlinear		7	
Career/CNBCU/Projects/2. xfinity.com/1. Dashboard/1. Marketing Funnels/1.1 Data Files/Impaqt/Divisional Metrics 20140509.xlsx	ok	0	0			5	
Career/CNBCU/Projects/2. xfinity.com/1. Dashboard/1. Marketing Funnels/1.1 Data Files/Impaqt/Divisional Metrics 20140516.xlsx	ok	0	0			3	
Career/CNBCU/Projects/2. xfinity.com/1. Dashboard/1. Marketing Funnels/1.1 Data Files/Impaqt/Divisional Metrics 20140606.xlsx	ok	0	0			3	
Career/CNBCU/Projects/2. xfinity.com/1. Dashboard/1. Marketing Funnels/1.1 Data Files/Impaqt/Divisional Metrics 20140704.xlsx	ok	0	0			4	
Career/CNBCU/Projects/2. xfinity.com/1. Dashboard/1. Marketing Funnels/1.1 Data Files/Impaqt/Divisional Metrics 20140718.xlsx	ok	0	0			1216	
Career/CNBCU/Projects/2. xfinity.com/1. Dashboard/1. Marketing Funnels/1.1 Data Files/Impaqt/Divisional Metrics 20140725.xlsx	ok	0	0			1339	
Career/CNBCU/Projects/2. xfinity.com/1. Dashboard/1. Marketing Funnels/1.1 Data Files/Impaqt/Divisional Metrics 20140801.xlsx	ok	0	0			5	
Career/CNBCU/Projects/2. xfinity.com/1. Dashboard/1. Marketing Funnels/1.1 Data Files/Impaqt/Divisional Metrics 20140808.xlsx	ok	0	0			4	
Career/CNBCU/Projects/2. xfinity.com/1. Dashboard/1. Marketing Funnels/1.1 Data Files/Impaqt/Divisional Metrics 20140815.xlsx	ok	0	0			3	
Career/CNBCU/Projects/2. xfinity.com/1. Dashboard/1. Marketing Funnels/1.1 Data Files/Impaqt/Divisional Metrics 20140822.xlsx	ok	0	0			2	
Career/CNBCU/Projects/2. xfinity.com/1. Dashboard/1. Marketing Funnels/1.1 Data Files/Impaqt/Divisional Metrics 20140829.xlsx	ok	0	0			3	
Career/CNBCU/Projects/2. xfinity.com/1. Dashboard/1. Marketing Funnels/1.1 Data Files/Impaqt/Divisional Metrics 2014091926.xlsx	ok	0	0			3	
Career/CNBCU/Projects/2. xfinity.com/1. Dashboard/1. Marketing Funnels/1.1 Data Files/Impaqt/Divisional Metrics 20141003.xlsx	ok	0	0			2	
Career/CNBCU/Projects/2. xfinity.com/1. Dashboard/1. Marketing Funnels/1.1 Data Files/Impaqt/Divisional Metrics 20141010.xlsx	ok	0	0			2	
Career/CNBCU/Projects/2. xfinity.com/1. Dashboard/1. Marketing Funnels/1.1 Data Files/Impaqt/Divisional Metrics 20141017.xlsx	ok	0	0			3	
Career/CNBCU/Projects/2. xfinity.com/1. Dashboard/1. Marketing Funnels/1.1 Data Files/Impaqt/Divisional Metrics 20141027.xlsx	ok	0	0			3	
Career/CNBCU/Projects/2. xfinity.com/1. Dashboard/1. Marketing Funnels/1.1 Data Files/Impaqt/Divisional Metrics 20141031.xlsx	ok	0	0			3	
Career/CNBCU/Projects/2. xfinity.com/1. Dashboard/1. Marketing Funnels/1.1 Data Files/Impaqt/Divisional Metrics 20141121.xlsx	ok	0	0			1342	
Career/CNBCU/Projects/2. xfinity.com/1. Dashboard/1. Marketing Funnels/1.1 Data Files/Impaqt/Divisional Metrics 20141128.xlsx	ok	0	0			2	
Career/CNBCU/Projects/2. xfinity.com/1. Dashboard/1. Marketing Funnels/1.1 Data Files/Impaqt/Divisional Metrics 2014117.xlsx	ok	0	0			2	
Career/CNBCU/Projects/2. xfinity.com/1. Dashboard/1. Marketing Funnels/1.1 Data Files/Impaqt/Divisional Metrics 20141205.xlsx	ok	0	0			3	
Career/CNBCU/Projects/2. xfinity.com/1. Dashboard/1. Marketing Funnels/1.1 Data Files/Impaqt/Divisional Metrics 20141212.xlsx	ok	0	0			3	
Career/CNBCU/Projects/2. xfinity.com/1. Dashboard/1. Marketing Funnels/1.1 Data Files/Impaqt/Divisional Metrics 5-30-2014.xlsx	ok	0	0			3	
Career/CNBCU/Projects/2. xfinity.com/1. Dashboard/1. Marketing Funnels/1.1 Data Files/Impaqt/Top 5 Keywords 20140207.xlsx	ok	0	0			8	
Career/CNBCU/Projects/2. xfinity.com/1. Dashboard/1. Marketing Funnels/1.1 Data Files/Impaqt/book3.xlsx	ok	0	0			1401	
Career/CNBCU/Projects/2. xfinity.com/1. Dashboard/1. Marketing Funnels/1.1 Data Files/MediaVest/Comcast_DMA_Mapping_FINAL_for_Comcast.xlsx	ok	0	0			19	
Career/CNBCU/Projects/2. xfinity.com/1. Dashboard/1. Marketing Funnels/1.1 Data Files/MediaVest/Copy of MainDivisionData_6 14-6 20.xlsx	ok	0	0			5	
Career/CNBCU/Projects/2. xfinity.com/1. Dashboard/1. Marketing Funnels/1.1 Data Files/MediaVest/Copy of MainDivisionData_7 12-7 18.xlsx	ok	0	0			5	
Career/CNBCU/Projects/2. xfinity.com/1. Dashboard/1. Marketing Funnels/1.1 Data Files/MediaVest/Copy of MainDivisionData_7 19-7 25.xlsx	ok	0	0			5	
Career/CNBCU/Projects/2. xfinity.com/1. Dashboard/1. Marketing Funnels/1.1 Data Files/MediaVest/Copy of MainDivisionData_7 26-8 1.xlsx	ok	0	0			4	
Career/CNBCU/Projects/2. xfinity.com/1. Dashboard/1. Marketing Funnels/1.1 Data Files/MediaVest/Copy of MainDivisionData_7 5-7 11.xlsx	ok	0	0			4	
Career/CNBCU/Projects/2. xfinity.com/1. Dashboard/1. Marketing Funnels/1.1 Data Files/MediaVest/MainDivisionData_1.25-1.31.xlsx	ok	0	0			2	
Career/CNBCU/Projects/2. xfinity.com/1. Dashboard/1. Marketing Funnels/1.1 Data Files/MediaVest/MainDivisionData_10.11-10.17.xlsx	ok	2	1	grgNonlinear		4	
Career/CNBCU/Projects/2. xfinity.com/1. Dashboard/1. Marketing Funnels/1.1 Data Files/MediaVest/MainDivisionData_10.18-10.24.xlsx	ok	0	0			4	
Career/CNBCU/Projects/2. xfinity.com/1. Dashboard/1. Marketing Funnels/1.1 Data Files/MediaVest/MainDivisionData_10.25-10.31.xlsx	ok	0	0			4	
Career/CNBCU/Projects/2. xfinity.com/1. Dashboard/1. Marketing Funnels/1.1 Data Files/MediaVest/MainDivisionData_10.4-10.10.xlsx	ok	0	0			4	
Career/CNBCU/Projects/2. xfinity.com/1. Dashboard/1. Marketing Funnels/1.1 Data Files/MediaVest/MainDivisionData_11.1-11.7.xlsx	ok	0	0			3	
Career/CNBCU/Projects/2. xfinity.com/1. Dashboard/1. Marketing Funnels/1.1 Data Files/MediaVest/MainDivisionData_11.1-11.7_DFA.xlsx	ok	0	0			2	
Career/CNBCU/Projects/2. xfinity.com/1. Dashboard/1. Marketing Funnels/1.1 Data Files/MediaVest/MainDivisionData_11.15-11.21.xlsx	ok	0	0			3	
Career/CNBCU/Projects/2. xfinity.com/1. Dashboard/1. Marketing Funnels/1.1 Data Files/MediaVest/MainDivisionData_11.22-11.28.xlsx	ok	0	0			4	
Career/CNBCU/Projects/2. xfinity.com/1. Dashboard/1. Marketing Funnels/1.1 Data Files/MediaVest/MainDivisionData_11.29-12.5.xlsx	ok	0	0			4	
Career/CNBCU/Projects/2. xfinity.com/1. Dashboard/1. Marketing Funnels/1.1 Data Files/MediaVest/MainDivisionData_11.8-11.14.xlsx	ok	0	0			3	
Career/CNBCU/Projects/2. xfinity.com/1. Dashboard/1. Marketing Funnels/1.1 Data Files/MediaVest/MainDivisionData_12.6-12.12.xlsx	ok	0	0			4	
Career/CNBCU/Projects/2. xfinity.com/1. Dashboard/1. Marketing Funnels/1.1 Data Files/MediaVest/MainDivisionData_12.7-1.3.14.xlsx	ok	0	0			2	
Career/CNBCU/Projects/2. xfinity.com/1. Dashboard/1. Marketing Funnels/1.1 Data Files/MediaVest/MainDivisionData_12.7-12.13.xlsx	ok	0	0			1	
Career/CNBCU/Projects/2. xfinity.com/1. Dashboard/1. Marketing Funnels/1.1 Data Files/MediaVest/MainDivisionData_2.22-2.28.xlsx	ok	0	0			2	
Career/CNBCU/Projects/2. xfinity.com/1. Dashboard/1. Marketing Funnels/1.1 Data Files/MediaVest/MainDivisionData_2.8-2.14.xlsx	ok	0	0			2	
Career/CNBCU/Projects/2. xfinity.com/1. Dashboard/1. Marketing Funnels/1.1 Data Files/MediaVest/MainDivisionData_3.1-3.7.xlsx	ok	0	0			2	
Career/CNBCU/Projects/2. xfinity.com/1. Dashboard/1. Marketing Funnels/1.1 Data Files/MediaVest/MainDivisionData_3.15-3.21.xlsx	ok	0	0			2	
Career/CNBCU/Projects/2. xfinity.com/1. Dashboard/1. Marketing Funnels/1.1 Data Files/MediaVest/MainDivisionData_3.22-3.28.xlsx	ok	0	0			2	
Career/CNBCU/Projects/2. xfinity.com/1. Dashboard/1. Marketing Funnels/1.1 Data Files/MediaVest/MainDivisionData_3.8-3.14.xlsx	ok	0	0			2	
Career/CNBCU/Projects/2. xfinity.com/1. Dashboard/1. Marketing Funnels/1.1 Data Files/MediaVest/MainDivisionData_4.19-4.25.xlsx	ok	0	0			3	
Career/CNBCU/Projects/2. xfinity.com/1. Dashboard/1. Marketing Funnels/1.1 Data Files/MediaVest/MainDivisionData_4.5-4.11.xlsx	ok	0	0			2	
Career/CNBCU/Projects/2. xfinity.com/1. Dashboard/1. Marketing Funnels/1.1 Data Files/MediaVest/MainDivisionData_5.17-5.23.xlsx	ok	0	0			3	
Career/CNBCU/Projects/2. xfinity.com/1. Dashboard/1. Marketing Funnels/1.1 Data Files/MediaVest/MainDivisionData_5.24-5.30.xlsx	ok	0	0			1586	
Career/CNBCU/Projects/2. xfinity.com/1. Dashboard/1. Marketing Funnels/1.1 Data Files/MediaVest/MainDivisionData_5.31-6.6.xlsx	ok	0	0			4	
Career/CNBCU/Projects/2. xfinity.com/1. Dashboard/1. Marketing Funnels/1.1 Data Files/MediaVest/MainDivisionData_6.21-6.27.xlsx	ok	0	0			5	
Career/CNBCU/Projects/2. xfinity.com/1. Dashboard/1. Marketing Funnels/1.1 Data Files/MediaVest/MainDivisionData_8.16-8.22.xlsx	ok	0	0			4	
Career/CNBCU/Projects/2. xfinity.com/1. Dashboard/1. Marketing Funnels/1.1 Data Files/MediaVest/MainDivisionData_8.2-8.8.xlsx	ok	0	0			4	
Career/CNBCU/Projects/2. xfinity.com/1. Dashboard/1. Marketing Funnels/1.1 Data Files/MediaVest/MainDivisionData_8.30-9.5.xlsx	ok	0	0			5	
Career/CNBCU/Projects/2. xfinity.com/1. Dashboard/1. Marketing Funnels/1.1 Data Files/MediaVest/MainDivisionData_8.9-8.15.xlsx	ok	0	0			4	
Career/CNBCU/Projects/2. xfinity.com/1. Dashboard/1. Marketing Funnels/1.1 Data Files/MediaVest/MainDivisionData_9.13-9.19.xlsx	ok	0	0			4	
Career/CNBCU/Projects/2. xfinity.com/1. Dashboard/1. Marketing Funnels/1.1 Data Files/MediaVest/MainDivisionData_9.20-9.26.xlsx	ok	0	0			1281	
Career/CNBCU/Projects/2. xfinity.com/1. Dashboard/1. Marketing Funnels/1.1 Data Files/MediaVest/MainDivisionData_9.27-10.3.xlsx	ok	0	0			4	
Career/CNBCU/Projects/2. xfinity.com/1. Dashboard/1. Marketing Funnels/1.1 Data Files/MediaVest/MainDivisionData_9.6-9.12.xlsx	ok	0	0			4	
Career/CNBCU/Projects/2. xfinity.com/1. Dashboard/1. Marketing Funnels/1.1 Data Files/MediaVest/MainDivisionData_Q3_Q4_&_1.11.14-1.17.14.xlsx	ok	0	0			2	
Career/CNBCU/Projects/2. xfinity.com/1. Dashboard/1. Marketing Funnels/1.1 Data Files/Omniture Backfill Data/2011.12.31 - 2014.02.14.xlsx	ok	0	0			68	
Career/CNBCU/Projects/2. xfinity.com/1. Dashboard/1. Marketing Funnels/1.1 Data Files/Omniture Backfill Data/Display/2011.12.31 - 2012.06.29.xlsx	ok	0	0			1741	
Career/CNBCU/Projects/2. xfinity.com/1. Dashboard/1. Marketing Funnels/1.1 Data Files/Omniture Backfill Data/Display/2012.06.30 - 2012.12.28.xlsx	ok	0	0			1231	
Career/CNBCU/Projects/2. xfinity.com/1. Dashboard/1. Marketing Funnels/1.1 Data Files/Omniture Backfill Data/Display/2012.12.29 - 2013.06.28.xlsx	ok	0	0			1130	
Career/CNBCU/Projects/2. xfinity.com/1. Dashboard/1. Marketing Funnels/1.1 Data Files/Omniture Backfill Data/Display/2013.06.29 - 2013.11.29.xlsx	ok	0	0			31	
Career/CNBCU/Projects/2. xfinity.com/1. Dashboard/1. Marketing Funnels/1.1 Data Files/Omniture Backfill Data/Display/2013.11.30- 2014.02.14.xlsx	ok	0	0			30	
Career/CNBCU/Projects/2. xfinity.com/1. Dashboard/1. Marketing Funnels/1.1 Data Files/Omniture Backfill Data/Display/Display 2011.12.31 - 2014.02.14.xlsx	ok	0	0			1537	
Career/CNBCU/Projects/2. xfinity.com/1. Dashboard/1. Marketing Funnels/1.1 Data Files/Omniture Backfill Data/Paid Search/2011.12.31 - 2012.06.29.xlsx	ok	0	0			1192	
Career/CNBCU/Projects/2. xfinity.com/1. Dashboard/1. Marketing Funnels/1.1 Data Files/Omniture Backfill Data/Paid Search/2012.06.30 - 2012.12.28.xlsx	ok	0	0			37	
Career/CNBCU/Projects/2. xfinity.com/1. Dashboard/1. Marketing Funnels/1.1 Data Files/Omniture Backfill Data/Paid Search/2012.12.29 - 2013.06.28.xlsx	ok	0	0			1318	
Career/CNBCU/Projects/2. xfinity.com/1. Dashboard/1. Marketing Funnels/1.1 Data Files/Omniture Backfill Data/Paid Search/2013.06.29 - 2013.11.29.xlsx	ok	0	0			36	
Career/CNBCU/Projects/2. xfinity.com/1. Dashboard/1. Marketing Funnels/1.1 Data Files/Omniture Backfill Data/Paid Search/2013.11.30- 2014.02.14.xlsx	ok	0	0			36	
Career/CNBCU/Projects/2. xfinity.com/1. Dashboard/1. Marketing Funnels/1.1 Data Files/Omniture Backfill Data/Paid Search/Paid 2011.12.31 - 2014.02.14.xlsx	ok	0	0			1438	
Career/CNBCU/Projects/2. xfinity.com/1. Dashboard/1. Marketing Funnels/1.2 Dashboard Data Versions/25% View Through Digital Sales Channel by Division Dashboard_11 05 2014_Ver 4.xlsx	ok	0	0			5880	
Career/CNBCU/Projects/2. xfinity.com/1. Dashboard/1. Marketing Funnels/1.2 Dashboard Data Versions/Comcast Funnel v.2.2.xlsx	ok	0	0			3917	
Career/CNBCU/Projects/2. xfinity.com/1. Dashboard/1. Marketing Funnels/1.2 Dashboard Data Versions/Comcast Marketing Funnels.xlsx	ok	0	0			2734	
Career/CNBCU/Projects/2. xfinity.com/1. Dashboard/1. Marketing Funnels/1.2 Dashboard Data Versions/Digital Media 3.0.xlsx	ok	6	3	grgNonlinear,grgNonlinear,grgNonlinear		12995	
Career/CNBCU/Projects/2. xfinity.com/1. Dashboard/1. Marketing Funnels/1.2 Dashboard Data Versions/Digital Media 3.1.xlsx	ok	10	5	grgNonlinear,grgNonlinear,grgNonlinear,grgNonlinear,grgNonlinear		11005	
Career/CNBCU/Projects/2. xfinity.com/1. Dashboard/1. Marketing Funnels/1.2 Dashboard Data Versions/Digital Media 3.2.xlsx	ok	10	5	grgNonlinear,grgNonlinear,grgNonlinear,grgNonlinear,grgNonlinear		10413	
Career/CNBCU/Projects/2. xfinity.com/1. Dashboard/1. Marketing Funnels/1.2 Dashboard Data Versions/Digital Media 3.3.xlsx	ok	10	5	grgNonlinear,grgNonlinear,grgNonlinear,grgNonlinear,grgNonlinear		10851	
Career/CNBCU/Projects/2. xfinity.com/1. Dashboard/1. Marketing Funnels/1.2 Dashboard Data Versions/Digital Media 4.0.xlsx	ok	10	5	grgNonlinear,grgNonlinear,grgNonlinear,grgNonlinear,grgNonlinear		18943	
Career/CNBCU/Projects/2. xfinity.com/1. Dashboard/1. Marketing Funnels/1.2 Dashboard Data Versions/Digital Media 4.1.xlsx	ok	10	5	grgNonlinear,grgNonlinear,grgNonlinear,grgNonlinear,grgNonlinear		12456	
Career/CNBCU/Projects/2. xfinity.com/1. Dashboard/1. Marketing Funnels/1.2 Dashboard Data Versions/Digital Media 4.2.xlsx	ok	10	5	grgNonlinear,grgNonlinear,grgNonlinear,grgNonlinear,grgNonlinear		44146	
Career/CNBCU/Projects/2. xfinity.com/1. Dashboard/1. Marketing Funnels/1.2 Dashboard Data Versions/Digital Media 4.3.xlsx	ok	10	5	grgNonlinear,grgNonlinear,grgNonlinear,grgNonlinear,grgNonlinear		13478	
Career/CNBCU/Projects/2. xfinity.com/1. Dashboard/1. Marketing Funnels/1.2 Dashboard Data Versions/Digital Media 4.4.xlsx	ok	10	5	grgNonlinear,grgNonlinear,grgNonlinear,grgNonlinear,grgNonlinear		13423	
Career/CNBCU/Projects/2. xfinity.com/1. Dashboard/1. Marketing Funnels/1.2 Dashboard Data Versions/Digital Media 4.5.xlsx	ok	33	25	grgNonlinear,grgNonlinear,grgNonlinear,grgNonlinear,grgNonlinear,grgNonlinear,grgNonlinear,grgNonlinear,grgNonlinear,grgNonlinear,grgNonlinear,grgNonlinear,grgNonlinear,grgNonlinear,grgNonlinear,grgNonlinear,grgNonlinear,grgNonlinear,grgNonlinear,grgNonlinear,grgNonlinear,grgNonlinear,grgNonlinear,grgNonlinear,grgNonlinear		12948	
Career/CNBCU/Projects/2. xfinity.com/1. Dashboard/1. Marketing Funnels/1.2 Dashboard Data Versions/Digital Media 4.6.1ß.xlsx	transientFailure	0	0			3876284	Error Domain=NSCocoaErrorDomain Code=256 "The file “Digital Media 4.6.1ß.xlsx” couldn’t be opened." UserInfo={NSFilePath=/Users/jpurnell/Documents/Career/CNBCU/Projects/2. xfinity.com/1. Dashboard/1. Marketing Funnels/1.2 Dashboard Data Versions/Digital Media 4.6.1ß.xlsx, NSURL=file:///Users/jpurnell/Documents/Career/CNBCU/Projects/2.%20xfinity.com/1.%20Dashboard/1.%20Marketing%20Funnels/1.2%20Dashboard%20Data%20Versions/Digital%20Media%204.6.1%C3%9F.xlsx, NSUnderlyingError=0x7648920e10 {Error Domain=NSPOSIXErrorDomain Code=4 "Interrupted system call"}}
Career/CNBCU/Projects/2. xfinity.com/1. Dashboard/1. Marketing Funnels/1.2 Dashboard Data Versions/Digital Media 4.6.2ß.xlsx	ok	38	30	grgNonlinear,grgNonlinear,grgNonlinear,grgNonlinear,grgNonlinear,grgNonlinear,grgNonlinear,grgNonlinear,grgNonlinear,grgNonlinear,grgNonlinear,grgNonlinear,grgNonlinear,grgNonlinear,grgNonlinear,grgNonlinear,grgNonlinear,grgNonlinear,grgNonlinear,grgNonlinear,grgNonlinear,grgNonlinear,grgNonlinear,grgNonlinear,grgNonlinear,grgNonlinear,grgNonlinear,grgNonlinear,grgNonlinear,grgNonlinear		8541788	
Academic/Law.edu/Law School.xlsx	ok	0	0			4	
Academic/MIT Micromasters/MITx SC2x/Week 1 Practice Problems/CTL.xlsx	ok	35	1	simplexLP	1,2,3	9	
Academic/MIT Micromasters/MITx SC2x/Week 2 Practice Problems/CTL.SC2x_W2GA_Data_Uniform.xlsx	ok	0	0			2	
Academic/MIT Micromasters/MITx SC2x/Week 2 Practice Problems/CTL.SC2x_W2PP_Data_Temp.xlsx	ok	0	0			1	
Academic/MIT Micromasters/MITx SC2x/Week 2 Practice Problems/Practice Problems - Week 2.xlsx	ok	181	5	grgNonlinear,grgNonlinear,grgNonlinear,grgNonlinear,simplexLP	1,3,5	119	
Academic/MIT Micromasters/MITx SC2x/Week 2 Practice Problems/W2L1_Worksheet.xlsx	ok	129	3	grgNonlinear,simplexLP,simplexLP	1,3,5	90	
Academic/MIT Micromasters/MITx SC2x/Week 2 Practice Problems/W2L2_Worksheet_Final-2.xlsx	ok	56	1	simplexLP	1,2,3,5	2533	
Academic/MIT Micromasters/MITx SC2x/Week 2 Practice Problems/W2PP2_2016_Uniform.xlsx	ok	114	3	grgNonlinear,simplexLP,simplexLP	1,2,5	1453	
Books/Books%20Everyone%20Should%20Read.xlsx	ok	0	0			1635	
Career/Balance Agent/Projects/1.0 Britbox/1.2.0 General Management/1.2.0 Data and Analytics/Analytics Update/ComScore Labels.xlsx	ok	0	0			1677	
Career/Balance Agent/Projects/1.0 Britbox/1.2.0 General Management/1.2.0 Data and Analytics/Schema and APIs/BBC Universal Analytics Schema.xlsx	ok	0	0			2300	
Career/Balance Agent/Projects/1.0 Britbox/1.2.0 General Management/1.2.1 Board Deck/1.2.1.1 Research/1.2.1.1.1 Canadian Behavior/Autobills Can Launch thru April.xlsx	ok	0	0			31248	
Career/Balance Agent/Projects/1.0 Britbox/1.2.0 General Management/1.2.1 Board Deck/1.2.1.1 Research/New US last 6 mos/April Joins.xlsx	ok	0	0			3423	
Career/Balance Agent/Projects/1.0 Britbox/1.2.0 General Management/1.2.1 Board Deck/1.2.1.1 Research/New US last 6 mos/Feb Joins.xlsx	ok	0	0			2888	
Career/Balance Agent/Projects/1.0 Britbox/1.2.0 General Management/1.2.1 Board Deck/1.2.1.1 Research/New US last 6 mos/Mar Joins.xlsx	ok	0	0			3146	
Career/Balance Agent/Projects/1.0 Britbox/1.2.0 General Management/1.2.1 Board Deck/1.2.1.1.2 Data/Amazon Reporting thru 05-17-18.xlsx	ok	0	0			19588	
Career/Balance Agent/Projects/1.0 Britbox/1.2.0 General Management/1.2.1 Board Deck/1.2.1.1.2 Data/Blended Conv % 5.18.xlsx	ok	0	0			1559	
Career/Balance Agent/Projects/1.0 Britbox/1.2.0 General Management/1.2.1 Board Deck/1.2.1.1.2 Data/Board Deck Data.xlsx	ok	0	0			1391	
Career/Balance Agent/Projects/1.0 Britbox/1.2.0 General Management/1.2.1 Board Deck/1.2.1.1.2 Data/BritBox - Daily Numbers - US copy.xlsx	ok	0	0			13036	
Career/Balance Agent/Projects/1.0 Britbox/1.2.0 General Management/1.2.1 Board Deck/1.2.1.1.2 Data/BritBox Data for Baseline Eval (BW7) 5.24.xlsx	ok	0	0			1605	
Career/Balance Agent/Projects/1.0 Britbox/1.2.0 General Management/1.2.1 Board Deck/1.2.1.1.2 Data/Editorial/Viewing by Genre.xlsx	ok	0	0			1452	
Career/Balance Agent/Projects/1.0 Britbox/1.2.0 General Management/1.2.1 Board Deck/1.2.1.1.2 Data/Marketing/DirectAgents April Review.xlsx	ok	0	0			1439	
Career/Balance Agent/Projects/1.0 Britbox/1.2.0 General Management/1.2.1 Board Deck/1.2.1.1.2 Data/Monthly Churn Calc.xlsx	ok	0	0			1460	
Career/Balance Agent/Projects/1.0 Britbox/1.2.0 General Management/1.2.1 Board Deck/1.2.1.1.2 Data/Paid from Free Trial, all Platforms, by country.xlsx	ok	0	0			1372	
Career/Balance Agent/Projects/1.0 Britbox/1.2.0 General Management/1.2.1 Board Deck/1.2.1.1.2 Data/Potential Time Spent Data.xlsx	ok	0	0			7911	
Career/Balance Agent/Projects/1.0 Britbox/1.2.0 General Management/1.2.1 Board Deck/1.2.1.1.2 Data/Spending Growth.xlsx	ok	0	0			1434	
Career/Balance Agent/Projects/1.0 Britbox/1.2.0 General Management/1.2.1 Board Deck/1.2.1.1.2 Data/Subs Model F1 18-19.xlsx	ok	0	0			2991	
Career/Balance Agent/Projects/1.0 Britbox/1.2.0 General Management/1.2.1 Board Deck/1.2.1.1.2 Data/Transaction Data/Canada Analytics 5.3.xlsx	ok	0	0			46385	
Career/Balance Agent/Projects/1.0 Britbox/1.2.0 General Management/1.2.1 Board Deck/1.2.1.1.3 Supporting Decks/Operations/Cancellation Reasons.xlsx	ok	0	0			12123	
Career/Balance Agent/Projects/1.0 Britbox/1.5.0 Customer Service/1.0 Research/1.2 Issue Logs/BritBox_Issues_Cleaned.xlsx	ok	0	0			4761	
Career/Balance Agent/Projects/1.0 Britbox/1.5.0 Customer Service/1.0 Research/1.2 Issue Logs/ReportViewer.xlsx	ok	0	0			3309	
Career/Balance Agent/Projects/1.0 Britbox/1.5.0 Customer Service/1.0 Research/Contact Center Scorecard.xlsx	ok	0	0			1314	
Career/Balance Agent/Projects/1.0 Britbox/1.5.0 Customer Service/2.0 Deck/Customer Service Deck.xlsx	ok	0	0			1255	
Career/Balance Agent/Projects/1.0 Britbox/1.5.0 Customer Service/Contact Center Model.xlsx	ok	0	0			2030	
Career/Balance Agent/Projects/2.0 NBCU OTS/Article Page/Article Page Requirements.xlsx	ok	0	0			1257	
Career/Balance Agent/Projects/3.0 NBCU Content Commerce/1.0 Project Management/1.0.1 Status Documents/Content Commerce Documentation/KWI Documentation/Archive/NBCU Retailer-Brand Feeds_08092018.xlsx	ok	0	0			1635	
Career/Balance Agent/Projects/3.0 NBCU Content Commerce/1.0 Project Management/1.0.1 Status Documents/Content Commerce Documentation/KWI Documentation/KWI - Initial Content/BRAVO/Bravo_Content_Audit.xlsx	ok	0	0			3888	
Career/Balance Agent/Projects/3.0 NBCU Content Commerce/1.0 Project Management/1.0.1 Status Documents/Content Commerce Documentation/KWI Documentation/KWI - Initial Content/GOLF/Golf_Content_Audit.xlsx	ok	0	0			3009	
Career/Balance Agent/Projects/3.0 NBCU Content Commerce/1.0 Project Management/1.5 JIRA Best Practices/QA Plan.xlsx	ok	0	0			1532	
Career/Balance Agent/Projects/3.0 NBCU Content Commerce/1.0 Project Management/Content Commerce User Permissions.xlsx	ok	0	0			1489	
Career/Balance Agent/Projects/3.0 NBCU Content Commerce/2.0 Retailer Onboarding/2.2 KWI Vendor Feed Adapters/2.1.1 Shopify Integration/0.0 Specs/Product Feed Fields.xlsx	ok	0	0			1528	
Career/Balance Agent/Projects/3.0 NBCU Content Commerce/3.0 CMS Development/3.0.0 Requirements/KWI SOW Review.xlsx	ok	0	0			1628	
Career/CNBCU/Projects/2. xfinity.com/1. Dashboard/1. Marketing Funnels/1.2 Dashboard Data Versions/Digital Media 4.6.1ß.xlsx	ok	33	25	grgNonlinear,grgNonlinear,grgNonlinear,grgNonlinear,grgNonlinear,grgNonlinear,grgNonlinear,grgNonlinear,grgNonlinear,grgNonlinear,grgNonlinear,grgNonlinear,grgNonlinear,grgNonlinear,grgNonlinear,grgNonlinear,grgNonlinear,grgNonlinear,grgNonlinear,grgNonlinear,grgNonlinear,grgNonlinear,grgNonlinear,grgNonlinear,grgNonlinear		14600	
Career/CNBCU/Projects/2. xfinity.com/1. Dashboard/1. Marketing Funnels/1.2 Dashboard Data Versions/Digital Media 4.6.3ß.xlsx	ok	46	36	grgNonlinear,grgNonlinear,grgNonlinear,grgNonlinear,grgNonlinear,grgNonlinear,grgNonlinear,grgNonlinear,grgNonlinear,grgNonlinear,grgNonlinear,grgNonlinear,grgNonlinear,grgNonlinear,grgNonlinear,grgNonlinear,grgNonlinear,grgNonlinear,grgNonlinear,grgNonlinear,grgNonlinear,grgNonlinear,grgNonlinear,grgNonlinear,grgNonlinear,grgNonlinear,grgNonlinear,grgNonlinear,grgNonlinear,grgNonlinear,grgNonlinear,grgNonlinear,grgNonlinear,grgNonlinear,grgNonlinear,grgNonlinear		18870	
Career/CNBCU/Projects/2. xfinity.com/1. Dashboard/1. Marketing Funnels/1.2 Dashboard Data Versions/Digital Media 4.6.4ß.xlsx	ok	46	36	grgNonlinear,grgNonlinear,grgNonlinear,grgNonlinear,grgNonlinear,grgNonlinear,grgNonlinear,grgNonlinear,grgNonlinear,grgNonlinear,grgNonlinear,grgNonlinear,grgNonlinear,grgNonlinear,grgNonlinear,grgNonlinear,grgNonlinear,grgNonlinear,grgNonlinear,grgNonlinear,grgNonlinear,grgNonlinear,grgNonlinear,grgNonlinear,grgNonlinear,grgNonlinear,grgNonlinear,grgNonlinear,grgNonlinear,grgNonlinear,grgNonlinear,grgNonlinear,grgNonlinear,grgNonlinear,grgNonlinear,grgNonlinear		21187	
Career/CNBCU/Projects/2. xfinity.com/1. Dashboard/1. Marketing Funnels/1.2 Dashboard Data Versions/Digital Media 4.6ß.xlsx	ok	33	25	grgNonlinear,grgNonlinear,grgNonlinear,grgNonlinear,grgNonlinear,grgNonlinear,grgNonlinear,grgNonlinear,grgNonlinear,grgNonlinear,grgNonlinear,grgNonlinear,grgNonlinear,grgNonlinear,grgNonlinear,grgNonlinear,grgNonlinear,grgNonlinear,grgNonlinear,grgNonlinear,grgNonlinear,grgNonlinear,grgNonlinear,grgNonlinear,grgNonlinear		16553	
Career/CNBCU/Projects/2. xfinity.com/1. Dashboard/1. Marketing Funnels/1.2 Dashboard Data Versions/Digital Sales Channel by Division Dashboard_11 05  2014.xlsx	ok	0	0			56	
Career/CNBCU/Projects/2. xfinity.com/1. Dashboard/1. Marketing Funnels/1.2 Dashboard Data Versions/Display 2.0.xlsx	ok	0	0			7042	
Career/CNBCU/Projects/2. xfinity.com/1. Dashboard/1. Marketing Funnels/1.2 Dashboard Data Versions/Display 2.1.xlsx	ok	2	1	grgNonlinear		13136	
Career/CNBCU/Projects/2. xfinity.com/1. Dashboard/1. Marketing Funnels/1.2 Dashboard Data Versions/Display 2.2.xlsx	ok	2	1	grgNonlinear		4088	
Career/CNBCU/Projects/2. xfinity.com/1. Dashboard/1. Marketing Funnels/1.2 Dashboard Data Versions/Impaqt Data v2.0.xlsx	ok	0	0			2140	
Career/CNBCU/Projects/2. xfinity.com/1. Dashboard/1. Marketing Funnels/1.2 Dashboard Data Versions/Impaqt Data.xlsx	ok	8	4	grgNonlinear,grgNonlinear,grgNonlinear,grgNonlinear		3273	
Career/CNBCU/Projects/2. xfinity.com/1. Dashboard/1. Marketing Funnels/1.2 Dashboard Data Versions/MediaVest Data v2.0.xlsx	ok	0	0			4384	
Career/CNBCU/Projects/2. xfinity.com/1. Dashboard/1. Marketing Funnels/1.2 Dashboard Data Versions/MediaVest Data.xlsx	ok	8	4	grgNonlinear,grgNonlinear,grgNonlinear,grgNonlinear		3100	
Career/CNBCU/Projects/2. xfinity.com/1. Dashboard/1. Marketing Funnels/1.2 Dashboard Data Versions/Omniture Data.xlsx	ok	8	4	grgNonlinear,grgNonlinear,grgNonlinear,grgNonlinear		5551	
Career/CNBCU/Projects/2. xfinity.com/1. Dashboard/1. Marketing Funnels/1.2 Dashboard Data Versions/Paid Search 2.0.xlsx	ok	0	0			4023	
Career/CNBCU/Projects/2. xfinity.com/1. Dashboard/1. Marketing Funnels/1.2 Dashboard Data Versions/Paid Search 2.1.xlsx	ok	4	2	grgNonlinear,grgNonlinear		7439	
Career/CNBCU/Projects/2. xfinity.com/1. Dashboard/1. Marketing Funnels/1.2 Dashboard Data Versions/Paid Search 2.2.xlsx	ok	4	2	grgNonlinear,grgNonlinear		7613	
Career/CNBCU/Projects/2. xfinity.com/1. Dashboard/1. Marketing Funnels/1.2 Dashboard Data Versions/Paid Search and Display Trend data..xlsx	ok	0	0			1538	
Career/CNBCU/Projects/2. xfinity.com/1. Dashboard/1. Marketing Funnels/1.2 Dashboard Data Versions/Reportbuilder Test - 5.0.xlsx	ok	0	0			2	
Career/CNBCU/Projects/2. xfinity.com/1. Dashboard/1. Marketing Funnels/1.2 Dashboard Data Versions/Reportbuilder Test - 5.0a.xlsx	ok	2	1	grgNonlinear		132	
Career/CNBCU/Projects/2. xfinity.com/1. Dashboard/1. Marketing Funnels/1.2 Dashboard Data Versions/Tableau Test/tableau fake data set.xlsx	ok	0	0			4365	
Career/CNBCU/Projects/2. xfinity.com/1. Dashboard/1. Marketing Funnels/1.2 Dashboard Data Versions/Test Docs/ChartMaker Template 2.0.xlsx	ok	2	1	grgNonlinear		911	
Career/CNBCU/Projects/2. xfinity.com/1. Dashboard/1. Marketing Funnels/1.2 Dashboard Data Versions/Test Docs/Comcast Funnel v.2.1.xlsx	ok	0	0			7377	
Career/CNBCU/Projects/2. xfinity.com/1. Dashboard/1. Marketing Funnels/1.2 Dashboard Data Versions/Test Docs/Comcast Funnel v.2.xlsx	ok	0	0			6320	
Career/CNBCU/Projects/2. xfinity.com/1. Dashboard/1. Marketing Funnels/1.2 Dashboard Data Versions/Test Docs/Daily Test Revsited.xlsx	ok	0	0			81	
Career/CNBCU/Projects/2. xfinity.com/1. Dashboard/1. Marketing Funnels/1.2 Dashboard Data Versions/Test Docs/Omniture Anomaly Test 1.0.xlsx	ok	0	0			1449	
Career/CNBCU/Projects/2. xfinity.com/1. Dashboard/1. Marketing Funnels/1.2 Dashboard Data Versions/Test Docs/Omniture Anomaly Test 2.0.xlsx	ok	0	0			1789	
Career/CNBCU/Projects/2. xfinity.com/1. Dashboard/1. Marketing Funnels/1.2 Dashboard Data Versions/Test Docs/Report Builder Download Test.xlsx	ok	4	3	grgNonlinear,grgNonlinear,grgNonlinear		6944	
Career/CNBCU/Projects/2. xfinity.com/1. Dashboard/1. Marketing Funnels/1.2 Dashboard Data Versions/Test Docs/Sample Doc.xlsx	ok	0	0			1	
Career/CNBCU/Projects/2. xfinity.com/1. Dashboard/1. Marketing Funnels/1.2 Dashboard Data Versions/Test Docs/Sample Flat for SPSS.xlsx	ok	8	4	grgNonlinear,grgNonlinear,grgNonlinear,grgNonlinear		743	
Career/CNBCU/Projects/2. xfinity.com/1. Dashboard/2. Acquisition Weekly/AOV to Orders.xlsx	ok	0	0			1643	
Career/CNBCU/Projects/2. xfinity.com/1. Dashboard/2. Acquisition Weekly/Display ROI Charts.xlsx	ok	0	0			2224	
Career/CNBCU/Projects/2. xfinity.com/1. Dashboard/2. Acquisition Weekly/Paid Search ROI Charts.xlsx	ok	2	1	grgNonlinear		5060	
Career/CNBCU/Projects/2. xfinity.com/1. Dashboard/2. Acquisition Weekly/book3.xlsx	ok	0	0			14	
Career/CNBCU/Projects/2. xfinity.com/1. Dashboard/3. Landing Page Tests/Landing Page Test Results Template.xlsx	ok	4	2	grgNonlinear,grgNonlinear		9	
Career/CNBCU/Projects/2. xfinity.com/1. Dashboard/3. Landing Page Tests/Statistical Significance Calculator.xlsx	ok	0	0			18	
Career/CNBCU/Projects/2. xfinity.com/1. Dashboard/3. Landing Page Tests/West HSD and Choice Sale/West Landing Page Test Results - 2014.03.11.xlsx	ok	4	2	grgNonlinear,grgNonlinear		1449	
Career/CNBCU/Projects/2. xfinity.com/1. Dashboard/3. Landing Page Tests/West HSD and Choice Sale/West Landing Page Test Results - 2014.03.12.xlsx	ok	6	3	grgNonlinear,grgNonlinear,grgNonlinear		20	
Career/CNBCU/Projects/2. xfinity.com/1. Dashboard/3. Landing Page Tests/West HSD and Choice Sale/West Landing Page Test Results - 2014.03.13.xlsx	ok	12	6	grgNonlinear,grgNonlinear,grgNonlinear,grgNonlinear,grgNonlinear,grgNonlinear		49	
Career/CNBCU/Projects/2. xfinity.com/1. Dashboard/4. Regional Paid KPIs/Regional Paid KPIs.xlsx	ok	1	1	grgNonlinear		4028	
Career/CNBCU/Projects/2. xfinity.com/1. Dashboard/Definitions.xlsx	ok	1	1	grgNonlinear		1662	
Career/CNBCU/Projects/2. xfinity.com/1. Dashboard/Digital Media 4.6.5ß.xlsx	ok	48	37	grgNonlinear,grgNonlinear,grgNonlinear,grgNonlinear,grgNonlinear,grgNonlinear,grgNonlinear,grgNonlinear,grgNonlinear,grgNonlinear,grgNonlinear,grgNonlinear,grgNonlinear,grgNonlinear,grgNonlinear,grgNonlinear,grgNonlinear,grgNonlinear,grgNonlinear,grgNonlinear,grgNonlinear,grgNonlinear,grgNonlinear,grgNonlinear,grgNonlinear,grgNonlinear,grgNonlinear,grgNonlinear,grgNonlinear,grgNonlinear,grgNonlinear,grgNonlinear,grgNonlinear,grgNonlinear,grgNonlinear,grgNonlinear,grgNonlinear		21022	
Career/CNBCU/Projects/2. xfinity.com/1. Dashboard/Digital Media 5.0ß.xlsx	ok	46	36	grgNonlinear,grgNonlinear,grgNonlinear,grgNonlinear,grgNonlinear,grgNonlinear,grgNonlinear,grgNonlinear,grgNonlinear,grgNonlinear,grgNonlinear,grgNonlinear,grgNonlinear,grgNonlinear,grgNonlinear,grgNonlinear,grgNonlinear,grgNonlinear,grgNonlinear,grgNonlinear,grgNonlinear,grgNonlinear,grgNonlinear,grgNonlinear,grgNonlinear,grgNonlinear,grgNonlinear,grgNonlinear,grgNonlinear,grgNonlinear,grgNonlinear,grgNonlinear,grgNonlinear,grgNonlinear,grgNonlinear,grgNonlinear		21886	
Career/CNBCU/Projects/2. xfinity.com/2. Sterling Cooper/0. Scope and Source Documents/2014 DIGITAL SALES BUDGETv1 (version 1).xlsx	ok	0	0			1331	
Career/CNBCU/Projects/2. xfinity.com/2. Sterling Cooper/0. Scope and Source Documents/Comcast FTEs 2012-2014.xlsx	ok	0	0			1234	
Career/CNBCU/Projects/2. xfinity.com/2. Sterling Cooper/0. Scope and Source Documents/Comcast_2014_BudgetTemplate_MB_121913.xlsx	ok	0	0			151	
Career/CNBCU/Projects/2. xfinity.com/2. Sterling Cooper/1. model/RASCI Model.xlsx	ok	0	0			1329	
Career/CNBCU/Projects/2. xfinity.com/2. Sterling Cooper/1. model/Sterling Cooper Model (Autosaved).xlsx	ok	7	3	grgNonlinear,grgNonlinear,grgNonlinear		46	
Career/CNBCU/Projects/2. xfinity.com/2. Sterling Cooper/1. model/Sterling Cooper Model v.2.0.xlsx	ok	9	4	grgNonlinear,grgNonlinear,grgNonlinear,grgNonlinear		1492	
Career/CNBCU/Projects/2. xfinity.com/2. Sterling Cooper/1. model/Sterling Cooper Model v.2.1.xlsx	ok	9	4	grgNonlinear,grgNonlinear,grgNonlinear,grgNonlinear		1713	
Career/CNBCU/Projects/2. xfinity.com/2. Sterling Cooper/1. model/Sterling Cooper Model.xlsx	ok	2	1	grgNonlinear		15	
Career/CNBCU/Projects/2. xfinity.com/2. Sterling Cooper/1. model/iQuanti Engagement/Project Timeline.xlsx	ok	0	0			1464	
Career/CNBCU/Projects/2. xfinity.com/2. Sterling Cooper/1. model/iQuanti Engagement/iQuanti-Comcast/Comcast Team - Dashboard related documents/2. IMPAQT - Division_Metrics (2) (Justin Purnell's conflicted copy 2014-10-09).xlsx	ok	0	0			1309	
Career/CNBCU/Projects/2. xfinity.com/2. Sterling Cooper/1. model/iQuanti Engagement/iQuanti-Comcast/Comcast Team - Dashboard related documents/2. IMPAQT - Division_Metrics (2).xlsx	ok	0	0			1269	
Career/CNBCU/Projects/2. xfinity.com/2. Sterling Cooper/1. model/iQuanti Engagement/iQuanti-Comcast/Comcast Team - Dashboard related documents/3. MEDIAVEST - MainDivisionData_5.10-5.16 (Justin Purnell's conflicted copy 2014-10-09).xlsx	ok	0	0			5	
Career/CNBCU/Projects/2. xfinity.com/2. Sterling Cooper/1. model/iQuanti Engagement/iQuanti-Comcast/Comcast Team - Dashboard related documents/3. MEDIAVEST - MainDivisionData_5.10-5.16.xlsx	ok	0	0			1195	
Career/CNBCU/Projects/2. xfinity.com/2. Sterling Cooper/1. model/iQuanti Engagement/iQuanti-Comcast/Comcast Team - Dashboard related documents/4. Digital Media 4.5.xlsx	ok	10	5	grgNonlinear,grgNonlinear,grgNonlinear,grgNonlinear,grgNonlinear		14522	
Career/CNBCU/Projects/2. xfinity.com/2. Sterling Cooper/1. model/iQuanti Engagement/iQuanti-Comcast/Comcast Team - Dashboard related documents/7. Connect Dashboard 2.4.xlsx	ok	11	5	grgNonlinear,grgNonlinear,grgNonlinear,grgNonlinear,grgNonlinear		3447	
Career/CNBCU/Projects/2. xfinity.com/2. Sterling Cooper/1. model/iQuanti Engagement/iQuanti-Comcast/Comcast Team - Dashboard related documents/Comcast_Acq_Dashboard_Sample.xlsx	ok	0	0			2728	
Career/CNBCU/Projects/2. xfinity.com/2. Sterling Cooper/1. model/iQuanti Engagement/iQuanti-Comcast/Comcast Team - Dashboard related documents/Final Dashboard Draft - 07 18 14/Comcast_Acq_Dashboard_Sample - LA edits - 18 07 14.xlsx	ok	0	0			26813	
Career/CNBCU/Projects/2. xfinity.com/2. Sterling Cooper/1. model/iQuanti Engagement/iQuanti-Comcast/Comcast Team - Dashboard related documents/MonthEnd_June14.xlsx	ok	0	0			11	
Career/CNBCU/Projects/2. xfinity.com/2. Sterling Cooper/1. model/iQuanti Engagement/iQuanti-Comcast/Comcast Team - PPC related documents/03.15.14 - 03.21.14 - Weekly Organic Search Report.xlsx	ok	0	0			1537	
Career/CNBCU/Projects/2. xfinity.com/2. Sterling Cooper/1. model/iQuanti Engagement/iQuanti-Comcast/Comcast Team - PPC related documents/03.15.14 - 03.21.14 - Weekly Organic Search Report[1].xlsx	ok	0	0			1383	
Career/CNBCU/Projects/2. xfinity.com/2. Sterling Cooper/1. model/iQuanti Engagement/iQuanti-Comcast/Comcast Team - PPC related documents/2014_3_21 Comcast Paid Weekly Report - Central.xlsx	ok	0	0			1285	
Career/CNBCU/Projects/2. xfinity.com/2. Sterling Cooper/1. model/iQuanti Engagement/iQuanti-Comcast/Comcast Team - PPC related documents/2014_3_21 Comcast Paid Weekly Report - National.xlsx	ok	0	0			47	
Career/CNBCU/Projects/2. xfinity.com/2. Sterling Cooper/1. model/iQuanti Engagement/iQuanti-Comcast/Comcast Team - PPC related documents/2014_3_21 Comcast Paid Weekly Report - West.xlsx	ok	0	0			1491	
Career/CNBCU/Projects/2. xfinity.com/2. Sterling Cooper/1. model/iQuanti Engagement/iQuanti-Comcast/Comcast Team - PPC related documents/2014_3_21 Comcast Paid Weekly Report -North.xlsx	ok	0	0			1462	
Career/CNBCU/Projects/2. xfinity.com/2. Sterling Cooper/1. model/iQuanti Engagement/iQuanti-Comcast/Comcast Team - PPC related documents/2014_3_21 Comcast Paid Weekly Report.xlsx	ok	0	0			1472	
Career/CNBCU/Projects/2. xfinity.com/2. Sterling Cooper/1. model/iQuanti Engagement/iQuanti-Comcast/Comcast Team - PPC related documents/Comcast - Josie Documents/05.10.14 - 05.16.14 - Weekly Organic Search Report.xlsx	ok	0	0			1436	
Career/CNBCU/Projects/2. xfinity.com/2. Sterling Cooper/1. model/iQuanti Engagement/iQuanti-Comcast/Comcast Team - PPC related documents/Comcast - Josie Documents/2014_5_16 Comcast Paid Weekly Report-.xlsx	ok	0	0			1204	
Career/CNBCU/Projects/2. xfinity.com/2. Sterling Cooper/1. model/iQuanti Engagement/iQuanti-Comcast/Comcast Team - PPC related documents/Comcast - Josie Documents/Daily Competitive Summary 5.21.14.xlsx	ok	0	0			2076	
Career/CNBCU/Projects/2. xfinity.com/2. Sterling Cooper/1. model/iQuanti Engagement/iQuanti-Comcast/Comcast Team - PPC related documents/MTD_060514.xlsx	ok	0	0			1232	
Career/CNBCU/Projects/2. xfinity.com/2. Sterling Cooper/1. model/iQuanti Engagement/iQuanti-Comcast/Comcast Team - PPC related documents/May Ad Copy Schedule 5.19.14.xlsx	ok	0	0			57	
Career/CNBCU/Projects/2. xfinity.com/2. Sterling Cooper/1. model/iQuanti Engagement/iQuanti-Comcast/List of Reports-Phase 1 (Justin Purnell's conflicted copy 2014-10-09).xlsx	ok	2	1	grgNonlinear		1477	
Career/CNBCU/Projects/2. xfinity.com/2. Sterling Cooper/1. model/iQuanti Engagement/iQuanti-Comcast/List of Reports-Phase 1.xlsx	ok	2	1	grgNonlinear		1000	
Career/CNBCU/Projects/2. xfinity.com/2. Sterling Cooper/1. model/iQuanti Engagement/iQuanti-Comcast/iQuanti Team documents/Comcast PPC Project 2 week work plan 20140515.xlsx	ok	0	0			985	
Career/CNBCU/Projects/2. xfinity.com/2. Sterling Cooper/1. model/iQuanti Engagement/iQuanti-Comcast/iQuanti Team documents/Comcast PPC Project Mid Level Work Plan 20140515.xlsx	ok	0	0			33	
Career/CNBCU/Projects/2. xfinity.com/2. Sterling Cooper/1. model/iQuanti Engagement/iQuanti-Comcast/iQuanti Team documents/Comcast PPC project status 20140530.xlsx	ok	0	0			1499	
Career/CNBCU/Projects/2. xfinity.com/2. Sterling Cooper/1. model/iQuanti Engagement/iQuanti-Comcast/iQuanti Team documents/Comcast PPC project status 20140606.xlsx	ok	0	0			1459	
Career/CNBCU/Projects/2. xfinity.com/2. Sterling Cooper/1. model/iQuanti Engagement/iQuanti-Comcast/iQuanti Team documents/Comcast-Access-Details.xlsx	ok	0	0			992	
Career/CNBCU/Projects/2. xfinity.com/2. Sterling Cooper/1. model/iQuanti Engagement/iQuanti-Comcast/iQuanti Team documents/Conversion DoublePlay LP 20140603 draft.xlsx	ok	0	0			1380	
Career/CNBCU/Projects/2. xfinity.com/2. Sterling Cooper/1. model/iQuanti Engagement/iQuanti-Comcast/iQuanti Team documents/Dashboard ideas for discussion 20140603.xlsx	ok	0	0			131	
Career/CNBCU/Projects/2. xfinity.com/2. Sterling Cooper/1. model/iQuanti Engagement/iQuanti-Comcast/iQuanti Team documents/QS distribution 20140603.xlsx	ok	0	0			11	
Career/CNBCU/Projects/2. xfinity.com/2. Sterling Cooper/1. model/iQuanti Engagement/iQuanti-Comcast/iQuanti Team documents/iQuant-Comcast Friday Meeting (6_20_14)/Comcast Dashboard & Discovery/Comcast_Aq_Dashboard_Sample.xlsx	ok	0	0			2393	
Career/CNBCU/Projects/2. xfinity.com/2. Sterling Cooper/1. model/iQuanti Engagement/iQuanti-Comcast/iQuanti Team documents/iQuant-Comcast Friday Meeting (6_20_14)/Comcast PPC project status 20140606.xlsx	ok	0	0			1224	
Career/CNBCU/Projects/2. xfinity.com/2. Sterling Cooper/1. model/iQuanti Engagement/iQuanti-Comcast/iQuanti Team documents/iQuant-Comcast Friday Meeting (6_20_14)/Impaqt - Weekly reports/05.31.14 - 06.06.14 - Weekly Organic Search Report.xlsx	ok	0	0			1586	
Career/CNBCU/Projects/2. xfinity.com/2. Sterling Cooper/1. model/iQuanti Engagement/iQuanti-Comcast/iQuanti Team documents/iQuant-Comcast Friday Meeting (6_20_14)/Impaqt - Weekly reports/06.07.14 - 06.13.14 - Weekly Organic Search Report.xlsx	ok	0	0			1393	
Career/CNBCU/Projects/2. xfinity.com/2. Sterling Cooper/1. model/iQuanti Engagement/iQuanti-Comcast/iQuanti Team documents/iQuant-Comcast Friday Meeting (6_20_14)/Impaqt - Weekly reports/2014_6_13 Comcast Paid Weekly Report.xlsx	ok	0	0			119	
Career/CNBCU/Projects/2. xfinity.com/2. Sterling Cooper/1. model/iQuanti Engagement/iQuanti-Comcast/onboarding check-list (Justin Purnell's conflicted copy 2014-10-09).xlsx	ok	0	0			9	
Career/CNBCU/Projects/2. xfinity.com/2. Sterling Cooper/1. model/iQuanti Engagement/iQuanti-Comcast/onboarding check-list.xlsx	ok	0	0			9	
Career/CNBCU/Projects/2. xfinity.com/2.0 xfinity.com – Sample Excel/Digital Media 4.6.5ß.xlsx	ok	48	37	grgNonlinear,grgNonlinear,grgNonlinear,grgNonlinear,grgNonlinear,grgNonlinear,grgNonlinear,grgNonlinear,grgNonlinear,grgNonlinear,grgNonlinear,grgNonlinear,grgNonlinear,grgNonlinear,grgNonlinear,grgNonlinear,grgNonlinear,grgNonlinear,grgNonlinear,grgNonlinear,grgNonlinear,grgNonlinear,grgNonlinear,grgNonlinear,grgNonlinear,grgNonlinear,grgNonlinear,grgNonlinear,grgNonlinear,grgNonlinear,grgNonlinear,grgNonlinear,grgNonlinear,grgNonlinear,grgNonlinear,grgNonlinear,grgNonlinear		23726	
Career/CNBCU/Projects/2. xfinity.com/2.0 xfinity.com – Sample Excel/Digital Media 5.0ß.xlsx	ok	46	36	grgNonlinear,grgNonlinear,grgNonlinear,grgNonlinear,grgNonlinear,grgNonlinear,grgNonlinear,grgNonlinear,grgNonlinear,grgNonlinear,grgNonlinear,grgNonlinear,grgNonlinear,grgNonlinear,grgNonlinear,grgNonlinear,grgNonlinear,grgNonlinear,grgNonlinear,grgNonlinear,grgNonlinear,grgNonlinear,grgNonlinear,grgNonlinear,grgNonlinear,grgNonlinear,grgNonlinear,grgNonlinear,grgNonlinear,grgNonlinear,grgNonlinear,grgNonlinear,grgNonlinear,grgNonlinear,grgNonlinear,grgNonlinear		19722	
Career/CNBCU/Projects/2. xfinity.com/3. Connect Data/0.0 Source Data/2013 Data for Targets.xlsx	ok	1	1	grgNonlinear		736	
Career/CNBCU/Projects/2. xfinity.com/3. Connect Data/0.0 Source Data/2013 Regional Connect Data.xlsx	ok	0	0			2093	
Career/CNBCU/Projects/2. xfinity.com/3. Connect Data/0.0 Source Data/2013 final results.xlsx	ok	2	1	grgNonlinear		723	
Career/CNBCU/Projects/2. xfinity.com/3. Connect Data/0.0 Source Data/2014 Targets Final.xlsx	ok	0	0			226	
Career/CNBCU/Projects/2. xfinity.com/3. Connect Data/0.0 Source Data/2015 Connect Estimates by Channel.xlsx	ok	165	6	evolutionary,grgNonlinear,grgNonlinear,grgNonlinear,grgNonlinear,grgNonlinear	1,2,3	3941	
Career/CNBCU/Projects/2. xfinity.com/3. Connect Data/0.0 Source Data/Attempt 2.0.xlsx	ok	426	4	evolutionary,evolutionary,grgNonlinear,grgNonlinear	1,3	1464	
Career/CNBCU/Projects/2. xfinity.com/3. Connect Data/0.0 Source Data/Average Calculations.xlsx	ok	2	1	grgNonlinear		3230	
Career/CNBCU/Projects/2. xfinity.com/3. Connect Data/0.0 Source Data/Digital Media Acceleration.xlsx	ok	0	0			1457	
Career/CNBCU/Projects/2. xfinity.com/3. Connect Data/0.0 Source Data/Final 2015 Budget 10.19.2014.xlsx	ok	1	1	grgNonlinear		835	
Career/CNBCU/Projects/2. xfinity.com/3. Connect Data/0.0 Source Data/Final 2015 Budget 10.6.2014.xlsx	ok	1	1	grgNonlinear		760	
Career/CNBCU/Projects/2. xfinity.com/3. Connect Data/1.0 Prior Dashboard Versions/Connect Dashboard - 2013 2.5.xlsx	ok	11	5	grgNonlinear,grgNonlinear,grgNonlinear,grgNonlinear,grgNonlinear		4130	
Career/CNBCU/Projects/2. xfinity.com/3. Connect Data/1.0 Prior Dashboard Versions/Connect Dashboard 1.1.xlsx	ok	7	4	grgNonlinear,grgNonlinear,grgNonlinear,grgNonlinear		11409	
Career/CNBCU/Projects/2. xfinity.com/3. Connect Data/1.0 Prior Dashboard Versions/Connect Dashboard 1.2.xlsx	ok	7	4	grgNonlinear,grgNonlinear,grgNonlinear,grgNonlinear		4605	
Career/CNBCU/Projects/2. xfinity.com/3. Connect Data/1.0 Prior Dashboard Versions/Connect Dashboard 1.3.xlsx	ok	9	5	grgNonlinear,grgNonlinear,grgNonlinear,grgNonlinear,grgNonlinear		1305	
Career/CNBCU/Projects/2. xfinity.com/3. Connect Data/1.0 Prior Dashboard Versions/Connect Dashboard 1.4.1.xlsx	ok	9	5	grgNonlinear,grgNonlinear,grgNonlinear,grgNonlinear,grgNonlinear		1336	
Career/CNBCU/Projects/2. xfinity.com/3. Connect Data/1.0 Prior Dashboard Versions/Connect Dashboard 1.4.2.xlsx	ok	9	5	grgNonlinear,grgNonlinear,grgNonlinear,grgNonlinear,grgNonlinear		2741	
Career/CNBCU/Projects/2. xfinity.com/3. Connect Data/1.0 Prior Dashboard Versions/Connect Dashboard 1.4.3.xlsx	ok	14	9	grgNonlinear,grgNonlinear,grgNonlinear,grgNonlinear,grgNonlinear,grgNonlinear,grgNonlinear,grgNonlinear,grgNonlinear		1353	
Career/CNBCU/Projects/2. xfinity.com/3. Connect Data/1.0 Prior Dashboard Versions/Connect Dashboard 1.4.4.xlsx	ok	14	9	grgNonlinear,grgNonlinear,grgNonlinear,grgNonlinear,grgNonlinear,grgNonlinear,grgNonlinear,grgNonlinear,grgNonlinear		3827	
Career/CNBCU/Projects/2. xfinity.com/3. Connect Data/1.0 Prior Dashboard Versions/Connect Dashboard 1.4.xlsx	ok	9	5	grgNonlinear,grgNonlinear,grgNonlinear,grgNonlinear,grgNonlinear		1358	
Career/CNBCU/Projects/2. xfinity.com/3. Connect Data/1.0 Prior Dashboard Versions/Connect Dashboard 2.0.xlsx	ok	10	5	grgNonlinear,grgNonlinear,grgNonlinear,grgNonlinear,grgNonlinear		1528	
Career/CNBCU/Projects/2. xfinity.com/3. Connect Data/1.0 Prior Dashboard Versions/Connect Dashboard 2.1.xlsx	ok	10	5	grgNonlinear,grgNonlinear,grgNonlinear,grgNonlinear,grgNonlinear		1524	
Career/CNBCU/Projects/2. xfinity.com/3. Connect Data/1.0 Prior Dashboard Versions/Connect Dashboard 2.2.xlsx	ok	10	5	grgNonlinear,grgNonlinear,grgNonlinear,grgNonlinear,grgNonlinear		1524	
Career/CNBCU/Projects/2. xfinity.com/3. Connect Data/1.0 Prior Dashboard Versions/Connect Dashboard 2.3.1.xlsx	ok	11	5	grgNonlinear,grgNonlinear,grgNonlinear,grgNonlinear,grgNonlinear		1571	
Career/CNBCU/Projects/2. xfinity.com/3. Connect Data/1.0 Prior Dashboard Versions/Connect Dashboard 2.3.xlsx	ok	11	5	grgNonlinear,grgNonlinear,grgNonlinear,grgNonlinear,grgNonlinear		3579	
Career/CNBCU/Projects/2. xfinity.com/3. Connect Data/1.0 Prior Dashboard Versions/Connect Dashboard 2.4.xlsx	ok	11	5	grgNonlinear,grgNonlinear,grgNonlinear,grgNonlinear,grgNonlinear		3095	
Career/CNBCU/Projects/2. xfinity.com/3. Connect Data/1.0 Prior Dashboard Versions/Connect Dashboard 2.5.1.xlsx	ok	11	5	grgNonlinear,grgNonlinear,grgNonlinear,grgNonlinear,grgNonlinear		8966	
Career/CNBCU/Projects/2. xfinity.com/3. Connect Data/1.0 Prior Dashboard Versions/Connect Dashboard 2.5.2.xlsx	ok	11	5	grgNonlinear,grgNonlinear,grgNonlinear,grgNonlinear,grgNonlinear		8062	
Career/CNBCU/Projects/2. xfinity.com/3. Connect Data/1.0 Prior Dashboard Versions/Connect Dashboard 2.5.xlsx	ok	11	5	grgNonlinear,grgNonlinear,grgNonlinear,grgNonlinear,grgNonlinear		1619	
Career/CNBCU/Projects/2. xfinity.com/3. Connect Data/1.0 Prior Dashboard Versions/Connect Dashboard 3.0.1.xlsx	ok	11	5	grgNonlinear,grgNonlinear,grgNonlinear,grgNonlinear,grgNonlinear		7622	
Career/CNBCU/Projects/2. xfinity.com/3. Connect Data/1.0 Prior Dashboard Versions/Connect Dashboard 3.0.2-Budget.xlsx	ok	11	5	grgNonlinear,grgNonlinear,grgNonlinear,grgNonlinear,grgNonlinear		7840	
Career/CNBCU/Projects/2. xfinity.com/3. Connect Data/1.0 Prior Dashboard Versions/Connect Dashboard 3.0.2.xlsx	ok	11	5	grgNonlinear,grgNonlinear,grgNonlinear,grgNonlinear,grgNonlinear		6790	
Career/CNBCU/Projects/2. xfinity.com/3. Connect Data/1.0 Prior Dashboard Versions/Connect Dashboard 3.0.3.xlsx	ok	13	5	grgNonlinear,grgNonlinear,grgNonlinear,grgNonlinear,grgNonlinear		9774	
Career/CNBCU/Projects/2. xfinity.com/3. Connect Data/1.0 Prior Dashboard Versions/Connect Dashboard 3.0.4.xlsx	ok	11	5	grgNonlinear,grgNonlinear,grgNonlinear,grgNonlinear,grgNonlinear		11205	
Career/CNBCU/Projects/2. xfinity.com/3. Connect Data/1.0 Prior Dashboard Versions/Connect Dashboard 3.0.4a.xlsx	ok	11	5	grgNonlinear,grgNonlinear,grgNonlinear,grgNonlinear,grgNonlinear		12635	
Career/CNBCU/Projects/2. xfinity.com/3. Connect Data/1.0 Prior Dashboard Versions/Connect Dashboard 3.0.xlsx	ok	11	5	grgNonlinear,grgNonlinear,grgNonlinear,grgNonlinear,grgNonlinear		9205	
Career/CNBCU/Projects/2. xfinity.com/3. Connect Data/1.0 Prior Dashboard Versions/Connect Dashboard 3.1.xlsx	ok	11	5	grgNonlinear,grgNonlinear,grgNonlinear,grgNonlinear,grgNonlinear		12761	
Career/CNBCU/Projects/2. xfinity.com/3. Connect Data/1.0 Prior Dashboard Versions/Connect Dashboard.xlsx	ok	9	7	grgNonlinear,grgNonlinear,grgNonlinear,grgNonlinear,grgNonlinear,grgNonlinear,grgNonlinear		1147	
Career/CNBCU/Projects/2. xfinity.com/3. Connect Data/1.0 Prior Dashboard Versions/Orders to Connect Calculator 0.1.xlsx	ok	4	4	grgNonlinear,grgNonlinear,grgNonlinear,grgNonlinear		342	
Career/CNBCU/Projects/2. xfinity.com/3. Connect Data/1.0 Prior Dashboard Versions/Orders to Connect Calculator 0.2.xlsx	ok	4	4	grgNonlinear,grgNonlinear,grgNonlinear,grgNonlinear		2293	
Career/CNBCU/Projects/2. xfinity.com/3. Connect Data/1.0 Prior Dashboard Versions/Original Connect Dashboard.xlsx	ok	0	0			18	
Career/CNBCU/Projects/2. xfinity.com/3. Connect Data/3.0 2015 Budgeting/2015 Ratio Targets.xlsx	ok	0	0			1773	
Career/CNBCU/Projects/2. xfinity.com/3. Connect Data/3.0 2015 Budgeting/2015 YOY Index.xlsx	ok	5	3	grgNonlinear,grgNonlinear,grgNonlinear		2578	
Career/CNBCU/Projects/2. xfinity.com/3. Connect Data/3.0 2015 Budgeting/Book2.xlsx	ok	0	0			482	
Career/CNBCU/Projects/2. xfinity.com/3. Connect Data/3.0 2015 Budgeting/Prior Dashboard Versions/2015 YOY Index.xlsx	ok	5	3	grgNonlinear,grgNonlinear,grgNonlinear		2176	
Career/CNBCU/Projects/2. xfinity.com/4. QBRs/2013Q4/CPC Summary 12-13.xlsx	ok	0	0			1813	
Career/CNBCU/Projects/2. xfinity.com/4. QBRs/Cost per Connect and Connects.xlsx	ok	0	0			1486	
Career/CNBCU/Projects/2. xfinity.com/4. QBRs/Division_Data_2012_2013.xlsx	ok	0	0			30	
Career/CNBCU/Projects/3. IR/0.0.0 CMCSA Model/0.0.1 Draft Versions/CMCSA Model 0.2.xlsx	ok	0	0			1808	
Career/CNBCU/Projects/3. IR/0.0.0 CMCSA Model/0.0.1 Draft Versions/CMCSA Model 1.0.xlsx	ok	5	3	grgNonlinear,grgNonlinear,grgNonlinear		1967	
Career/CNBCU/Projects/3. IR/0.0.0 CMCSA Model/0.0.1 Draft Versions/CMCSA Model.xlsx	ok	0	0			1504	
Career/CNBCU/Projects/3. IR/0.0.0 CMCSA Model/0.1.0 CMCSA SEC Filings/2014/1Q/1Q14_Trending_Schedule.xlsx	ok	12	1	grgNonlinear		491	
Career/CNBCU/Projects/3. IR/0.0.0 CMCSA Model/CMCSA Model 1.0.1.xlsx	ok	7	5	grgNonlinear,grgNonlinear,grgNonlinear,grgNonlinear,grgNonlinear		4111	
Career/CNBCU/Projects/3. IR/1.0.0 Buyback Scenarios/CMCSA Model 2.0.0.xlsx	ok	6	3	grgNonlinear,grgNonlinear,grgNonlinear		4056	
Career/CNBCU/Projects/3. IR/1.0.0 Buyback Scenarios/cmcsa.xlsx	ok	0	0			1613	
Career/CNBCU/Projects/4. NBCNews/4.0 Overall/Deal Framework.xlsx	ok	0	0			1113	
Career/CNBCU/Projects/4. NBCNews/4.0 Overall/Internal Product Roadmaps/CNBC/2014_Roadmap.xlsx	ok	0	0			26	
Career/CNBCU/Projects/4. NBCNews/4.0 Overall/Internal Product Roadmaps/CNBC/Copy of 2014_Roadmap.xlsx	ok	0	0			20	
Career/CNBCU/Projects/4. NBCNews/4.0 Overall/NYT/Times Talks/Inside the actor Studio 2014.xlsx	ok	0	0			1	
Career/CNBCU/Projects/4. NBCNews/4.0 Overall/Pitches/Tech Value Chain Project/Copy of Social reporting needs_Feb 2014 (3) (2).xlsx	ok	0	0			9	
Career/CNBCU/Projects/4. NBCNews/4.0 Overall/Pitches/Tech Value Chain Project/Copy of Stringwire Competitor Research.xlsx	ok	0	0			1108	
Career/CNBCU/Projects/4. NBCNews/4.0 Overall/Pitches/Tech Value Chain Project/Stringwire Competitor ResearchvASJ.xlsx	ok	0	0			1362	
Career/CNBCU/Projects/4. NBCNews/4.0 Overall/Pitches/Tech Value Chain Project/Tech value chainv01.xlsx	ok	0	0			1899	
Career/CNBCU/Projects/4. NBCNews/4.0 Overall/Strategy Documents/News Group Strategy.xlsx	ok	0	0			107	
Career/CNBCU/Projects/4. NBCNews/4.0 Overall/Strategy Documents/Strategic Priorities.xlsx	ok	0	0			3	
Career/CNBCU/Projects/4. NBCNews/4.0 Overall/Talent P&Ls v2 (version 1).xlsx	ok	0	0			48	
Career/CNBCU/Projects/4. NBCNews/4.0 Overall/Upfront Pitches/M&A Target Tracker.xlsx	ok	0	0			16	
Career/CNBCU/Projects/4. NBCNews/4.0 Overall/Van Halen/Legal/Vox - Pro Forma Series F Cap Table (squire).xlsx	ok	0	0			13	
Career/CNBCU/Projects/4. NBCNews/4.0 Overall/Van Halen/Operations/NBCUNG Combo backup.xlsx	ok	0	0			13	
Career/CNBCU/Projects/4. NBCNews/4.0 Overall/Van Halen/Support/Digital Numbers for Anna.xlsx	ok	0	0			1382	
Career/CNBCU/Projects/4. NBCNews/4.0 Overall/Van Halen/Support/NBCData.xlsx	ok	0	0			3	
Career/CNBCU/Projects/4. NBCNews/4.0 Overall/Van Halen/Support/NG digital revenue summary.xlsx	ok	0	0			1818	
Career/CNBCU/Projects/4. NBCNews/4.0 Overall/Van Halen/Support/News Group traffic by channel.xlsx	ok	0	0			1307	
Career/CNBCU/Projects/4. NBCNews/4.1 MSNBC/4.1.1.0 Content Strategy/4.1.1.1 Competitive Landscape/Media/Data/Documentary Options.xlsx	ok	0	0			26	
Career/CNBCU/Projects/4. NBCNews/4.1 MSNBC/4.1.1.0 Content Strategy/4.1.1.1 Competitive Landscape/Models/Prior Versions/Content Strategy Model 2.0.xlsx	ok	0	0			10892	
Career/CNBCU/Projects/4. NBCNews/4.1 MSNBC/4.1.1.0 Content Strategy/4.1.1.1 Competitive Landscape/Models/Prior Versions/MSNBC Content Strategy Model.xlsx	ok	0	0			23	
Career/CNBCU/Projects/4. NBCNews/4.1 MSNBC/4.1.1.0 Content Strategy/4.1.1.1 Competitive Landscape/Models/Prior Versions/MSNBC Content Strategy Model_1.xlsx	ok	0	0			16	
Career/CNBCU/Projects/4. NBCNews/4.1 MSNBC/4.1.1.0 Content Strategy/4.1.1.2 Executions/Progressive landscape.xlsx	ok	0	0			2	
Career/CNBCU/Projects/4. NBCNews/4.1 MSNBC/4.1.1.0 Content Strategy/4.1.1.2 Executions/Progressive programming support.xlsx	ok	0	0			257	
Career/CNBCU/Projects/4. NBCNews/4.1 MSNBC/4.1.1.0 Content Strategy/4.1.1.3 Content Direction/Progressive Landscape.xlsx	ok	0	0			1252	
Career/CNBCU/Projects/4. NBCNews/4.1 MSNBC/4.1.2.0 Digital Roadmap/Digital Strategy Roadmap.xlsx	ok	0	0			54	
Career/CNBCU/Projects/4. NBCNews/4.1 MSNBC/4.1.2.0 Digital Roadmap/Facebook Video Views.xlsx	ok	0	0			1307	
Career/CNBCU/Projects/4. NBCNews/4.1 MSNBC/4.1.2.0 Digital Roadmap/Oscar Screener Piracy.xlsx	ok	0	0			213	
Career/CNBCU/Projects/4. NBCNews/4.1 MSNBC/4.1.2.0 Digital Roadmap/Source Data/Social CRM Tool Comparison.xlsx	ok	0	0			1349	
Career/CNBCU/Projects/4. NBCNews/4.1 MSNBC/4.1.2.0 Digital Roadmap/Source Data/Top_1000_Web_Domains.xlsx	ok	0	0			593	
Career/CNBCU/Projects/4. NBCNews/4.2 International/Review Documents/BBC/Diligence/Cham v6 WN base case for NBC.xlsx	ok	0	0			2399	
Career/CNBCU/Projects/4. NBCNews/4.2 International/Review Documents/BBC/Diligence/Copy of GNL 1314 Sumary PL.xlsx	ok	0	0			1201	
Career/CNBCU/Projects/4. NBCNews/4.2 International/Review Documents/BBC/Diligence/Copy of Project Chameleon Info request Log - 241114.xlsx	ok	0	0			1680	
Career/CNBCU/Projects/4. NBCNews/4.2 International/Review Documents/BBC/Diligence/MSNBC International Distribution Juny 2014.xlsx	ok	0	0			1129	
Career/CNBCU/Projects/4. NBCNews/4.2 International/Review Documents/BBC/Diligence/NBC News Group bureau headcount.xlsx	ok	0	0			39	
Career/CNBCU/Projects/4. NBCNews/4.2 International/Review Documents/BBC/Distribution/MSNBC International Distribution Juny 2014.xlsx	ok	0	0			2	
Career/CNBCU/Projects/4. NBCNews/4.2 International/Review Documents/MSNBC/Support/Comscore.xlsx	ok	0	0			1448	
Career/CNBCU/Projects/4. NBCNews/4.2 International/Review Documents/MSNBC/Support/Copy of 2012 Competitor Analysis by Daypart.xlsx	ok	0	0			102	
Career/CNBCU/Projects/4. NBCNews/4.2 International/Review Documents/MSNBC/Support/Copy of Value One Day More Reach-Freq for 2015 LRP v2.xlsx	ok	0	0			3354	
Career/CNBCU/Projects/4. NBCNews/4.2 International/Review Documents/MSNBC/Support/Viewing of Political Comedy Jan14.xlsx	ok	0	0			18	
Career/CNBCU/Projects/4. NBCNews/4.3 Audience Development/4.3.1 YouTube/Media/Data/Attention Data.xlsx	ok	0	0			71	
Career/CNBCU/Projects/4. NBCNews/4.3 Audience Development/4.3.1 YouTube/Media/Data/Brand Activity Scoring Model.xlsx	ok	0	0			1508	
Career/CNBCU/Projects/4. NBCNews/4.3 Audience Development/4.3.1 YouTube/Media/Data/Facebook Fans.xlsx	ok	0	0			14	
Career/CNBCU/Projects/4. NBCNews/4.3 Audience Development/4.3.1 YouTube/Media/Data/MCN M&A Activity.xlsx	ok	0	0			1537	
Career/CNBCU/Projects/4. NBCNews/4.3 Audience Development/4.3.1 YouTube/Media/Data/Millennial News Data.xlsx	ok	0	0			24	
Career/CNBCU/Projects/4. NBCNews/4.3 Audience Development/4.3.1 YouTube/Media/Data/Recs Page.xlsx	ok	0	0			2	
Career/CNBCU/Projects/4. NBCNews/4.3 Audience Development/4.3.1 YouTube/Media/Data/State of Online Video Data.xlsx	ok	0	0			9	
Career/CNBCU/Projects/4. NBCNews/4.3 Audience Development/4.3.1 YouTube/Media/Data/YouTube Competitive Stats.xlsx	ok	0	0			4	
Career/CNBCU/Projects/4. NBCNews/4.3 Audience Development/Strategic Social Data.xlsx	ok	0	0			1265	
Career/CNBCU/Projects/4. NBCNews/4.4 Rock & Roll/Ad Sales/SponsorGrdi.xlsx	ok	0	0			24	
Career/CNBCU/Projects/4. NBCNews/4.4 Rock & Roll/Admin/Document List/Revere Meetings v01.xlsx	ok	0	0			1722	
Career/CNBCU/Projects/4. NBCNews/4.4 Rock & Roll/Diligence/From the Company/PROJECT_X-P&L.v8.xlsx	ok	0	0			18897	
Career/CNBCU/Projects/4. NBCNews/4.4 Rock & Roll/Diligence/Project X Model Assumptions 4.1.13.xlsx	ok	0	0			19	
Career/CNBCU/Projects/4. NBCNews/4.4 Rock & Roll/Editorial/ReCode Editorial Trackerv01.xlsx	ok	0	0			34	
Career/CNBCU/Projects/4. NBCNews/4.4 Rock & Roll/Financials/2014/09-Sep 2014- Balance Sheet and P&L.xlsx	ok	0	0			1238	
Career/CNBCU/Projects/4. NBCNews/4.4 Rock & Roll/Financials/2014/10-Oct 2014 Balance Sheet and P & L - Revere Digital.xlsx	ok	0	0			1633	
Career/CNBCU/Projects/4. NBCNews/4.4 Rock & Roll/Financials/2014/2014 Jan - Aug Financial Statements - Revere Digital.xlsx	ok	0	0			1396	
Career/CNBCU/Projects/4. NBCNews/4.4 Rock & Roll/Financials/2014/3Q2014 News Group Investments - Account Rec Support.xlsx	ok	0	0			2016	
Career/CNBCU/Projects/4. NBCNews/4.4 Rock & Roll/Financials/2014/December-BalanceSheet.xlsx	ok	0	0			1138	
Career/CNBCU/Projects/4. NBCNews/4.4 Rock & Roll/Financials/2014/December-P&L.xlsx	ok	0	0			10570	
Career/CNBCU/Projects/4. NBCNews/4.4 Rock & Roll/Financials/2014/November Balance Sheet.xlsx	ok	0	0			1295	
Career/CNBCU/Projects/4. NBCNews/4.4 Rock & Roll/Financials/2014/November P&L.xlsx	ok	0	0			45	
Career/CNBCU/Projects/4. NBCNews/4.4 Rock & Roll/Financials/2014/ReCode Q4 2014.xlsx	ok	0	0			52	
Career/CNBCU/Projects/4. NBCNews/4.4 Rock & Roll/Financials/2014/Recode Rev Share 1Q-3Q 2014.xlsx	ok	0	0			1272	
Career/CNBCU/Projects/4. NBCNews/4.4 Rock & Roll/Financials/2014/Revere FY 2014 Financial Comparison.xlsx	ok	0	0			84	
Career/CNBCU/Projects/4. NBCNews/4.4 Rock & Roll/Financials/2015/2015 02 Feb to NBC 150323.xlsx	ok	0	0			3	
Career/CNBCU/Projects/4. NBCNews/4.4 Rock & Roll/Financials/2015/Revere Workpapers 05052015.xlsx	ok	0	0			45	
Career/CNBCU/Projects/4. NBCNews/4.4 Rock & Roll/Financials/2015/Revere Workpapers 05222015.xlsx	ok	0	0			1501	
Career/CNBCU/Projects/4. NBCNews/4.4 Rock & Roll/Financials/2015/RevereDigital.BalanceSheet.Jan-Mar.2015.xlsx	ok	0	0			27	
Career/CNBCU/Projects/4. NBCNews/4.4 Rock & Roll/Financials/2015/RevereDigital.ProfitandLoss.Jan-Mar.2015.xlsx	ok	0	0			1480	
Career/CNBCU/Projects/4. NBCNews/4.4 Rock & Roll/Financials/FP&A Summary_Revere Template 03.14.2014.xlsx	ok	0	0			1314	
Career/CNBCU/Projects/4. NBCNews/4.4 Rock & Roll/Financials/Models/3Q2014 News Group Investments - Account Rec Support.xlsx	ok	0	0			1428	
Career/CNBCU/Projects/4. NBCNews/4.4 Rock & Roll/Financials/Models/PROJECT_X-P&L.v8 Base.xlsx	ok	0	0			20394	
Career/CNBCU/Projects/4. NBCNews/4.4 Rock & Roll/Financials/Models/Revere Financial Model_11 2013.xlsx	ok	0	0			1305	
Career/CNBCU/Projects/4. NBCNews/4.4 Rock & Roll/Financials/ReCode 2014 Financials v2.xlsx	ok	0	0			69	
Career/CNBCU/Projects/4. NBCNews/4.4 Rock & Roll/Financials/ReCode 2014 Financials.xlsx	ok	0	0			59	
Career/CNBCU/Projects/4. NBCNews/4.4 Rock & Roll/Financials/Recode Pro Forma Cap Table.xlsx	ok	0	0			25	
Career/CNBCU/Projects/4. NBCNews/4.4 Rock & Roll/Investment Update/Archive/ReCode Trackerv01.xlsx	ok	0	0			1509	
Career/CNBCU/Projects/4. NBCNews/4.4 Rock & Roll/Investment Update/Support/Plan vs. Actual Comparison 3Q 2014.xlsx	ok	0	0			111	
Career/CNBCU/Projects/4. NBCNews/4.4 Rock & Roll/Investment Update/Support/ReCode Tracker Feb 2015.xlsx	ok	0	0			30	
Career/CNBCU/Projects/4. NBCNews/4.4 Rock & Roll/Investment Update/Support/Re_code Tearsheet October 2014 backup.xlsx	ok	0	0			1868	
Career/CNBCU/Projects/4. NBCNews/4.4 Rock & Roll/Investment Update/Support/Revere FY 2014 Financial Comparison.xlsx	ok	0	0			79	
Career/CNBCU/Projects/4. NBCNews/4.4 Rock & Roll/Operations/NBC Tracker- January.xlsx	ok	0	0			1185	
Career/CNBCU/Projects/4. NBCNews/4.4 Rock & Roll/Operations/October 2014 - RO/ReCode Editorial Trackerv01.xlsx	ok	0	0			45	
Career/CNBCU/Projects/4. NBCNews/4.4 Rock & Roll/Operations/ReCode Competitive Tracker Template 2015.xlsx	ok	0	0			17	
Career/CNBCU/Projects/4. NBCNews/4.4 Rock & Roll/Operations/ReCode KPI Tracker.xlsx	ok	0	0			25	
Career/CNBCU/Projects/4. NBCNews/4.4 Rock & Roll/Operations/ReCode Tracker.xlsx	ok	0	0			1374	
Career/CNBCU/Projects/4. NBCNews/4.4 Rock & Roll/Project Rock n Roll/Models/Bid considerations.xlsx	ok	0	0			11	
Career/CNBCU/Projects/4. NBCNews/4.4 Rock & Roll/Project Rock n Roll/Models/Rock & Roll Model.xlsx	ok	0	0			1412	
Career/CNBCU/Projects/4. NBCNews/4.4 Rock & Roll/Project Rock n Roll/Models/Vox recode transaction.xlsx	ok	0	0			26	
Career/CNBCU/Projects/4. NBCNews/4.4 Rock & Roll/Project Rock n Roll/Support/Copy of Revere Workpapers 05222015 v1.xlsx	ok	0	0			71	
Career/CNBCU/Projects/4. NBCNews/4.4 Rock & Roll/Research/Project X Current Headcount.xlsx	ok	0	0			13	
Career/CNBCU/Projects/4. NBCNews/4.4 Rock & Roll/Rock & Roll Model.xlsx	ok	0	0			1395	
Career/CNBCU/Projects/4. NBCNews/4.5 NYT Talks/NY Times Talks.xlsx	ok	0	0			1351	
Career/CNBCU/Projects/4. NBCNews/4.6 Cheating SNL Kagan/Network Economics.xlsx	ok	0	0			4	
Career/CNBCU/Projects/4. NBCNews/4.6 Cheating SNL Kagan/Research/Advertising Forecasts.xlsx	ok	0	0			710	
Career/CNBCU/Projects/4. NBCNews/4.6 Cheating SNL Kagan/Research/Benchmarking Cable TV Advertising Statistics.xlsx	ok	0	0			167	
Career/CNBCU/Projects/4. NBCNews/4.6 Cheating SNL Kagan/Research/Broadband Cable Financial.xlsx	ok	0	0			3497	
Career/CNBCU/Projects/4. NBCNews/4.6 Cheating SNL Kagan/Research/Broadcast TV Network Affiliation Database.xlsx	ok	0	0			175	
Career/CNBCU/Projects/4. NBCNews/4.6 Cheating SNL Kagan/Research/Cable Advertising Gross Ad Revenue and CPMs By Network.xlsx	ok	0	0			2052	
Career/CNBCU/Projects/4. NBCNews/4.6 Cheating SNL Kagan/Research/Economics of Basic Cable Networks.xlsx	ok	0	0			591	
Career/CNBCU/Projects/4. NBCNews/4.6 Cheating SNL Kagan/Research/Economics of Premium Television, 2007-2024.xlsx	ok	0	0			1543	
Career/CNBCU/Projects/4. NBCNews/4.6 Cheating SNL Kagan/Research/Global smartphone shipment projections.xlsx	ok	0	0			368	
Career/CNBCU/Projects/4. NBCNews/4.6 Cheating SNL Kagan/Research/Major Network Affiliate TV Station Net Ad and Retrans Revenue by Owner.xlsx	ok	0	0			7756	
Career/CNBCU/Projects/4. NBCNews/4.6 Cheating SNL Kagan/Research/OTT SVOD Global Subscriber Forecast.xlsx	ok	0	0			74	
Career/CNBCU/Projects/4. NBCNews/4.6 Cheating SNL Kagan/Research/Projected U.S. Multichannel Subscription Substitution with OTT Video Delivery.xlsx	ok	0	0			716	
Career/CNBCU/Projects/4. NBCNews/4.6 Cheating SNL Kagan/Research/SNL Kagan's 10-Year Cable TV Projections.xlsx	ok	0	0			700	
Career/CNBCU/Projects/4. NBCNews/4.6 Cheating SNL Kagan/Research/SNL Kagan's 10-year multichannel projections, 2014-2024.xlsx	ok	0	0			38	
Career/CNBCU/Projects/4. NBCNews/4.6 Cheating SNL Kagan/Research/Selected TV Networks' Cost-Value Economics.xlsx	ok	0	0			1361	
Career/CNBCU/Projects/4. NBCNews/4.6 Cheating SNL Kagan/Research/U.S. Advertising Market Overview, 2012-2024.xlsx	ok	0	0			217	
Career/CNBCU/Projects/4. NBCNews/4.6 Cheating SNL Kagan/Research/Worldwide OTT SVOD Revenue Forecast.xlsx	ok	0	0			1612	
Career/CNBCU/Projects/4. NBCNews/4.7 Digital Studios/Digital Landscape.xlsx	ok	0	0			92	
Career/CNBCU/Projects/4. NBCNews/4.7 Digital Studios/Digital Landscape_v1 (Autosaved).xlsx	ok	0	0			1324	
Career/CNBCU/Projects/4. NBCNews/Deal Framework.xlsx	ok	0	0			1081	
Career/CNBCU/Projects/4. NBCNews/News Group Overall Documents/4.4 Rock & Roll/Ad Sales/SponsorGrdi.xlsx	ok	0	0			19	
Career/CNBCU/Projects/4. NBCNews/News Group Overall Documents/4.4 Rock & Roll/Admin/Document List/Revere Meetings v01.xlsx	ok	0	0			28	
Career/CNBCU/Projects/4. NBCNews/News Group Overall Documents/4.4 Rock & Roll/Diligence/From the Company/PROJECT_X-P&L.v8.xlsx	ok	0	0			18734	
Career/CNBCU/Projects/4. NBCNews/News Group Overall Documents/4.4 Rock & Roll/Diligence/Project X Model Assumptions 4.1.13.xlsx	ok	0	0			19	
Career/CNBCU/Projects/4. NBCNews/News Group Overall Documents/4.4 Rock & Roll/Editorial/ReCode Editorial Trackerv01.xlsx	ok	0	0			35	
Career/CNBCU/Projects/4. NBCNews/News Group Overall Documents/4.4 Rock & Roll/Financials/2014/09-Sep 2014- Balance Sheet and P&L.xlsx	ok	0	0			1357	
Career/CNBCU/Projects/4. NBCNews/News Group Overall Documents/4.4 Rock & Roll/Financials/2014/10-Oct 2014 Balance Sheet and P & L - Revere Digital.xlsx	ok	0	0			61	
Career/CNBCU/Projects/4. NBCNews/News Group Overall Documents/4.4 Rock & Roll/Financials/2014/2014 Jan - Aug Financial Statements - Revere Digital.xlsx	ok	0	0			12	
Career/CNBCU/Projects/4. NBCNews/News Group Overall Documents/4.4 Rock & Roll/Financials/2014/3Q2014 News Group Investments - Account Rec Support.xlsx	ok	0	0			1483	
Career/CNBCU/Projects/4. NBCNews/News Group Overall Documents/4.4 Rock & Roll/Financials/2014/December-BalanceSheet.xlsx	ok	0	0			1240	
Career/CNBCU/Projects/4. NBCNews/News Group Overall Documents/4.4 Rock & Roll/Financials/2014/December-P&L.xlsx	ok	0	0			39	
Career/CNBCU/Projects/4. NBCNews/News Group Overall Documents/4.4 Rock & Roll/Financials/2014/November Balance Sheet.xlsx	ok	0	0			27	
Career/CNBCU/Projects/4. NBCNews/News Group Overall Documents/4.4 Rock & Roll/Financials/2014/November P&L.xlsx	ok	0	0			41	
Career/CNBCU/Projects/4. NBCNews/News Group Overall Documents/4.4 Rock & Roll/Financials/2014/ReCode Q4 2014.xlsx	ok	0	0			51	
Career/CNBCU/Projects/4. NBCNews/News Group Overall Documents/4.4 Rock & Roll/Financials/2014/Recode Rev Share 1Q-3Q 2014.xlsx	ok	0	0			24	
Career/CNBCU/Projects/4. NBCNews/News Group Overall Documents/4.4 Rock & Roll/Financials/2014/Revere FY 2014 Financial Comparison.xlsx	ok	0	0			1346	
Career/CNBCU/Projects/4. NBCNews/News Group Overall Documents/4.4 Rock & Roll/Financials/2015/2015 02 Feb to NBC 150323.xlsx	ok	0	0			3	
Career/CNBCU/Projects/4. NBCNews/News Group Overall Documents/4.4 Rock & Roll/Financials/2015/Revere Workpapers 05052015.xlsx	ok	0	0			45	
Career/CNBCU/Projects/4. NBCNews/News Group Overall Documents/4.4 Rock & Roll/Financials/2015/Revere Workpapers 05222015.xlsx	ok	0	0			52	
Career/CNBCU/Projects/4. NBCNews/News Group Overall Documents/4.4 Rock & Roll/Financials/2015/RevereDigital.BalanceSheet.Jan-Mar.2015.xlsx	ok	0	0			1444	
Career/CNBCU/Projects/4. NBCNews/News Group Overall Documents/4.4 Rock & Roll/Financials/2015/RevereDigital.ProfitandLoss.Jan-Mar.2015.xlsx	ok	0	0			38	
Career/CNBCU/Projects/4. NBCNews/News Group Overall Documents/4.4 Rock & Roll/Financials/FP&A Summary_Revere Template 03.14.2014.xlsx	ok	0	0			1147	
Career/CNBCU/Projects/4. NBCNews/News Group Overall Documents/4.4 Rock & Roll/Financials/Models/3Q2014 News Group Investments - Account Rec Support.xlsx	ok	0	0			287	
Career/CNBCU/Projects/4. NBCNews/News Group Overall Documents/4.4 Rock & Roll/Financials/Models/PROJECT_X-P&L.v8 Base.xlsx	ok	0	0			19978	
Career/CNBCU/Projects/4. NBCNews/News Group Overall Documents/4.4 Rock & Roll/Financials/Models/Revere Financial Model_11 2013.xlsx	ok	0	0			13	
Career/CNBCU/Projects/4. NBCNews/News Group Overall Documents/4.4 Rock & Roll/Financials/ReCode 2014 Financials v2.xlsx	ok	0	0			2629	
Career/CNBCU/Projects/4. NBCNews/News Group Overall Documents/4.4 Rock & Roll/Financials/ReCode 2014 Financials.xlsx	ok	0	0			1413	
Career/CNBCU/Projects/4. NBCNews/News Group Overall Documents/4.4 Rock & Roll/Financials/Recode Pro Forma Cap Table.xlsx	ok	0	0			25	
Career/CNBCU/Projects/4. NBCNews/News Group Overall Documents/4.4 Rock & Roll/Investment Update/Archive/ReCode Trackerv01.xlsx	ok	0	0			1274	
Career/CNBCU/Projects/4. NBCNews/News Group Overall Documents/4.4 Rock & Roll/Investment Update/Support/Plan vs. Actual Comparison 3Q 2014.xlsx	ok	0	0			1332	
Career/CNBCU/Projects/4. NBCNews/News Group Overall Documents/4.4 Rock & Roll/Investment Update/Support/ReCode Tracker Feb 2015.xlsx	ok	0	0			1317	
Career/CNBCU/Projects/4. NBCNews/News Group Overall Documents/4.4 Rock & Roll/Investment Update/Support/Re_code Tearsheet October 2014 backup.xlsx	ok	0	0			1445	
Career/CNBCU/Projects/4. NBCNews/News Group Overall Documents/4.4 Rock & Roll/Investment Update/Support/Revere FY 2014 Financial Comparison.xlsx	ok	0	0			79	
Career/CNBCU/Projects/4. NBCNews/News Group Overall Documents/4.4 Rock & Roll/Operations/NBC Tracker- January.xlsx	ok	0	0			916	
Career/CNBCU/Projects/4. NBCNews/News Group Overall Documents/4.4 Rock & Roll/Operations/October 2014 - RO/ReCode Editorial Trackerv01.xlsx	ok	0	0			1400	
Career/CNBCU/Projects/4. NBCNews/News Group Overall Documents/4.4 Rock & Roll/Operations/ReCode Competitive Tracker Template 2015.xlsx	ok	0	0			19	
Career/CNBCU/Projects/4. NBCNews/News Group Overall Documents/4.4 Rock & Roll/Operations/ReCode KPI Tracker.xlsx	ok	0	0			1513	
Career/CNBCU/Projects/4. NBCNews/News Group Overall Documents/4.4 Rock & Roll/Operations/ReCode Tracker.xlsx	ok	0	0			1091	
Career/CNBCU/Projects/4. NBCNews/News Group Overall Documents/4.4 Rock & Roll/Project Rock n Roll/Models/Bid considerations.xlsx	ok	0	0			1373	
Career/CNBCU/Projects/4. NBCNews/News Group Overall Documents/4.4 Rock & Roll/Project Rock n Roll/Models/Rock & Roll Model.xlsx	ok	0	0			8	
Career/CNBCU/Projects/4. NBCNews/News Group Overall Documents/4.4 Rock & Roll/Project Rock n Roll/Models/Vox recode transaction.xlsx	ok	0	0			15	
Career/CNBCU/Projects/4. NBCNews/News Group Overall Documents/4.4 Rock & Roll/Project Rock n Roll/Support/Copy of Revere Workpapers 05222015 v1.xlsx	ok	0	0			66	
Career/CNBCU/Projects/4. NBCNews/News Group Overall Documents/4.4 Rock & Roll/Research/Project X Current Headcount.xlsx	ok	0	0			13	
Career/CNBCU/Projects/4. NBCNews/News Group Overall Documents/4.4 Rock & Roll/Rock & Roll Model.xlsx	ok	0	0			7	
Career/CNBCU/Projects/4. NBCNews/News Group Overall Documents/Deal Framework.xlsx	ok	0	0			8	
Career/CNBCU/Projects/4. NBCNews/News Group Overall Documents/Strategy Documents/News Group Strategy.xlsx	ok	0	0			106	
Career/CNBCU/Projects/4. NBCNews/News Group Overall Documents/Strategy Documents/Strategic Priorities.xlsx	ok	0	0			3	
Career/CNBCU/Projects/4. NBCNews/News Group Overall Documents/Talent P&Ls v2 (version 1).xlsx	ok	0	0			50	
Career/CNBCU/Projects/4. NBCNews/News Group Overall Documents/Upfront Pitches/M&A Target Tracker.xlsx	ok	0	0			17	
Career/CNBCU/Projects/4. NBCNews/News Group Overall Documents/Van Halen/Legal/Vox - Pro Forma Series F Cap Table (squire).xlsx	ok	0	0			14	
Career/CNBCU/Projects/4. NBCNews/News Group Overall Documents/Van Halen/Operations/NBCUNG Combo backup.xlsx	ok	0	0			1334	
Career/CNBCU/Projects/4. NBCNews/News Group Overall Documents/Van Halen/Support/Digital Numbers for Anna.xlsx	ok	0	0			12	
Career/CNBCU/Projects/4. NBCNews/News Group Overall Documents/Van Halen/Support/NBCData.xlsx	ok	0	0			2	
Career/CNBCU/Projects/4. NBCNews/News Group Overall Documents/Van Halen/Support/NG digital revenue summary.xlsx	ok	0	0			1588	
Career/CNBCU/Projects/4. NBCNews/News Group Overall Documents/Van Halen/Support/News Group traffic by channel.xlsx	ok	0	0			143	
Career/CNBCU/Projects/4. NBCNews/News Group Strategy.xlsx	ok	0	0			103	
Career/CNBCU/Projects/4. NBCNews/Strategic Priorities.xlsx	ok	0	0			3	
Career/CNBCU/Projects/4. NBCNews/Talent P&Ls v2 (version 1).xlsx	ok	0	0			1328	
Career/CNBCU/Projects/5. Project Chaos/5.0 Administrative/5.0.1 Project Tracking/CHAOS Project Tracker.xlsx	ok	0	0			1903	
Career/CNBCU/Projects/5. Project Chaos/5.0 Administrative/5.0.1 Project Tracking/Project Chaos Programming Tracker (2015.08.18).xlsx	ok	0	0			87	
Career/CNBCU/Projects/5. Project Chaos/5.0 Administrative/5.0.2 Budget/BBCWA NBC SVOD Comedy Offer 6 23 15_v(6-16-15).xlsx	ok	0	0			1552	
Career/CNBCU/Projects/5. Project Chaos/5.0 Administrative/5.0.2 Budget/Chaos Budget.xlsx	ok	0	0			2	
Career/CNBCU/Projects/5. Project Chaos/5.0 Administrative/5.0.2 Budget/Project Chaos - Operating Model_v68.xlsx	ok	15	1	grgNonlinear		3806	
Career/CNBCU/Projects/5. Project Chaos/5.0 Administrative/5.0.2 Budget/Project Chaos - Operating Model_v70.xlsx	ok	15	1	grgNonlinear		3635	
Career/CNBCU/Projects/5. Project Chaos/5.0 Administrative/5.0.5 QBRs/2016_Q2/LRP.xlsx	ok	0	0			3	
Career/CNBCU/Projects/5. Project Chaos/5.0 Administrative/5.0.7 Shutdown/Resumes/NBCU Weekly Open Req Report 05.15.17.xlsx	ok	0	0			1733	
Career/CNBCU/Projects/5. Project Chaos/5.1 Content/5.1.1 Programming/5.1.1.3 Rooftop/Live%20From%20the%20Barrel%20House%20Talent%20List.xlsx	ok	0	0			4	
Career/CNBCU/Projects/5. Project Chaos/5.1 Content/5.1.1 Programming/5.1.1.3 Rooftop/The%20Comedy%20Show%20Show%20Episode%20List.xlsx	ok	0	0			1	
Career/CNBCU/Projects/5. Project Chaos/5.1 Content/5.1.1 Programming/5.1.1.6 Monty Python/Python Profanity.xlsx	ok	0	0			2009	
Career/CNBCU/Projects/5. Project Chaos/5.1 Content/5.1.1 Programming/Asset Availability.xlsx	ok	0	0			1625	
Career/CNBCU/Projects/5. Project Chaos/5.1 Content/5.1.1 Programming/Project Chaos Programming Tracker (2015.07.29) copy.xlsx	ok	0	0			85	
Career/CNBCU/Projects/5. Project Chaos/5.1 Content/5.1.1 Programming/Project Chaos Programming Tracker (2015.08.12).xlsx	ok	0	0			87	
Career/CNBCU/Projects/5. Project Chaos/5.1 Content/Rails.xlsx	ok	0	0			2	
Career/CNBCU/Projects/5. Project Chaos/5.2 Content Operations/5.2.0 Process/5.2.2 Deal Info Sheet/Seeso Deal Memo.xlsx	ok	0	0			8	
Career/CNBCU/Projects/5. Project Chaos/5.2 Content Operations/5.2.0 Process/Process Map.xlsx	ok	0	0			2	
Career/CNBCU/Projects/5. Project Chaos/5.2 Content Operations/5.2.1 Delivery/5.2.1.1 Delivery Spec/Chaos Spec Documentation.xlsx	ok	0	0			8	
Career/CNBCU/Projects/5. Project Chaos/5.2 Content Operations/5.2.1 Delivery/5.2.1.3 Metadata/Metadata Pay Model.xlsx	ok	0	0			1261	
Career/CNBCU/Projects/5. Project Chaos/5.2 Content Operations/5.2.1 Delivery/5.2.1.4 Progress/Carolines Situation.xlsx	ok	0	0			45	
Career/CNBCU/Projects/5. Project Chaos/5.2 Content Operations/5.2.1 Delivery/5.2.1.4 Progress/Monty Python Delivery Tracker.xlsx	ok	0	0			22	
Career/CNBCU/Projects/5. Project Chaos/5.2 Content Operations/5.2.1 Delivery/5.2.1.4 Progress/metadata-2015-09-24_14-24-56.xlsx	ok	0	0			2178	
Career/CNBCU/Projects/5. Project Chaos/5.2 Content Operations/5.2.1 Delivery/Content Delivery Tracker 2.0.xlsx	ok	0	0			1395	
Career/CNBCU/Projects/5. Project Chaos/5.2 Content Operations/5.2.1 Delivery/Content Delivery Tracker 2.1.xlsx	ok	0	0			1330	
Career/CNBCU/Projects/5. Project Chaos/5.2 Content Operations/5.2.1 Delivery/Content Delivery Tracker.xlsx	ok	0	0			566	
Career/CNBCU/Projects/5. Project Chaos/5.2 Content Operations/5.2.2 Budget/Akamai Costs, 7.23.15.xlsx	ok	0	0			5	
Career/CNBCU/Projects/5. Project Chaos/5.2 Content Operations/5.2.2 Budget/Project Chaos - Operating Model_v70 (Autosaved).xlsx	ok	15	1	grgNonlinear		3819	
Career/CNBCU/Projects/5. Project Chaos/5.2 Content Operations/5.2.4 Metadata/Airworthy data.xlsx	ok	0	0			677	
Career/CNBCU/Projects/5. Project Chaos/5.2 Content Operations/5.2.4 Metadata/CAROLINES_COMEDY_SEESO_METADATA[1].xlsx	ok	0	0			1279	
Career/CNBCU/Projects/5. Project Chaos/5.2 Content Operations/5.2.4 Metadata/Metadata Update (Wheeljack's conflicted copy 2015-10-11).xlsx	ok	0	0			10665	
Career/CNBCU/Projects/5. Project Chaos/5.2 Content Operations/5.2.4 Metadata/Metadata Update vKLH.xlsx	ok	0	0			12394	
Career/CNBCU/Projects/5. Project Chaos/5.2 Content Operations/5.2.6 Amazon/Amazon Deliveries - March 30.xlsx	ok	0	0			1427	
Career/CNBCU/Projects/5. Project Chaos/5.2 Content Operations/5.2.6 Amazon/EMA_Seeso_20160405.xlsx	ok	0	0			8155	
Career/CNBCU/Projects/5. Project Chaos/5.2 Content Operations/5.2.6 Amazon/File – Amazon/Seeso_research_v2.xlsx	ok	0	0			2818	
Career/CNBCU/Projects/5. Project Chaos/5.2 Content Operations/5.2.6 Amazon/Final Seeso Launch Avails - TV.xlsx	unreadableWorkbook	0	0			1339	zipError("The operation couldn’t be completed. (SwiftZIP.ZIPError error 4.)")
Career/CNBCU/Projects/5. Project Chaos/5.2 Content Operations/5.2.6 Amazon/MISSING CONTENTS_33116.xlsx	ok	0	0			9	
Career/CNBCU/Projects/5. Project Chaos/5.2 Content Operations/5.2.6 Amazon/Missing Avails[1]-1 copy.xlsx	ok	0	0			284	
Career/CNBCU/Projects/5. Project Chaos/5.2 Content Operations/5.2.6 Amazon/Movies.xlsx	ok	0	0			38	
Career/CNBCU/Projects/5. Project Chaos/5.2 Content Operations/5.2.6 Amazon/Remaining Backfill EMA_2016_04_21.xlsx	ok	0	0			3114	
Career/CNBCU/Projects/5. Project Chaos/5.2 Content Operations/5.2.6 Amazon/Shows for Amazon.xlsx	ok	0	0			3	
Career/CNBCU/Projects/5. Project Chaos/5.2 Content Operations/5.2.6 Amazon/Title List.xlsx	ok	0	0			8	
Career/CNBCU/Projects/5. Project Chaos/5.2 Content Operations/5.2.6 Amazon/mappings.xlsx	ok	0	0			21	
Career/CNBCU/Projects/5. Project Chaos/5.3 Content Strategy/5.3.0 Budget/Project Chaos - Content Budget (7-7-15).xlsx	ok	0	0			216	
Career/CNBCU/Projects/5. Project Chaos/5.3 Content Strategy/5.3.0 Budget/Project Chaos - Content Budget (7-7-15)_v2.xlsx	ok	0	0			209	
Career/CNBCU/Projects/5. Project Chaos/5.3 Content Strategy/5.3.1 Autoplay/Autoplay Template (Autosaved).xlsx	ok	0	0			130	
Career/CNBCU/Projects/5. Project Chaos/5.3 Content Strategy/5.3.1 Autoplay/Autoplay Template.xlsx	ok	0	0			119	
Career/CNBCU/Projects/5. Project Chaos/5.3 Content Strategy/5.3.10 Bundling Strategy/Bundling Model.xlsx	ok	0	0			66	
Career/CNBCU/Projects/5. Project Chaos/5.3 Content Strategy/5.3.2 Quarterly Scheduling/Content Strategy.xlsx	ok	35	1	simplexLP	1,2,5	17	
Career/CNBCU/Projects/5. Project Chaos/5.3 Content Strategy/5.3.2 Quarterly Scheduling/Project Chaos Programming Tracker (2015.07.xlsx	ok	0	0			50	
Career/CNBCU/Projects/5. Project Chaos/5.3 Content Strategy/5.3.2 Quarterly Scheduling/Rights.xlsx	ok	0	0			2	
Career/CNBCU/Projects/5. Project Chaos/5.3 Content Strategy/5.3.2 Quarterly Scheduling/Slate.xlsx	ok	0	0			2323	
Career/CNBCU/Projects/5. Project Chaos/5.3 Content Strategy/5.3.3 Beta/Concepts/Beta Rollout Strategy.xlsx	ok	0	0			1520	
Career/CNBCU/Projects/5. Project Chaos/5.3 Content Strategy/5.3.3 Beta/Concepts/Calendar Maker.xlsx	ok	0	0			1370	
Career/CNBCU/Projects/5. Project Chaos/5.3 Content Strategy/5.3.3 Beta/Strategy/Beta + Launch/Beta -> Launch.xlsx	ok	0	0			4	
Career/CNBCU/Projects/5. Project Chaos/5.3 Content Strategy/5.3.3 Beta/Strategy/Beta + Launch/Beta and Launch Titles.xlsx	ok	0	0			11	
Career/CNBCU/Projects/5. Project Chaos/5.3 Content Strategy/5.3.3 Beta/VIPs/VIP Invitations.xlsx	ok	0	0			40	
Career/CNBCU/Projects/5. Project Chaos/5.3 Content Strategy/5.3.4 UX/5.3.4.1 Rails/Rails.xlsx	ok	0	0			1293	
Career/CNBCU/Projects/5. Project Chaos/5.3 Content Strategy/5.3.5 Content/Additional Free Content.xlsx	ok	0	0			3545	
Career/CNBCU/Projects/5. Project Chaos/5.3 Content Strategy/5.3.5 Content/Comedy Types.xlsx	ok	0	0			55	
Career/CNBCU/Projects/5. Project Chaos/5.3 Content Strategy/5.3.6 Programming/Detail.xlsx	ok	0	0			5668	
Career/CNBCU/Projects/5. Project Chaos/5.3 Content Strategy/5.3.6 Programming/Episode Ratings.xlsx	ok	0	0			1697	
Career/CNBCU/Projects/5. Project Chaos/5.3 Content Strategy/5.3.6 Programming/Playlist Builder.xlsx	ok	0	0			1646	
Career/CNBCU/Projects/5. Project Chaos/5.3 Content Strategy/5.3.6 Programming/Project Chaos - Content Budget (6-29-15).xlsx	ok	0	0			1520	
Career/CNBCU/Projects/5. Project Chaos/5.3 Content Strategy/5.3.6 Programming/Rails/Rails.xlsx	ok	0	0			1305	
Career/CNBCU/Projects/5. Project Chaos/5.3 Content Strategy/5.3.6 Programming/Rails/Seeso Now Picks.xlsx	ok	0	0			1369	
Career/CNBCU/Projects/5. Project Chaos/5.3 Content Strategy/5.3.6 Programming/Seeso Lists.xlsx	ok	0	0			10756	
Career/CNBCU/Projects/5. Project Chaos/5.3 Content Strategy/5.3.6 Programming/Seeso Programming Calendar.xlsx	ok	0	0			1449	
Career/CNBCU/Projects/5. Project Chaos/5.3 Content Strategy/5.3.6 Programming/Stunts/Day of Ha/Day of HA PID Builder.xlsx	ok	0	0			1602	
Career/CNBCU/Projects/5. Project Chaos/5.3 Content Strategy/5.3.6 Programming/Stunts/Day of Ha/Day of Ha Free Content.xlsx	ok	0	0			35	
Career/CNBCU/Projects/5. Project Chaos/5.3 Content Strategy/5.3.6 Programming/Stunts/Day of Ha/Day of Ha Lineup.xlsx	ok	0	0			6	
Career/CNBCU/Projects/5. Project Chaos/5.3 Content Strategy/5.3.8 Distribution/5.3.8.1 International/5.3.8.1.1 Canada/SeeSo_Canada_V1.xlsx	ok	0	0			1290	
Career/CNBCU/Projects/5. Project Chaos/5.3 Content Strategy/5.3.8 Distribution/5.3.8.2 Comcast/Seeso_Catalog_VR Auditv2.xlsx	ok	0	0			3509	
Career/CNBCU/Projects/5. Project Chaos/5.3 Content Strategy/5.3.9 NBC Content/NBCD Content.xlsx	ok	0	0			45	
Career/CNBCU/Projects/5. Project Chaos/5.4 Production Spec/Categories.xlsx	ok	0	0			24	
Career/CNBCU/Projects/5. Project Chaos/5.4 Production Spec/Current/TEMPLATE_Marketing PR Asks 2015_07_26.xlsx	ok	0	0			1346	
Career/CNBCU/Projects/5. Project Chaos/5.5 Marketing/Chaos Akamai IP Whitelist.xlsx	ok	0	0			2	
Career/CNBCU/Projects/5. Project Chaos/5.5 Marketing/Promo Asset Locations.xlsx	ok	0	0			28	
Career/CNBCU/Projects/5. Project Chaos/5.6 Product/5.6.4 AppGrid/AppGrid Changes 20160311.xlsx	ok	0	0			1168	
Career/CNBCU/Projects/5. Project Chaos/5.7 Retention Strategy/10% profiling.xlsx	ok	0	0			199	
Career/CNBCU/Projects/5. Project Chaos/5.7 Retention Strategy/2016.12.01 Model Notes.xlsx	ok	0	0			6	
Career/CNBCU/Projects/5. Project Chaos/5.7 Retention Strategy/CLV by churn improvement.xlsx	ok	0	0			1556	
Career/CNBCU/Projects/5. Project Chaos/5.7 Retention Strategy/Customer Acquisition Projections.xlsx	ok	0	0			49	
Career/CNBCU/Projects/5. Project Chaos/5.7 Retention Strategy/Daily Subscriber Cleanup/Official Queries/Mixpanel Segmentation Event Definitions.xlsx	ok	0	0			44	
Career/CNBCU/Projects/5. Project Chaos/5.7 Retention Strategy/Retention Calendar.xlsx	ok	0	0			463	
Career/CNBCU/Projects/5. Project Chaos/5.7 Retention Strategy/Retention Tools v2.xlsx	ok	0	0			18	
Career/CNBCU/Projects/5. Project Chaos/5.7 Retention Strategy/Sunset Calendar.xlsx	ok	0	0			1735	
Career/CNBCU/Projects/5. Project Chaos/5.7 Retention Strategy/Tests/Retention Tests.xlsx	ok	0	0			43	
Career/CNBCU/Projects/5. Project Chaos/5.7 Retention Strategy/Tests/Test 001.xlsx	unreadableWorkbook	0	0			6	zipError("The operation couldn’t be completed. (SwiftZIP.ZIPError error 4.)")
Career/CNBCU/Projects/5. Project Chaos/5.7 Retention Strategy/Tests/Workbook1.xlsx	ok	0	0			1407	
Career/CNBCU/Projects/5. Project Chaos/Start Here/1. Useful Documents/1. Production Spec/TEMPLATE_Marketing PR Asks 2015_07_26.xlsx	ok	0	0			7	
Career/CNBCU/Projects/6.0 Digital Enterprises/6.0.0 Administrative/6.0.0.2 Media Bank/6.0.0.2.3 Excel/Advertising Model.xlsx	ok	0	0			45	
Career/CNBCU/Projects/6.0 Digital Enterprises/6.0.0 Administrative/6.0.0.4 DE Strategy/Awesomeness Projected Financials.xlsx	ok	0	0			45	
Career/CNBCU/Projects/6.0 Digital Enterprises/6.0.0 Administrative/6.0.0.4 DE Strategy/Content Spend.xlsx	ok	0	0			1302	
Career/CNBCU/Projects/6.0 Digital Enterprises/6.0.0 Administrative/6.0.0.4 DE Strategy/Strategy & Ops Monthly Update.xlsx	ok	0	0			49	
Career/CNBCU/Projects/6.0 Digital Enterprises/6.0.0 Administrative/6.0.0.4 DE Strategy/Strategy & Ops Weekly Update.xlsx	ok	0	0			50	
Career/CNBCU/Projects/6.0 Digital Enterprises/6.0.0 Administrative/6.0.0.4 DE Strategy/Tech Conference Schedule.xlsx	ok	0	0			60	
Career/CNBCU/Projects/6.0 Digital Enterprises/6.1 LRP/17 Wins in 2017.xlsx	ok	0	0			43	
Career/CNBCU/Projects/6.0 Digital Enterprises/6.1 LRP/6.1.1 QBR/Seeso Subs & Revenue.xlsx	ok	0	0			1378	
Career/CNBCU/Projects/6.0 Digital Enterprises/6.1 LRP/6.1.2 Strategy/Discovery–SNI/Discovery Scripps – Traffic & Engagement .xlsx	ok	0	0			1322	
Career/CNBCU/Projects/6.0 Digital Enterprises/6.2 Audio/6.2.0 Research/Art19/Art19 Pricing.xlsx	ok	0	0			1085	
Career/CNBCU/Projects/6.0 Digital Enterprises/6.2 Audio/6.2.0 Research/Audio Business Models.xlsx	ok	0	0			1111	
Career/CNBCU/Projects/6.0 Digital Enterprises/6.2 Audio/6.2.1 Musical.ly/Musically Assumptions.xlsx	ok	0	0			46	
Career/CNBCU/Projects/6.0 Digital Enterprises/6.2 Audio/6.2.4 TuneIn/6.2.4.1 Data & Projections/6.2.4.1.0 NBCU Data & Projections/Breakeven Analysis.xlsx	ok	0	0			1449	
Career/CNBCU/Projects/6.0 Digital Enterprises/6.2 Audio/6.2.4 TuneIn/6.2.4.1 Data & Projections/6.2.4.1.0 NBCU Data & Projections/Historical and Projected Financials.xlsx	ok	41	1	simplexLP	1,3,4	915	
Career/CNBCU/Projects/6.0 Digital Enterprises/6.2 Audio/6.2.4 TuneIn/6.2.4.1 Data & Projections/6.2.4.1.0 NBCU Data & Projections/Sports Rights Evaluation.xlsx	ok	0	0			1345	
Career/CNBCU/Projects/6.0 Digital Enterprises/6.2 Audio/6.2.4 TuneIn/6.2.4.1 Data & Projections/6.2.4.1.0 NBCU Data & Projections/TI Breakeven Analysis VQ.xlsx	ok	0	0			57	
Career/CNBCU/Projects/6.0 Digital Enterprises/6.2 Audio/6.2.4 TuneIn/6.2.4.1 Data & Projections/6.2.4.1.0 NBCU Data & Projections/Tune-In Opportunity.xlsx	ok	0	0			1442	
Career/CNBCU/Projects/6.0 Digital Enterprises/6.2 Audio/6.2.4 TuneIn/6.2.4.1 Data & Projections/6.2.4.1.1 Management Data & Projections/Financials – Historical/Administrative/2014-2018 Headcount.xlsx	ok	0	0			1414	
Career/CNBCU/Projects/6.0 Digital Enterprises/6.2 Audio/6.2.4 TuneIn/6.2.4.1 Data & Projections/6.2.4.1.1 Management Data & Projections/Financials – Historical/Content Debit Expense.xlsx	ok	0	0			19	
Career/CNBCU/Projects/6.0 Digital Enterprises/6.2 Audio/6.2.4 TuneIn/6.2.4.1 Data & Projections/6.2.4.1.1 Management Data & Projections/Financials – Historical/Historical COS and Content Detail.xlsx	ok	0	0			17	
Career/CNBCU/Projects/6.0 Digital Enterprises/6.2 Audio/6.2.4 TuneIn/6.2.4.1 Data & Projections/6.2.4.1.1 Management Data & Projections/Financials – Historical/Historical Financials.xlsx	ok	0	0			170	
Career/CNBCU/Projects/6.0 Digital Enterprises/6.2 Audio/6.2.4 TuneIn/6.2.4.1 Data & Projections/6.2.4.1.1 Management Data & Projections/Financials – Historical/Historical OpEx Detail.xlsx	ok	0	0			135	
Career/CNBCU/Projects/6.0 Digital Enterprises/6.2 Audio/6.2.4 TuneIn/6.2.4.1 Data & Projections/6.2.4.1.1 Management Data & Projections/Financials – Historical/Historical Revenue Detail (GAAP and Non-GAAP).xlsx	ok	0	0			145	
Career/CNBCU/Projects/6.0 Digital Enterprises/6.2 Audio/6.2.4 TuneIn/6.2.4.1 Data & Projections/6.2.4.1.1 Management Data & Projections/Financials – Historical/TuneIn Financials - Historical & Proj.xlsx	ok	0	0			3435	
Career/CNBCU/Projects/6.0 Digital Enterprises/6.2 Audio/6.2.4 TuneIn/6.2.4.1 Data & Projections/6.2.4.1.1 Management Data & Projections/Financials – Projected/Historical and Projected Opex Detail.xlsx	ok	0	0			1675	
Career/CNBCU/Projects/6.0 Digital Enterprises/6.2 Audio/6.2.4 TuneIn/6.2.4.1 Data & Projections/6.2.4.1.1 Management Data & Projections/Financials – Projected/TuneIn Financials - Historical & Proj.xlsx	ok	0	0			1188	
Career/CNBCU/Projects/6.0 Digital Enterprises/6.2 Audio/6.2.4 TuneIn/6.2.4.1 Data & Projections/6.2.4.1.1 Management Data & Projections/Premium Funnel/Churn Cohort Analysis (Annual and Monthly).xlsx	ok	0	0			41	
Career/CNBCU/Projects/6.0 Digital Enterprises/6.2 Audio/6.2.4 TuneIn/6.2.4.1 Data & Projections/6.2.4.1.1 Management Data & Projections/Premium Funnel/Churn Curve Analysis (Annual and Monthly).xlsx	ok	0	0			25	
Career/CNBCU/Projects/6.0 Digital Enterprises/6.2 Audio/6.2.4 TuneIn/6.2.4.1 Data & Projections/6.2.4.1.1 Management Data & Projections/Premium Funnel/Conversion-to-Paid Rate (Annual and Monthly).xlsx	ok	0	0			36	
Career/CNBCU/Projects/6.0 Digital Enterprises/6.2 Audio/6.2.4 TuneIn/6.2.4.1 Data & Projections/6.2.4.1.1 Management Data & Projections/Premium Funnel/Day 0 Opt-in Rate.xlsx	ok	0	0			27	
Career/CNBCU/Projects/6.0 Digital Enterprises/6.2 Audio/6.2.4 TuneIn/6.2.4.1 Data & Projections/6.2.4.1.1 Management Data & Projections/Premium Funnel/Opt-in Mix (Annual and Monthly).xlsx	ok	0	0			1186	
Career/CNBCU/Projects/6.0 Digital Enterprises/6.2 Audio/6.2.4 TuneIn/6.2.4.1 Data & Projections/6.2.4.1.1 Management Data & Projections/Premium Funnel/Subscribers and Churn.xlsx	ok	0	0			1804	
Career/CNBCU/Projects/6.0 Digital Enterprises/6.2 Audio/6.2.4 TuneIn/6.2.4.1 Data & Projections/6.2.4.1.1 Management Data & Projections/Reach, DAU, and Listening/Reach.xlsx	ok	0	0			15	
Career/CNBCU/Projects/6.0 Digital Enterprises/6.2 Audio/6.2.4 TuneIn/6.2.4.2 Presentations/6.2.4.2.0 Previous Versions/TuneIn Highlights.xlsx	ok	0	0			48	
Career/CNBCU/Projects/6.0 Digital Enterprises/6.2 Audio/6.2.4 TuneIn/6.2.4.4 Model/Historical and Projected Financials-2.xlsx	ok	41	1	simplexLP	1,3,4	873	
Career/CNBCU/Projects/6.0 Digital Enterprises/6.2 Audio/6.2.4 TuneIn/6.2.4.4 Model/Historical and Projected Financials.xlsx	ok	41	1	simplexLP	1,3,4	857	
Career/CNBCU/Projects/6.0 Digital Enterprises/6.2 Audio/6.2.4 TuneIn/6.2.4.4 Model/Podcast Economics (Autosaved).xlsx	ok	0	0			1387	
Career/CNBCU/Projects/6.0 Digital Enterprises/6.2 Audio/6.2.5 Strategy/Audio Strategy Deck.xlsx	ok	0	0			2195	
Career/CNBCU/Projects/6.0 Digital Enterprises/6.2 Audio/6.2.5 Strategy/Data/Audio Market Size.xlsx	ok	0	0			1859	
Career/CNBCU/Projects/6.0 Digital Enterprises/6.2 Audio/6.2.5 Strategy/Data/Audio Market SizeV2.xlsx	ok	0	0			2156	
Career/CNBCU/Projects/6.0 Digital Enterprises/6.2 Audio/6.2.5 Strategy/Data/Audio Strategy Statistics.xlsx	ok	0	0			46	
Career/CNBCU/Projects/6.0 Digital Enterprises/6.2 Audio/6.2.5 Strategy/Data/BravOxy P&L Wondery.xlsx	ok	0	0			45	
Career/CNBCU/Projects/6.0 Digital Enterprises/6.2 Audio/6.2.5 Strategy/Data/MAU vs. Years.xlsx	ok	0	0			1562	
Career/CNBCU/Projects/6.0 Digital Enterprises/6.2 Audio/6.2.5 Strategy/Data/Music Subscription Growth.xlsx	ok	0	0			1229	
Career/CNBCU/Projects/6.0 Digital Enterprises/6.2 Audio/6.2.5 Strategy/Data/Podcast Economics.xlsx	ok	0	0			1555	
Career/CNBCU/Projects/6.0 Digital Enterprises/6.2 Audio/6.2.5 Strategy/Data/Podcast Listening Statistics.xlsx	ok	0	0			48	
Career/CNBCU/Projects/6.0 Digital Enterprises/6.2 Audio/6.2.5 Strategy/Data/Podcast Time.xlsx	ok	0	0			1297	
Career/CNBCU/Projects/6.0 Digital Enterprises/6.2 Audio/6.2.5 Strategy/Data/Podcasting Economics – Cleaned.xlsx	ok	0	0			20	
Career/CNBCU/Projects/6.0 Digital Enterprises/6.2 Audio/6.2.5 Strategy/Data/Share of Ear.xlsx	ok	0	0			1374	
Career/CNBCU/Projects/6.0 Digital Enterprises/6.2 Audio/6.2.5 Strategy/Data/Top 100 Podcasters.xlsx	ok	0	0			51	
Career/CNBCU/Projects/6.0 Digital Enterprises/6.2 Audio/6.2.5 Strategy/Data/Workbook1.xlsx	ok	0	0			45	
Career/CNBCU/Projects/6.0 Digital Enterprises/6.2 Audio/6.2.5 Strategy/Data/demographics for audio.xlsx	ok	0	0			13	
Career/CNBCU/Projects/6.0 Digital Enterprises/6.2 Audio/6.2.5 Strategy/Podcasting Economics.xlsx	ok	0	0			18	
Career/CNBCU/Projects/6.0 Digital Enterprises/6.4 OTT/Peacock/TV.MetaData.forSEOandSharing.xlsx	ok	0	0			14	
Career/CNBCU/Projects/6.0 Digital Enterprises/6.7 Gaming/6.7.2 Data/Gaming Filter.xlsx	ok	0	0			45	
Career/CNBCU/Projects/Interview points.xlsx	ok	0	0			1430	
Career/Employment/Resource | Amazon | Star Framework Prep.xlsx	ok	0	0			10	
Career/GS/Briefcase/departure model 2014 Update.xlsx	ok	0	0			54	
Career/GS/Credit/USA Standard Model 08-08-01.xlsx	ok	0	0			1730	
Career/GS/GS – Sample/CMCSA Model 1.0.1.xlsx	ok	7	5	grgNonlinear,grgNonlinear,grgNonlinear,grgNonlinear,grgNonlinear		6048	
Career/GS/GS – Sample/CMCSA Model 2.0.0.xlsx	ok	6	3	grgNonlinear,grgNonlinear,grgNonlinear		2206	
Career/GS/stegsr.xlsx	ok	0	0			1837	
Career/Hotels at Home/1. Marketplace/Architecture/0. Overall/0.1 Myplanet/Myplanet Documents/CMS Requirements.xlsx	ok	0	0			154	
Career/Hotels at Home/1. Marketplace/Architecture/0. Overall/0.1 Myplanet/Myplanet Documents/Copy of HK Backlog - Ordered with Assumptions - Jan 2020.xlsx	ok	0	0			1563	
Career/Hotels at Home/1. Marketplace/Architecture/0. Overall/0.1 Myplanet/Myplanet Documents/Copy of House Key Stakeholder Interview Discussion Guides.xlsx	ok	0	0			508	
Career/Hotels at Home/1. Marketplace/Architecture/0. Overall/Bellamore Roadmap.xlsx	ok	0	0			60	
Career/Hotels at Home/1. Marketplace/Architecture/0. Overall/Business and Functional Requirements.xlsx	ok	0	0			82	
Career/Hotels at Home/1. Marketplace/Architecture/0. Overall/Functional Split.xlsx	ok	0	0			1333	
Career/Hotels at Home/1. Marketplace/Architecture/0. Overall/Hotels @ Home Platform Projections - Volume & GTM.xlsx	ok	0	0			1331	
Career/Hotels at Home/1. Marketplace/Architecture/0. Overall/Required Information.xlsx	ok	0	0			62	
Career/Hotels at Home/1. Marketplace/Architecture/API Requirements/API Requirements.xlsx	ok	0	0			55	
Career/Hotels at Home/1. Marketplace/Architecture/API Requirements/Marketplace Notes.xlsx	ok	0	0			1846	
Career/Hotels at Home/1. Marketplace/Architecture/API Requirements/Marketplace-Requirements.xlsx	ok	0	0			1305	
Career/Hotels at Home/1. Marketplace/Architecture/Bellamore Marketplace.xlsx	ok	0	0			22	
Career/Hotels at Home/1. Marketplace/Architecture/CMS/CMS Requirements.xlsx	ok	0	0			161	
Career/Hotels at Home/1. Marketplace/Architecture/CMS/Contentful/Potential Implementation Partners.xlsx	ok	0	0			56	
Career/Hotels at Home/1. Marketplace/Architecture/Customer Data Platform/CDP Requirements.xlsx	ok	0	0			55	
Career/Hotels at Home/1. Marketplace/Architecture/Design/Required Browsers/Analytics SOF-ALL Live Browser & OS 20210101-20210805.xlsx	ok	0	0			7	
Career/Hotels at Home/1. Marketplace/Architecture/Design/Required Browsers/Analytics SOF-ALL Live Browser Version & OS 20210101-20210805.xlsx	ok	0	0			1681	
Career/Hotels at Home/1. Marketplace/Architecture/Design/Required Browsers/browser_version-ww-monthly-202007-202107.xlsx	ok	0	0			24	
Career/Hotels at Home/1. Marketplace/Architecture/ERP/Requirements/NetSuite Tasks.xlsx	ok	0	0			56	
Career/Hotels at Home/1. Marketplace/Architecture/ERP/Requirements/NetSuite_Requirements_Documents_041818_Revised 12-03-18.xlsx	ok	0	0			76	
Career/Hotels at Home/1. Marketplace/Architecture/Payments/0. HaH Data/2020 Transaction Summary.xlsx	ok	0	0			54	
Career/Hotels at Home/1. Marketplace/Architecture/Payments/0. HaH Data/CC Transactions by Type.xlsx	ok	0	0			3715	
Career/Hotels at Home/1. Marketplace/Architecture/Payments/Checkout Comparison.xlsx	ok	0	0			131	
Career/Hotels at Home/1. Marketplace/Architecture/Payments/Payments Processing Model.xlsx	ok	0	0			59	
Career/Hotels at Home/1. Marketplace/Architecture/Payments/Processing fees analysis.xlsx	ok	0	0			1271	
Career/Hotels at Home/1. Marketplace/Architecture/Pricing/Tech Stack Pricing Model.xlsx	ok	0	0			1259	
Career/Hotels at Home/1. Marketplace/Architecture/SEO/On-page SEO Checklist - for PHK.xlsx	ok	0	0			1287	
Career/Hotels at Home/1. Marketplace/Architecture/SEO/SEO Considerations/Companion - SwG SEO Tech Audit - Apr19.xlsx	ok	0	0			1822	
Career/Hotels at Home/1. Marketplace/Architecture/Subscriptions/Subscriptions Ticket Maker.xlsx	ok	0	0			1410	
Career/Hotels at Home/1. Marketplace/Architecture/Tax/Hotels at Home Project Plan.xlsx	ok	0	0			11	
Career/Hotels at Home/1. Marketplace/Architecture/eCommerce/0. Requirements/Marketplace-Requirements.xlsx	ok	0	0			2	
Career/Hotels at Home/1. Marketplace/Architecture/eCommerce/14. Unirgy/Bellamore Marketplace.xlsx	ok	0	0			20	
Career/Hotels at Home/1. Marketplace/Architecture/eCommerce/14. Unirgy/Invoice Check.xlsx	ok	0	0			1335	
Career/Hotels at Home/1. Marketplace/Architecture/eCommerce/14. Unirgy/Sample Order Set.xlsx	ok	0	0			1043	
Career/Hotels at Home/1. Marketplace/Architecture/eCommerce/Orient Express Retail Vendor Product Details.xlsx	ok	0	0			1397	
Career/Hotels at Home/1. Marketplace/Architecture/eCommerce/Orient-Express-Supplier-Questionnaire.xlsx	ok	0	0			1227	
Career/Hotels at Home/1. Marketplace/Architecture/eCommerce/Potentials .xlsx	ok	0	0			66	
Career/Hotels at Home/1. Marketplace/Presentations/Content Ideas/Content Samples/BetterHosting_Content Outline.xlsx	ok	0	0			1351	
Career/Hotels at Home/3. HaH EU/EU Components/Component List.xlsx	ok	0	0			1134	
Career/Hotels at Home/3. HaH EU/EU Components/EU Components.xlsx	ok	0	0			56	
Career/Hotels at Home/3. HaH EU/Empeek Situation.xlsx	ok	0	0			56	
Career/Hotels at Home/3. HaH EU/HAH EU Issues/Hotel Selector/Hotel Selector JSON Creator.xlsx	ok	0	0			125	
Career/Hotels at Home/3. HaH EU/HAH EU Issues/Hotel Selector/MI - Hotel Selector/CYM_hotelslist_CSV.xlsx	ok	0	0			103	
Career/Hotels at Home/3. HaH EU/HAH EU Issues/Hotel Selector/MI - Hotel Selector/EDT_hotelslist_CSV.xlsx	ok	0	0			3	
Career/Hotels at Home/3. HaH EU/HAH EU Issues/Hotel Selector/MI - Hotel Selector/HB_hotelslist_CSV.xlsx	ok	0	0			1328	
Career/Hotels at Home/3. HaH EU/HAH EU Issues/Hotel Selector/MI - Hotel Selector/LUX_hotelslist_CSV.xlsx	ok	0	0			13	
Career/Hotels at Home/3. HaH EU/HAH EU Issues/Hotel Selector/MI - Hotel Selector/RHR_hotelslist_CSV.xlsx	ok	0	0			17	
Career/Hotels at Home/3. HaH EU/HAH EU Issues/Hotel Selector/MI - Hotel Selector/SH_hotelslist_CSV.xlsx	ok	0	0			48	
Career/Hotels at Home/3. HaH EU/HAH EU Issues/Hotel Selector/MI - Hotel Selector/STR_hotelslist_CSV.xlsx	ok	0	0			1551	
Career/Hotels at Home/3. HaH EU/HAH EU Issues/Hotel Selector/MI - Hotel Selector/WHO_hotelslist_CSV.xlsx	ok	0	0			1395	
Career/Hotels at Home/3. HaH EU/HAH EU Issues/Product/Attributes.xlsx	ok	0	0			197	
Career/Hotels at Home/3. HaH EU/HAH EU Issues/Upload Tests/Attributes/Attributes.xlsx	ok	0	0			1993	
Career/Hotels at Home/3. HaH EU/HAH EU Issues/Upload Tests/Attributes/attributetest1.xlsx	ok	0	0			78	
Career/Hotels at Home/3. HaH EU/HAH EU Issues/Upload Tests/Templates and Directions/Documentation - Import Product-2.xlsx	ok	0	0			26	
Career/Hotels at Home/3. HaH EU/HAH EU Issues/Upload Tests/Templates and Directions/Template - Import Product-2.xlsx	ok	0	0			18	
Career/Hotels at Home/3. HaH EU/HaH EU Documentation/Product Import/Attributes.xlsx	ok	0	0			183	
Career/Hotels at Home/3. HaH EU/HaH EU Documentation/Product Import/Avalara_Items_Import_Template_RHREU.xlsx	ok	0	0			7	
Career/Hotels at Home/3. HaH EU/HaH EU Documentation/Product Import/Documentation - Import Product.xlsx	ok	0	0			1639	
Career/Hotels at Home/3. HaH EU/HaH EU Documentation/Product Import/ImportItemsHelp-CrossBorder-45da7e7fd1f21af8d70b7569d3dcddf6.xlsx	ok	0	0			1366	
Career/Hotels at Home/3. HaH EU/HaH EU Documentation/Product Import/Template - Import Product.xlsx	ok	0	0			1520	
Career/Hotels at Home/3. HaH EU/HotelsAtHome - EU Project.xlsx	ok	0	0			1525	
Career/Hotels at Home/3. HaH EU/Infrastructure/Project Status Report (Hotels at Home).xlsx	ok	0	0			7	
Career/Hotels at Home/3. HaH EU/Product Catalog.xlsx	ok	0	0			3923	
Career/Hotels at Home/3. HaH EU/Product Files/CSV/Configurable Products – Images june7.xlsx	ok	0	0			72	
Career/Hotels at Home/3. HaH EU/Product Files/CSV/Configurable Products – Images.xlsx	ok	0	0			1593	
Career/Hotels at Home/3. HaH EU/Product Files/CSV/Kit Products – Images.xlsx	ok	0	0			1939	
Career/Hotels at Home/3. HaH EU/Product Files/CSV/Kits.xlsx	ok	0	0			343	
Career/Hotels at Home/3. HaH EU/Product Files/CSV/Simple Products - Images.xlsx	ok	0	0			42	
Career/Hotels at Home/3. HaH EU/Product Files/CSV/images aligned.xlsx	ok	0	0			1568	
Career/Hotels at Home/3. HaH EU/Product Files/CSV/updated_attributes.xlsx	ok	0	0			12	
Career/Hotels at Home/3. HaH EU/Product Files/CYMEU/CYMEU_Configurable_Products.xlsx	ok	0	0			85	
Career/Hotels at Home/3. HaH EU/Product Files/CYMEU/CYMEU_DE/CYMEU_import_grouped_DE.xlsx	ok	0	0			4	
Career/Hotels at Home/3. HaH EU/Product Files/CYMEU/CYMEU_DE/CYMEU_import_kit_configurable_DE.xlsx	ok	0	0			5	
Career/Hotels at Home/3. HaH EU/Product Files/CYMEU/CYMEU_DE/CYMEU_import_simples_cat_search_DE.xlsx	ok	0	0			1285	
Career/Hotels at Home/3. HaH EU/Product Files/CYMEU/CYMEU_DE/CYMEU_import_simples_not_visible_DE.xlsx	ok	0	0			15	
Career/Hotels at Home/3. HaH EU/Product Files/CYMEU/CYMEU_EN/CYMEU_import_grouped_EN.xlsx	ok	0	0			10	
Career/Hotels at Home/3. HaH EU/Product Files/CYMEU/CYMEU_EN/CYMEU_import_kit_configurable_EN.xlsx	ok	0	0			1351	
Career/Hotels at Home/3. HaH EU/Product Files/CYMEU/CYMEU_EN/CYMEU_import_related_skus.xlsx	ok	0	0			1239	
Career/Hotels at Home/3. HaH EU/Product Files/CYMEU/CYMEU_EN/CYMEU_import_simples_cat_search_EN.xlsx	ok	0	0			1378	
Career/Hotels at Home/3. HaH EU/Product Files/CYMEU/CYMEU_EN/CYMEU_import_simples_not_visible_EN.xlsx	ok	0	0			25	
Career/Hotels at Home/3. HaH EU/Product Files/CYMEU/CYMEU_ES/CYMEU_import_grouped_ES.xlsx	ok	0	0			14	
Career/Hotels at Home/3. HaH EU/Product Files/CYMEU/CYMEU_ES/CYMEU_import_kit_configurable_ES.xlsx	ok	0	0			7	
Career/Hotels at Home/3. HaH EU/Product Files/CYMEU/CYMEU_ES/CYMEU_import_simples_cat_search_ES.xlsx	ok	0	0			1296	
Career/Hotels at Home/3. HaH EU/Product Files/CYMEU/CYMEU_ES/CYMEU_import_simples_not_visible_ES.xlsx	ok	0	0			14	
Career/Hotels at Home/3. HaH EU/Product Files/CYMEU/CYMEU_FR/CYMEU_import_grouped_FR.xlsx	ok	0	0			1627	
Career/Hotels at Home/3. HaH EU/Product Files/CYMEU/CYMEU_FR/CYMEU_import_kit_configurable_FR.xlsx	ok	0	0			1414	
Career/Hotels at Home/3. HaH EU/Product Files/CYMEU/CYMEU_FR/CYMEU_import_simples_cat_search_FR.xlsx	ok	0	0			1240	
Career/Hotels at Home/3. HaH EU/Product Files/CYMEU/CYMEU_FR/CYMEU_import_simples_not_visible_FR.xlsx	ok	0	0			1307	
Career/Hotels at Home/3. HaH EU/Product Files/CYMEU/CYMEU_Upsell_String.xlsx	ok	0	0			1786	
Career/Hotels at Home/3. HaH EU/Product Files/CYMEU/CYMEU_kits.xlsx	ok	0	0			392	
Career/Hotels at Home/3. HaH EU/Product Files/EDTEU/EDTEU_DE/EDTEU_import_grouped_DE.xlsx	ok	0	0			4	
Career/Hotels at Home/3. HaH EU/Product Files/EDTEU/EDTEU_DE/EDTEU_import_kit_configurable_DE.xlsx	ok	0	0			1508	
Career/Hotels at Home/3. HaH EU/Product Files/EDTEU/EDTEU_DE/EDTEU_import_simples_cat_search_DE.xlsx	ok	0	0			1428	
Career/Hotels at Home/3. HaH EU/Product Files/EDTEU/EDTEU_DE/EDTEU_import_simples_not_visible_DE.xlsx	ok	0	0			1576	
Career/Hotels at Home/3. HaH EU/Product Files/EDTEU/EDTEU_EN/EDTEU_import_grouped_EN.xlsx	ok	0	0			10	
Career/Hotels at Home/3. HaH EU/Product Files/EDTEU/EDTEU_EN/EDTEU_import_kit_configurable_EN.xlsx	ok	0	0			1412	
Career/Hotels at Home/3. HaH EU/Product Files/EDTEU/EDTEU_EN/EDTEU_import_related_skus.xlsx	ok	0	0			1368	
Career/Hotels at Home/3. HaH EU/Product Files/EDTEU/EDTEU_EN/EDTEU_import_simples_cat_search_EN.xlsx	ok	0	0			15	
Career/Hotels at Home/3. HaH EU/Product Files/EDTEU/EDTEU_EN/EDTEU_import_simples_not_visible_EN.xlsx	ok	0	0			1316	
Career/Hotels at Home/3. HaH EU/Product Files/EDTEU/EDTEU_ES/EDTEU_import_grouped_ES.xlsx	ok	0	0			4	
Career/Hotels at Home/3. HaH EU/Product Files/EDTEU/EDTEU_ES/EDTEU_import_kit_configurable_ES.xlsx	ok	0	0			1767	
Career/Hotels at Home/3. HaH EU/Product Files/EDTEU/EDTEU_ES/EDTEU_import_simples_cat_search_ES.xlsx	ok	0	0			1414	
Career/Hotels at Home/3. HaH EU/Product Files/EDTEU/EDTEU_ES/EDTEU_import_simples_not_visible_ES.xlsx	ok	0	0			6695	
Career/Hotels at Home/3. HaH EU/Product Files/EDTEU/EDTEU_FR/EDTEU_import_grouped_FR.xlsx	ok	0	0			7	
Career/Hotels at Home/3. HaH EU/Product Files/EDTEU/EDTEU_FR/EDTEU_import_kit_configurable_FR.xlsx	ok	0	0			1401	
Career/Hotels at Home/3. HaH EU/Product Files/EDTEU/EDTEU_FR/EDTEU_import_simples_cat_search_FR.xlsx	ok	0	0			1535	
Career/Hotels at Home/3. HaH EU/Product Files/EDTEU/EDTEU_FR/EDTEU_import_simples_not_visible_FR.xlsx	ok	0	0			2004	
Career/Hotels at Home/3. HaH EU/Product Files/HBEU/HBEU_DE/HBEU_import_grouped_DE.xlsx	ok	0	0			4	
Career/Hotels at Home/3. HaH EU/Product Files/HBEU/HBEU_DE/HBEU_import_kit_configurable_DE.xlsx	ok	0	0			8	
Career/Hotels at Home/3. HaH EU/Product Files/HBEU/HBEU_DE/HBEU_import_simples_cat_search_DE.xlsx	ok	0	0			7	
Career/Hotels at Home/3. HaH EU/Product Files/HBEU/HBEU_DE/HBEU_import_simples_not_visible_DE.xlsx	ok	0	0			8	
Career/Hotels at Home/3. HaH EU/Product Files/HBEU/HBEU_EN/HBEU_import_grouped_EN.xlsx	ok	0	0			1547	
Career/Hotels at Home/3. HaH EU/Product Files/HBEU/HBEU_EN/HBEU_import_kit_configurable_EN.xlsx	ok	0	0			18	
Career/Hotels at Home/3. HaH EU/Product Files/HBEU/HBEU_EN/HBEU_import_related_skus.xlsx	ok	0	0			1442	
Career/Hotels at Home/3. HaH EU/Product Files/HBEU/HBEU_EN/HBEU_import_simples_cat_search_EN.xlsx	ok	0	0			17	
Career/Hotels at Home/3. HaH EU/Product Files/HBEU/HBEU_EN/HBEU_import_simples_not_visible_EN.xlsx	ok	0	0			19	
Career/Hotels at Home/3. HaH EU/Product Files/HBEU/HBEU_ES/HBEU_import_grouped_ES.xlsx	ok	0	0			4	
Career/Hotels at Home/3. HaH EU/Product Files/HBEU/HBEU_ES/HBEU_import_kit_configurable_ES.xlsx	ok	0	0			8	
Career/Hotels at Home/3. HaH EU/Product Files/HBEU/HBEU_ES/HBEU_import_simples_cat_search_ES.xlsx	ok	0	0			6	
Career/Hotels at Home/3. HaH EU/Product Files/HBEU/HBEU_ES/HBEU_import_simples_not_visible_ES.xlsx	ok	0	0			1718	
Career/Hotels at Home/3. HaH EU/Product Files/HBEU/HBEU_FR/HBEU_import_cat_search_FR.xlsx	ok	0	0			10	
Career/Hotels at Home/3. HaH EU/Product Files/HBEU/HBEU_FR/HBEU_import_grouped_FR.xlsx	ok	0	0			1201	
Career/Hotels at Home/3. HaH EU/Product Files/HBEU/HBEU_FR/HBEU_import_kit_configurable_FR.xlsx	ok	0	0			11	
Career/Hotels at Home/3. HaH EU/Product Files/HBEU/HBEU_FR/HBEU_import_simples_not_visible_FR.xlsx	ok	0	0			1517	
Career/Hotels at Home/3. HaH EU/Product Files/IBIEU/IBIEU_DE/IBIEU_import_complet_DE.xlsx	ok	0	0			1474	
Career/Hotels at Home/3. HaH EU/Product Files/IBIEU/IBIEU_EN/IBIEU_import_complet_EN.xlsx	ok	0	0			1288	
Career/Hotels at Home/3. HaH EU/Product Files/IBIEU/IBIEU_ES/IBIEU_import_complet_ES.xlsx	ok	0	0			1396	
Career/Hotels at Home/3. HaH EU/Product Files/IBIEU/IBIEU_FR/IBIEU_import_FR.xlsx	ok	0	0			18	
Career/Hotels at Home/3. HaH EU/Product Files/IBIEU/IBIEU_FR/IBIEU_import_simples_not_visible_FR.xlsx	ok	0	0			1274	
Career/Hotels at Home/3. HaH EU/Product Files/IBIEU/M1 IMPORTS/Import_ES/IBIEU_import_ES.xlsx	ok	0	0			1384	
Career/Hotels at Home/3. HaH EU/Product Files/KEM/Contenu/ES_DE/Batch-01-Category.xlsx	ok	0	0			1344	
Career/Hotels at Home/3. HaH EU/Product Files/KEM/Contenu/ES_DE/Batch-02-Bedding-Product-Descriptions.xlsx	ok	0	0			1407	
Career/Hotels at Home/3. HaH EU/Product Files/KEM/Contenu/ES_DE/Batch-03-Bath_Product-Descriptions.xlsx	ok	0	0			18	
Career/Hotels at Home/3. HaH EU/Product Files/KEM/Contenu/ES_DE/Batch-04-Exclusives_Product-Descriptions.xlsx	ok	0	0			1368	
Career/Hotels at Home/3. HaH EU/Product Files/KEM/Contenu/ES_DE/Batch-05-Homepage.xlsx	ok	0	0			1496	
Career/Hotels at Home/3. HaH EU/Product Files/KEM/Contenu/ES_DE/Batch-06-Meta_Descriptions_Titles.xlsx	ok	0	0			27	
Career/Hotels at Home/3. HaH EU/Product Files/KEM/Contenu/ES_DE/Batch-07-Email-Signup_Light_Box.xlsx	ok	0	0			1344	
Career/Hotels at Home/3. HaH EU/Product Files/KEM/Contenu/ES_DE/Batch-08-Category_SEO_Headline.xlsx	ok	0	0			30	
Career/Hotels at Home/3. HaH EU/Product Files/KEM/Contenu/ES_DE/Received/Batch-01-Category_German_Spanish_delivered 25 Oct.xlsx	ok	0	0			1396	
Career/Hotels at Home/3. HaH EU/Product Files/KEM/Contenu/ES_DE/Received/Batch-02-Bedding-Product-Descriptions_German_Spanish_delivered 25Oct.xlsx	ok	0	0			32	
Career/Hotels at Home/3. HaH EU/Product Files/KEM/Contenu/ES_DE/Received/Batch-03-Bath_Product-Descriptions German_Spanish_delivered 25Oct.xlsx	ok	0	0			22	
Career/Hotels at Home/3. HaH EU/Product Files/KEM/Contenu/ES_DE/Received/Batch-04-Exclusives_Product-Descriptions German_Spanish_delivered 25Oct.xlsx	ok	0	0			1267	
Career/Hotels at Home/3. HaH EU/Product Files/KEM/Contenu/ES_DE/Received/Batch-05-Homepage German_Spanish_delivered 25Oct.xlsx	ok	0	0			3	
Career/Hotels at Home/3. HaH EU/Product Files/KEM/Contenu/ES_DE/Received/Batch-06-Meta_Descriptions_Titles German_Spanish_delivered 27Oct.xlsx	ok	0	0			33	
Career/Hotels at Home/3. HaH EU/Product Files/KEM/Contenu/ES_DE/Received/Batch-07-Email-Signup_Light_Box German_Spanish_delivered 27Oct.xlsx	ok	0	0			1206	
Career/Hotels at Home/3. HaH EU/Product Files/KEM/Contenu/ES_DE/Received/Batch-08-Category_SEO_Headline German_Spanish_delivered 27Oct.xlsx	ok	0	0			1365	
Career/Hotels at Home/3. HaH EU/Product Files/KEM/Contenu/ES_DE/Samples/Batch-01-Category_German_Spanish_Samples 15Oct.xlsx	ok	0	0			11	
Career/Hotels at Home/3. HaH EU/Product Files/KEM/Contenu/ES_DE/Samples/Batch-02-Bedding-Product-Descriptions_German_Spanish_Samples 15Oct.xlsx	ok	0	0			21	
Career/Hotels at Home/3. HaH EU/Product Files/KEM/Contenu/FR/Batch-01-Category.xlsx	ok	0	0			1245	
Career/Hotels at Home/3. HaH EU/Product Files/KEM/Contenu/FR/Batch-02-Bedding-Product-Descriptions.xlsx	ok	0	0			16	
Career/Hotels at Home/3. HaH EU/Product Files/KEM/Contenu/FR/Batch-03-Bath_Product-Descriptions.xlsx	ok	0	0			1589	
Career/Hotels at Home/3. HaH EU/Product Files/KEM/Contenu/FR/Batch-04-Exclusives_Product-Descriptions.xlsx	ok	0	0			13	
Career/Hotels at Home/3. HaH EU/Product Files/KEM/Contenu/FR/Batch-05-Homepage.xlsx	ok	0	0			2	
Career/Hotels at Home/3. HaH EU/Product Files/KEM/Contenu/FR/Batch-06_Meta_descriptions.xlsx	ok	0	0			1843	
Career/Hotels at Home/3. HaH EU/Product Files/KEM/Contenu/FR/Correction/Batch-01-CategoryOK.xlsx	ok	0	0			19	
Career/Hotels at Home/3. HaH EU/Product Files/KEM/Contenu/FR/Correction/Batch-02-Bedding-Product-DescriptionsOK.xlsx	ok	0	0			15	
Career/Hotels at Home/3. HaH EU/Product Files/KEM/Contenu/FR/Correction/Batch-03-Bath_Product-Descriptions.xlsx	ok	0	0			1431	
Career/Hotels at Home/3. HaH EU/Product Files/KEM/Contenu/FR/Correction/Batch-04-Exclusives_Product-Descriptions.xlsx	ok	0	0			13	
Career/Hotels at Home/3. HaH EU/Product Files/KEM/Contenu/FR/Correction/Batch-05-Homepage.xlsx	ok	0	0			2	
Career/Hotels at Home/3. HaH EU/Product Files/KEM/Contenu/FR/Correction/Batch-06_Meta_descriptions.xlsx	ok	0	0			7	
Career/Hotels at Home/3. HaH EU/Product Files/KEM/Contenu/FR/FR_Meta_Titles.xlsx	ok	0	0			31	
Career/Hotels at Home/3. HaH EU/Product Files/KEM/Contenu/FR/Reception 18-10/Batch-01-CategoryOK.xlsx	ok	0	0			8	
Career/Hotels at Home/3. HaH EU/Product Files/KEM/Contenu/FR/Reception 18-10/Batch-02-Bedding-Product-DescriptionsOK.xlsx	ok	0	0			9	
Career/Hotels at Home/3. HaH EU/Product Files/KEM/Contenu/FR/Reception 18-10/Batch-03-Bath_Product-Descriptions.xlsx	ok	0	0			1446	
Career/Hotels at Home/3. HaH EU/Product Files/KEM/Contenu/FR/Reception 18-10/Batch-04-Exclusives_Product-Descriptions.xlsx	ok	0	0			14	
Career/Hotels at Home/3. HaH EU/Product Files/KEM/Contenu/FR/Reception 18-10/Batch-05-Homepage.xlsx	ok	0	0			1290	
Career/Hotels at Home/3. HaH EU/Product Files/KEM/Contenu/FR/Reception 18-10/Batch-06_Meta_descriptions.xlsx	ok	0	0			8	
Career/Hotels at Home/3. HaH EU/Product Files/KEM/Contenu/FR/Reception 18-10/Simple Sitemap.xlsx	ok	0	0			1211	
Career/Hotels at Home/3. HaH EU/Product Files/KEM/Contenu/KEM - List of Cookies - French.xlsx	ok	0	0			9	
Career/Hotels at Home/3. HaH EU/Product Files/KEM/Contenu/KEM - List of Cookies - German_Spanish delivered 6Dec.xlsx	ok	0	0			16	
Career/Hotels at Home/3. HaH EU/Product Files/KEM/Contenu/Kempinski Boutique - Privacy Policy & Terms of use - French copy.xlsx	ok	0	0			4	
Career/Hotels at Home/3. HaH EU/Product Files/KEM/Contenu/Kempinski Boutique - Privacy Policy & Terms of use - German copy.xlsx	ok	0	0			3	
Career/Hotels at Home/3. HaH EU/Product Files/KEM/Contenu/Kempinski Boutique - Privacy Policy & Terms of use - Spanish copy.xlsx	ok	0	0			3	
Career/Hotels at Home/3. HaH EU/Product Files/KEM/Contenu/Simple Sitemap.xlsx	ok	0	0			11	
Career/Hotels at Home/3. HaH EU/Product Files/KEM/Export_SKUS_SL.xlsx	ok	0	0			4	
Career/Hotels at Home/3. HaH EU/Product Files/KEM/Export_SKUS_SL_1310.xlsx	ok	0	0			1319	
Career/Hotels at Home/3. HaH EU/Product Files/KEM/Imports/DE/KEM_import_grouped_DE.xlsx	ok	0	0			7	
Career/Hotels at Home/3. HaH EU/Product Files/KEM/Imports/DE/KEM_import_simple_not visible_DE.xlsx	ok	0	0			9	
Career/Hotels at Home/3. HaH EU/Product Files/KEM/Imports/DE/KEM_import_visible_products_DE.xlsx	ok	0	0			1401	
Career/Hotels at Home/3. HaH EU/Product Files/KEM/Imports/EN/CSV/Manage stock/Stock KEM.xlsx	ok	0	0			3307	
Career/Hotels at Home/3. HaH EU/Product Files/KEM/Imports/EN/KEM_import_grouped_EN.xlsx	ok	0	0			5	
Career/Hotels at Home/3. HaH EU/Product Files/KEM/Imports/EN/KEM_import_hreflangs.xlsx	ok	0	0			1353	
Career/Hotels at Home/3. HaH EU/Product Files/KEM/Imports/EN/KEM_import_retails.xlsx	ok	0	0			1372	
Career/Hotels at Home/3. HaH EU/Product Files/KEM/Imports/EN/KEM_import_simple_not visible_EN.xlsx	ok	0	0			20	
Career/Hotels at Home/3. HaH EU/Product Files/KEM/Imports/EN/KEM_import_upsells.xlsx	ok	0	0			14	
Career/Hotels at Home/3. HaH EU/Product Files/KEM/Imports/EN/KEM_import_visible_products_EN.xlsx	ok	0	0			1248	
Career/Hotels at Home/3. HaH EU/Product Files/KEM/Imports/ES/KEM_import_grouped_ES.xlsx	ok	0	0			5	
Career/Hotels at Home/3. HaH EU/Product Files/KEM/Imports/ES/KEM_import_simple_not visible_ES.xlsx	ok	0	0			1531	
Career/Hotels at Home/3. HaH EU/Product Files/KEM/Imports/ES/KEM_import_visible_products_ES.xlsx	ok	0	0			7466	
Career/Hotels at Home/3. HaH EU/Product Files/KEM/Imports/FR/KEM_import_grouped_FR.xlsx	ok	0	0			5	
Career/Hotels at Home/3. HaH EU/Product Files/KEM/Imports/FR/KEM_import_simple_not visible_FR.xlsx	ok	0	0			7	
Career/Hotels at Home/3. HaH EU/Product Files/KEM/Imports/FR/KEM_import_visible_products_FR.xlsx	ok	0	0			1660	
Career/Hotels at Home/3. HaH EU/Product Files/KEM/Imports/Manage Stock/Back_in_stock_KEM_DE.xlsx	ok	0	0			3	
Career/Hotels at Home/3. HaH EU/Product Files/KEM/Imports/Manage Stock/Back_in_stock_KEM_ES.xlsx	ok	0	0			2	
Career/Hotels at Home/3. HaH EU/Product Files/KEM/Imports/Manage Stock/Back_in_stock_KEM_FR.xlsx	ok	0	0			3	
Career/Hotels at Home/3. HaH EU/Product Files/KEM/KEM-retail.xlsx	ok	0	0			1358	
Career/Hotels at Home/3. HaH EU/Product Files/KEM/KEM_Grouped_Product_Creation.xlsx	ok	0	0			1240	
Career/Hotels at Home/3. HaH EU/Product Files/KEM/KEM_SL_Retail_Prices.xlsx	ok	0	0			13	
Career/Hotels at Home/3. HaH EU/Product Files/LEM/Imports/DE/LEM_import_cat_search_DE.xlsx	ok	0	0			1358	
Career/Hotels at Home/3. HaH EU/Product Files/LEM/Imports/DE/LEM_import_grouped_DE.xlsx	ok	0	0			6	
Career/Hotels at Home/3. HaH EU/Product Files/LEM/Imports/DE/LEM_import_simple_not visible_DE.xlsx	ok	0	0			1228	
Career/Hotels at Home/3. HaH EU/Product Files/LEM/Imports/EN/LEM_import_cat_search_EN.xlsx	ok	0	0			1360	
Career/Hotels at Home/3. HaH EU/Product Files/LEM/Imports/EN/LEM_import_grouped_EN.xlsx	ok	0	0			7	
Career/Hotels at Home/3. HaH EU/Product Files/LEM/Imports/EN/LEM_import_simple_not visible_EN.xlsx	ok	0	0			12	
Career/Hotels at Home/3. HaH EU/Product Files/LEM/Imports/ES/LEM_import_cat_search_ES.xlsx	ok	0	0			1347	
Career/Hotels at Home/3. HaH EU/Product Files/LEM/Imports/ES/LEM_import_grouped_ES.xlsx	ok	0	0			6	
Career/Hotels at Home/3. HaH EU/Product Files/LEM/Imports/ES/LEM_import_simple_not visible_ES.xlsx	ok	0	0			7	
Career/Hotels at Home/3. HaH EU/Product Files/LEM/Imports/FR/LEM_import_cat_search_FR.xlsx	ok	0	0			1354	
Career/Hotels at Home/3. HaH EU/Product Files/LEM/Imports/FR/LEM_import_grouped_FR.xlsx	ok	0	0			6	
Career/Hotels at Home/3. HaH EU/Product Files/LEM/Imports/FR/LEM_import_simple_not visible_FR.xlsx	ok	0	0			8	
Career/Hotels at Home/3. HaH EU/Product Files/LEM/Imports/LEM_import_retail.xlsx	ok	0	0			1398	
Career/Hotels at Home/3. HaH EU/Product Files/LEM/LEM_Grouped_Product_Creation.xlsx	ok	0	0			1309	
Career/Hotels at Home/3. HaH EU/Product Files/LEM/LEM_SKU_List.xlsx	ok	0	0			9	
Career/Hotels at Home/3. HaH EU/Product Files/LUXEU/LUXEU_DE/LUXEU_import_grouped_DE.xlsx	ok	0	0			7	
Career/Hotels at Home/3. HaH EU/Product Files/LUXEU/LUXEU_DE/LUXEU_import_kit_configurable_DE.xlsx	ok	0	0			11	
Career/Hotels at Home/3. HaH EU/Product Files/LUXEU/LUXEU_DE/LUXEU_import_simples_cat_search_DE.xlsx	ok	0	0			6	
Career/Hotels at Home/3. HaH EU/Product Files/LUXEU/LUXEU_DE/LUXEU_import_simples_not_visible_DE.xlsx	ok	0	0			9	
Career/Hotels at Home/3. HaH EU/Product Files/LUXEU/LUXEU_EN/LUXEU_import_grouped_EN.xlsx	ok	0	0			1243	
Career/Hotels at Home/3. HaH EU/Product Files/LUXEU/LUXEU_EN/LUXEU_import_kit_configurable_EN.xlsx	ok	0	0			1374	
Career/Hotels at Home/3. HaH EU/Product Files/LUXEU/LUXEU_EN/LUXEU_import_related_skus.xlsx	ok	0	0			2	
Career/Hotels at Home/3. HaH EU/Product Files/LUXEU/LUXEU_EN/LUXEU_import_simples_cat_search_EN.xlsx	ok	0	0			12	
Career/Hotels at Home/3. HaH EU/Product Files/LUXEU/LUXEU_EN/LUXEU_import_simples_not_visible_EN.xlsx	ok	0	0			1374	
Career/Hotels at Home/3. HaH EU/Product Files/LUXEU/LUXEU_ES/LUXEU_import_grouped_ES.xlsx	ok	0	0			7	
Career/Hotels at Home/3. HaH EU/Product Files/LUXEU/LUXEU_ES/LUXEU_import_kit_configurable_ES.xlsx	ok	0	0			11	
Career/Hotels at Home/3. HaH EU/Product Files/LUXEU/LUXEU_ES/LUXEU_import_simples_cat_search_ES.xlsx	ok	0	0			7	
Career/Hotels at Home/3. HaH EU/Product Files/LUXEU/LUXEU_ES/LUXEU_import_simples_not_visible_ES.xlsx	ok	0	0			9	
Career/Hotels at Home/3. HaH EU/Product Files/LUXEU/LUXEU_FR/LUXEU_import_grouped_FR.xlsx	ok	0	0			1499	
Career/Hotels at Home/3. HaH EU/Product Files/LUXEU/LUXEU_FR/LUXEU_import_kit_configurable_FR.xlsx	ok	0	0			1292	
Career/Hotels at Home/3. HaH EU/Product Files/LUXEU/LUXEU_FR/LUXEU_import_simples_cat_search_FR.xlsx	ok	0	0			9	
Career/Hotels at Home/3. HaH EU/Product Files/LUXEU/LUXEU_FR/LUXEU_import_simples_not_visible_FR.xlsx	ok	0	0			11	
Career/Hotels at Home/3. HaH EU/Product Files/MAN/MAN_DE/MAN_import_cat_search_DE.xlsx	ok	0	0			1433	
Career/Hotels at Home/3. HaH EU/Product Files/MAN/MAN_DE/MAN_import_grouped_DE.xlsx	ok	0	0			1449	
Career/Hotels at Home/3. HaH EU/Product Files/MAN/MAN_DE/MAN_import_simples_not_visible_DE.xlsx	ok	0	0			1314	
Career/Hotels at Home/3. HaH EU/Product Files/MAN/MAN_EN/CSV/manage stock/Stock MAN.xlsx	ok	0	0			3067	
Career/Hotels at Home/3. HaH EU/Product Files/MAN/MAN_EN/MAN_Import_configurables_EN.xlsx	ok	0	0			1309	
Career/Hotels at Home/3. HaH EU/Product Files/MAN/MAN_EN/MAN_import_ALL_CONTENT_EN.xlsx	ok	0	0			1497	
Career/Hotels at Home/3. HaH EU/Product Files/MAN/MAN_EN/MAN_import_grouped_EN.xlsx	ok	0	0			1239	
Career/Hotels at Home/3. HaH EU/Product Files/MAN/MAN_EN/MAN_import_hreflangs.xlsx	ok	0	0			1494	
Career/Hotels at Home/3. HaH EU/Product Files/MAN/MAN_EN/MAN_import_retails.xlsx	ok	0	0			1465	
Career/Hotels at Home/3. HaH EU/Product Files/MAN/MAN_EN/MAN_import_simples_cat_search_EN.xlsx	ok	0	0			46	
Career/Hotels at Home/3. HaH EU/Product Files/MAN/MAN_EN/MAN_import_simples_not_visible_EN.xlsx	ok	0	0			1366	
Career/Hotels at Home/3. HaH EU/Product Files/MAN/MAN_EN/MAN_import_upsells.xlsx	ok	0	0			1604	
Career/Hotels at Home/3. HaH EU/Product Files/MAN/MAN_ES/MAN_import_cat_search_ES.xlsx	ok	0	0			1454	
Career/Hotels at Home/3. HaH EU/Product Files/MAN/MAN_ES/MAN_import_grouped_ES.xlsx	ok	0	0			1271	
Career/Hotels at Home/3. HaH EU/Product Files/MAN/MAN_ES/MAN_import_simples_not_visible_ES.xlsx	ok	0	0			1227	
Career/Hotels at Home/3. HaH EU/Product Files/MAN/MAN_FR/MAN_import_cat_search_FR.xlsx	ok	0	0			35	
Career/Hotels at Home/3. HaH EU/Product Files/MAN/MAN_FR/MAN_import_grouped_FR.xlsx	ok	0	0			1494	
Career/Hotels at Home/3. HaH EU/Product Files/MAN/MAN_FR/MAN_import_simples_not_visible_FR.xlsx	ok	0	0			1307	
Career/Hotels at Home/3. HaH EU/Product Files/MAN/MAN_Grouped_Product_Creation.xlsx	ok	0	0			124	
Career/Hotels at Home/3. HaH EU/Product Files/MAN/New products 2022/DE/MAN_import_cat_search_DE.xlsx	ok	0	0			13	
Career/Hotels at Home/3. HaH EU/Product Files/MAN/New products 2022/DE/MAN_import_simples_not_visible_DE.xlsx	ok	0	0			1129	
Career/Hotels at Home/3. HaH EU/Product Files/MAN/New products 2022/EN/MAN_Import_configurables_EN.xlsx	ok	0	0			1346	
Career/Hotels at Home/3. HaH EU/Product Files/MAN/New products 2022/EN/MAN_import_simples_cat_search_EN.xlsx	ok	0	0			17	
Career/Hotels at Home/3. HaH EU/Product Files/MAN/New products 2022/EN/MAN_import_simples_not_visible_EN.xlsx	ok	0	0			1441	
Career/Hotels at Home/3. HaH EU/Product Files/MAN/New products 2022/ES/MAN_import_cat_search_ES.xlsx	ok	0	0			24	
Career/Hotels at Home/3. HaH EU/Product Files/MAN/New products 2022/ES/MAN_import_simples_not_visible_ES.xlsx	ok	0	0			1171	
Career/Hotels at Home/3. HaH EU/Product Files/MAN/New products 2022/FR/MAN_import_cat_search_FR.xlsx	ok	0	0			27	
Career/Hotels at Home/3. HaH EU/Product Files/MAN/New products 2022/FR/MAN_import_simples_not_visible_FR.xlsx	ok	0	0			3	
Career/Hotels at Home/3. HaH EU/Product Files/MAN/New products 2022/MAN_import_upsells.xlsx	ok	0	0			1356	
Career/Hotels at Home/3. HaH EU/Product Files/MAN/Translations for opt-in terms.xlsx	ok	0	0			3	
Career/Hotels at Home/3. HaH EU/Product Files/MAREU/104 Product.xlsx	ok	0	0			1432	
Career/Hotels at Home/3. HaH EU/Product Files/MAREU/108H Product-EN.xlsx	ok	0	0			7636	
Career/Hotels at Home/3. HaH EU/Product Files/MAREU/108H Product.xlsx	ok	0	0			1347	
Career/Hotels at Home/3. HaH EU/Product Files/MAREU/1210kit.xlsx	ok	0	0			25	
Career/Hotels at Home/3. HaH EU/Product Files/MAREU/Attributes for Modification.xlsx	ok	0	0			1725	
Career/Hotels at Home/3. HaH EU/Product Files/MAREU/Avalara Update.xlsx	ok	0	0			26	
Career/Hotels at Home/3. HaH EU/Product Files/MAREU/Bedding Sets.xlsx	ok	0	0			1312	
Career/Hotels at Home/3. HaH EU/Product Files/MAREU/Categories by Language.xlsx	ok	0	0			1486	
Career/Hotels at Home/3. HaH EU/Product Files/MAREU/Categories.xlsx	ok	0	0			1373	
Career/Hotels at Home/3. HaH EU/Product Files/MAREU/Categories_DE.xlsx	ok	0	0			1651	
Career/Hotels at Home/3. HaH EU/Product Files/MAREU/Categories_EN.xlsx	ok	0	0			1444	
Career/Hotels at Home/3. HaH EU/Product Files/MAREU/Categories_ES.xlsx	ok	0	0			1345	
Career/Hotels at Home/3. HaH EU/Product Files/MAREU/Categories_FR.xlsx	ok	0	0			1437	
Career/Hotels at Home/3. HaH EU/Product Files/MAREU/EU Provided HSCode + Country - Corrected.xlsx	ok	0	0			1274	
Career/Hotels at Home/3. HaH EU/Product Files/MAREU/EU Provided HSCode + Country.xlsx	ok	0	0			21	
Career/Hotels at Home/3. HaH EU/Product Files/MAREU/EU Provided HSCode.xlsx	ok	0	0			1454	
Career/Hotels at Home/3. HaH EU/Product Files/MAREU/HSCode + Category Lookup v2.xlsx	ok	0	0			29	
Career/Hotels at Home/3. HaH EU/Product Files/MAREU/HSCode + Category Lookup v3.xlsx	ok	0	0			1402	
Career/Hotels at Home/3. HaH EU/Product Files/MAREU/HSCode + Category Lookup v4.xlsx	ok	0	0			25	
Career/Hotels at Home/3. HaH EU/Product Files/MAREU/HSCode + Category Lookup.xlsx	ok	0	0			1376	
Career/Hotels at Home/3. HaH EU/Product Files/MAREU/Image Uploads/Simple Products - Images.xlsx	ok	0	0			1902	
Career/Hotels at Home/3. HaH EU/Product Files/MAREU/Image Uploads/test.xlsx	ok	0	0			8	
Career/Hotels at Home/3. HaH EU/Product Files/MAREU/MAREU-103.xlsx	ok	0	0			5	
Career/Hotels at Home/3. HaH EU/Product Files/MAREU/MAREU-124.xlsx	ok	0	0			19	
Career/Hotels at Home/3. HaH EU/Product Files/MAREU/MAREU-126.xlsx	ok	0	0			1578	
Career/Hotels at Home/3. HaH EU/Product Files/MAREU/MAREU-171-05.xlsx	ok	0	0			10	
Career/Hotels at Home/3. HaH EU/Product Files/MAREU/MAREU_1210.xlsx	ok	0	0			1747	
Career/Hotels at Home/3. HaH EU/Product Files/MAREU/MAREU_320-01-SET.xlsx	ok	0	0			1378	
Career/Hotels at Home/3. HaH EU/Product Files/MAREU/MAREU_320-01-SET_Single.xlsx	ok	0	0			1327	
Career/Hotels at Home/3. HaH EU/Product Files/MAREU/MAREU_Configurable_Products.xlsx	ok	0	0			246	
Career/Hotels at Home/3. HaH EU/Product Files/MAREU/MAREU_Configurable_Products_103.xlsx	ok	0	0			1286	
Career/Hotels at Home/3. HaH EU/Product Files/MAREU/MAREU_Configurable_Products_126.xlsx	ok	0	0			29	
Career/Hotels at Home/3. HaH EU/Product Files/MAREU/MAREU_Configurable_Products_HSCODE.xlsx	ok	0	0			1446	
Career/Hotels at Home/3. HaH EU/Product Files/MAREU/MAREU_Configurable_Products_top.xlsx	ok	0	0			1387	
Career/Hotels at Home/3. HaH EU/Product Files/MAREU/MAREU_DE/MAREU_import_configurable_DE.xlsx	ok	0	0			1256	
Career/Hotels at Home/3. HaH EU/Product Files/MAREU/MAREU_DE/MAREU_import_grouped_DE.xlsx	ok	0	0			11	
Career/Hotels at Home/3. HaH EU/Product Files/MAREU/MAREU_DE/MAREU_import_kit_configurable_DE.xlsx	ok	0	0			1622	
Career/Hotels at Home/3. HaH EU/Product Files/MAREU/MAREU_DE/MAREU_import_simples_cat_search_DE.xlsx	ok	0	0			31	
Career/Hotels at Home/3. HaH EU/Product Files/MAREU/MAREU_DE/MAREU_import_simples_not_visible_DE.xlsx	ok	0	0			20	
Career/Hotels at Home/3. HaH EU/Product Files/MAREU/MAREU_EN/MAREU_import_configurable_EN.xlsx	ok	0	0			1317	
Career/Hotels at Home/3. HaH EU/Product Files/MAREU/MAREU_EN/MAREU_import_grouped_EN.xlsx	ok	0	0			28	
Career/Hotels at Home/3. HaH EU/Product Files/MAREU/MAREU_EN/MAREU_import_kit_configurable_EN.xlsx	ok	0	0			7	
Career/Hotels at Home/3. HaH EU/Product Files/MAREU/MAREU_EN/MAREU_import_related_skus.xlsx	ok	0	0			2	
Career/Hotels at Home/3. HaH EU/Product Files/MAREU/MAREU_EN/MAREU_import_simples_cat_search_EN.xlsx	ok	0	0			1521	
Career/Hotels at Home/3. HaH EU/Product Files/MAREU/MAREU_EN/MAREU_import_simples_not_visible_EN.xlsx	ok	0	0			35	
Career/Hotels at Home/3. HaH EU/Product Files/MAREU/MAREU_EN/MAREU_import_ymal.xlsx	ok	0	0			1524	
Career/Hotels at Home/3. HaH EU/Product Files/MAREU/MAREU_ES/MAREU_import_configurable_ES.xlsx	ok	0	0			1540	
Career/Hotels at Home/3. HaH EU/Product Files/MAREU/MAREU_ES/MAREU_import_grouped_ES.xlsx	ok	0	0			19	
Career/Hotels at Home/3. HaH EU/Product Files/MAREU/MAREU_ES/MAREU_import_kit_configurable_ES.xlsx	ok	0	0			6	
Career/Hotels at Home/3. HaH EU/Product Files/MAREU/MAREU_ES/MAREU_import_simples_cat_search_ES.xlsx	ok	0	0			14	
Career/Hotels at Home/3. HaH EU/Product Files/MAREU/MAREU_ES/MAREU_import_simples_not_visible_ES.xlsx	ok	0	0			16	
Career/Hotels at Home/3. HaH EU/Product Files/MAREU/MAREU_FR/MAREU_import_configurable_FR.xlsx	ok	0	0			14	
Career/Hotels at Home/3. HaH EU/Product Files/MAREU/MAREU_FR/MAREU_import_grouped_FR.xlsx	ok	0	0			11	
Career/Hotels at Home/3. HaH EU/Product Files/MAREU/MAREU_FR/MAREU_import_kit_configurable_FR.xlsx	ok	0	0			11	
Career/Hotels at Home/3. HaH EU/Product Files/MAREU/MAREU_FR/MAREU_import_simples_cat_search_FR.xlsx	ok	0	0			11	
Career/Hotels at Home/3. HaH EU/Product Files/MAREU/MAREU_FR/MAREU_import_simples_not_visible_FR.xlsx	ok	0	0			15	
Career/Hotels at Home/3. HaH EU/Product Files/MAREU/MAREU_Simple_Products.xlsx	ok	0	0			1509	
Career/Hotels at Home/3. HaH EU/Product Files/MAREU/MAREU_Simple_Products_HSCODE.xlsx	ok	0	0			1349	
Career/Hotels at Home/3. HaH EU/Product Files/MAREU/MAREU_Upsell_String.xlsx	ok	0	0			1624	
Career/Hotels at Home/3. HaH EU/Product Files/MAREU/MAREU_kits.xlsx	ok	0	0			3546	
Career/Hotels at Home/3. HaH EU/Product Files/MAREU/MAREU_kits_HSCODE.xlsx	ok	0	0			1402	
Career/Hotels at Home/3. HaH EU/Product Files/MAREU/MAREU_kits_HSCODE_NONAME.xlsx	ok	0	0			1433	
Career/Hotels at Home/3. HaH EU/Product Files/MAREU/MAREU_kits_HSCODE_NONAME_tightupdate.xlsx	ok	0	0			37	
Career/Hotels at Home/3. HaH EU/Product Files/MAREU/MAREU_kits_original.xlsx	ok	0	0			798	
Career/Hotels at Home/3. HaH EU/Product Files/MAREU/Mis-Languaged Products.xlsx	ok	0	0			7366	
Career/Hotels at Home/3. HaH EU/Product Files/MAREU/Multistore Category Builder.xlsx	ok	0	0			1758	
Career/Hotels at Home/3. HaH EU/Product Files/MAREU/What we sell.xlsx	ok	0	0			77	
Career/Hotels at Home/3. HaH EU/Product Files/MAREU/bedding sets updated.xlsx	ok	0	0			97	
Career/Hotels at Home/3. HaH EU/Product Files/MAREU/configurable.xlsx	ok	0	0			62	
Career/Hotels at Home/3. HaH EU/Product Files/MAREU/configurable_hs_vars.xlsx	ok	0	0			6	
Career/Hotels at Home/3. HaH EU/Product Files/MAREU/configurables.xlsx	ok	0	0			226	
Career/Hotels at Home/3. HaH EU/Product Files/MAREU/default.xlsx	ok	0	0			111	
Career/Hotels at Home/3. HaH EU/Product Files/MAREU/hemstitch udpate.xlsx	ok	0	0			1435	
Career/Hotels at Home/3. HaH EU/Product Files/MAREU/href_lang category.xlsx	ok	0	0			25	
Career/Hotels at Home/3. HaH EU/Product Files/MAREU/image update.xlsx	ok	0	0			29	
Career/Hotels at Home/3. HaH EU/Product Files/MAREU/image-update.xlsx	ok	0	0			1447	
Career/Hotels at Home/3. HaH EU/Product Files/MAREU/mar124.xlsx	ok	0	0			58	
Career/Hotels at Home/3. HaH EU/Product Files/MAREU/simples.xlsx	ok	0	0			1373	
Career/Hotels at Home/3. HaH EU/Product Files/MAREU/terryrobe.xlsx	ok	0	0			1346	
Career/Hotels at Home/3. HaH EU/Product Files/MEL/MEL_DE/MEL_import_grouped_DE.xlsx	ok	0	0			4	
Career/Hotels at Home/3. HaH EU/Product Files/MEL/MEL_DE/MEL_import_kit_configurable_DE.xlsx	ok	0	0			1443	
Career/Hotels at Home/3. HaH EU/Product Files/MEL/MEL_DE/MEL_import_simples_cat_search_DE.xlsx	ok	0	0			4	
Career/Hotels at Home/3. HaH EU/Product Files/MEL/MEL_DE/MEL_import_simples_not_visible_DE.xlsx	ok	0	0			1568	
Career/Hotels at Home/3. HaH EU/Product Files/MEL/MEL_EN/MEL_import_configurable_EN.xlsx	ok	0	0			11	
Career/Hotels at Home/3. HaH EU/Product Files/MEL/MEL_EN/MEL_import_grouped_EN.xlsx	ok	0	0			4	
Career/Hotels at Home/3. HaH EU/Product Files/MEL/MEL_EN/MEL_import_kit_configurable_EN.xlsx	ok	0	0			3	
Career/Hotels at Home/3. HaH EU/Product Files/MEL/MEL_EN/MEL_import_simples_cat_search_EN.xlsx	ok	0	0			1502	
Career/Hotels at Home/3. HaH EU/Product Files/MEL/MEL_EN/MEL_import_simples_not_visible_EN.xlsx	ok	0	0			1400	
Career/Hotels at Home/3. HaH EU/Product Files/MEL/MEL_ES/MEL_import_configurable_ES.xlsx	ok	0	0			1234	
Career/Hotels at Home/3. HaH EU/Product Files/MEL/MEL_ES/MEL_import_grouped_ES.xlsx	ok	0	0			1401	
Career/Hotels at Home/3. HaH EU/Product Files/MEL/MEL_ES/MEL_import_kit_configurable_ES.xlsx	ok	0	0			17	
Career/Hotels at Home/3. HaH EU/Product Files/MEL/MEL_ES/MEL_import_simples_cat_search_ES.xlsx	ok	0	0			1441	
Career/Hotels at Home/3. HaH EU/Product Files/MEL/MEL_ES/MEL_import_simples_not_visible_ES.xlsx	ok	0	0			1480	
Career/Hotels at Home/3. HaH EU/Product Files/MEL/MEL_FR/MEL_import_grouped_FR.xlsx	ok	0	0			5	
Career/Hotels at Home/3. HaH EU/Product Files/MEL/MEL_FR/MEL_import_kit_configurable_FR.xlsx	ok	0	0			7	
Career/Hotels at Home/3. HaH EU/Product Files/MEL/MEL_FR/MEL_import_simples_cat_search_FR.xlsx	ok	0	0			4	
Career/Hotels at Home/3. HaH EU/Product Files/MEL/MEL_FR/MEL_import_simples_not_visible_FR.xlsx	ok	0	0			7	
Career/Hotels at Home/3. HaH EU/Product Files/MGL/Brand_Review_Contenu FR- MGallery Sabinevalerie.xlsx	ok	0	0			27	
Career/Hotels at Home/3. HaH EU/Product Files/MGL/MGL_DE/MGL_import_cat_search_DE.xlsx	ok	0	0			21	
Career/Hotels at Home/3. HaH EU/Product Files/MGL/MGL_DE/MGL_import_grouped_DE.xlsx	ok	0	0			16	
Career/Hotels at Home/3. HaH EU/Product Files/MGL/MGL_DE/MGL_import_simples_not_visible_DE.xlsx	ok	0	0			1482	
Career/Hotels at Home/3. HaH EU/Product Files/MGL/MGL_EN/MGL_import_configurables_EN.xlsx	ok	0	0			14	
Career/Hotels at Home/3. HaH EU/Product Files/MGL/MGL_EN/MGL_import_grouped_EN.xlsx	ok	0	0			36	
Career/Hotels at Home/3. HaH EU/Product Files/MGL/MGL_EN/MGL_import_hreflangs_en.xlsx	ok	0	0			1516	
Career/Hotels at Home/3. HaH EU/Product Files/MGL/MGL_EN/MGL_import_meta_EN.xlsx	ok	0	0			1515	
Career/Hotels at Home/3. HaH EU/Product Files/MGL/MGL_EN/MGL_import_simples_cat_search_EN.xlsx	ok	0	0			28	
Career/Hotels at Home/3. HaH EU/Product Files/MGL/MGL_EN/MGL_import_simples_not_visible_EN.xlsx	ok	0	0			1410	
Career/Hotels at Home/3. HaH EU/Product Files/MGL/MGL_EN/MGL_import_upsells.xlsx	ok	0	0			7	
Career/Hotels at Home/3. HaH EU/Product Files/MGL/MGL_ES/MGL_import_configurables_ES.xlsx	ok	0	0			15	
Career/Hotels at Home/3. HaH EU/Product Files/MGL/MGL_ES/MGL_import_grouped_ES.xlsx	ok	0	0			14	
Career/Hotels at Home/3. HaH EU/Product Files/MGL/MGL_ES/MGL_import_simples_cat_search_ES.xlsx	ok	0	0			1426	
Career/Hotels at Home/3. HaH EU/Product Files/MGL/MGL_ES/MGL_import_simples_not_visible_ES.xlsx	ok	0	0			1363	
Career/Hotels at Home/3. HaH EU/Product Files/MGL/MGL_FR/MGL_import_configurables_FR.xlsx	ok	0	0			18	
Career/Hotels at Home/3. HaH EU/Product Files/MGL/MGL_FR/MGL_import_grouped_FR.xlsx	ok	0	0			19	
Career/Hotels at Home/3. HaH EU/Product Files/MGL/MGL_FR/MGL_import_simples_cat_search_FR.xlsx	ok	0	0			18	
Career/Hotels at Home/3. HaH EU/Product Files/MGL/MGL_FR/MGL_import_simples_not_visible_FR.xlsx	ok	0	0			1350	
Career/Hotels at Home/3. HaH EU/Product Files/MGL/MGL_Grouped_Product_Creation.xlsx	ok	0	0			1279	
Career/Hotels at Home/3. HaH EU/Product Files/MGL/MGL_SL_Prices.xlsx	ok	0	0			36	
Career/Hotels at Home/3. HaH EU/Product Files/MGL/MGL_export_sku_SL.xlsx	ok	0	0			7	
Career/Hotels at Home/3. HaH EU/Product Files/MGL/MGallery Launch Retail Prices - Dec 8 2021.xlsx	ok	0	0			18	
Career/Hotels at Home/3. HaH EU/Product Files/NOV/M1 IMPORTS/NOV_DE/NOV_import_configurable_kit_DE.xlsx	ok	0	0			1481	
Career/Hotels at Home/3. HaH EU/Product Files/NOV/M1 IMPORTS/NOV_DE/NOV_import_simples_cat_search_DE.xlsx	ok	0	0			1378	
Career/Hotels at Home/3. HaH EU/Product Files/NOV/M1 IMPORTS/NOV_DE/NOV_import_simples_not_visible_DE.xlsx	ok	0	0			1399	
Career/Hotels at Home/3. HaH EU/Product Files/NOV/M1 IMPORTS/NOV_ES/NOV_import_configurable_kit_ES.xlsx	ok	0	0			20	
Career/Hotels at Home/3. HaH EU/Product Files/NOV/M1 IMPORTS/NOV_ES/NOV_import_simples_cat_search_ES.xlsx	ok	0	0			2	
Career/Hotels at Home/3. HaH EU/Product Files/NOV/M1 IMPORTS/NOV_ES/NOV_import_simples_not_visible_ES.xlsx	ok	0	0			1385	
Career/Hotels at Home/3. HaH EU/Product Files/NOV/NOV_DE/NOV_import_configurable_kit_DE.xlsx	ok	0	0			1552	
Career/Hotels at Home/3. HaH EU/Product Files/NOV/NOV_DE/NOV_import_grouped_DE.xlsx	ok	0	0			1512	
Career/Hotels at Home/3. HaH EU/Product Files/NOV/NOV_DE/NOV_import_simples_cat_search_DE.xlsx	ok	0	0			5	
Career/Hotels at Home/3. HaH EU/Product Files/NOV/NOV_DE/NOV_import_simples_not_visible_DE.xlsx	ok	0	0			7	
Career/Hotels at Home/3. HaH EU/Product Files/NOV/NOV_EN/NOV_import_configurable_kit_EN.xlsx	ok	0	0			1225	
Career/Hotels at Home/3. HaH EU/Product Files/NOV/NOV_EN/NOV_import_grouped_EN.xlsx	ok	0	0			1262	
Career/Hotels at Home/3. HaH EU/Product Files/NOV/NOV_EN/NOV_import_simples_cat_search_EN.xlsx	ok	0	0			5	
Career/Hotels at Home/3. HaH EU/Product Files/NOV/NOV_EN/NOV_import_simples_not_visible_EN.xlsx	ok	0	0			1352	
Career/Hotels at Home/3. HaH EU/Product Files/NOV/NOV_ES/NOV_import_configurable_kit_ES.xlsx	ok	0	0			955	
Career/Hotels at Home/3. HaH EU/Product Files/NOV/NOV_ES/NOV_import_grouped_ES.xlsx	ok	0	0			1741	
Career/Hotels at Home/3. HaH EU/Product Files/NOV/NOV_ES/NOV_import_simples_cat_search_ES.xlsx	ok	0	0			4	
Career/Hotels at Home/3. HaH EU/Product Files/NOV/NOV_ES/NOV_import_simples_not_visible_ES.xlsx	ok	0	0			1341	
Career/Hotels at Home/3. HaH EU/Product Files/NOV/NOV_FR/NOV_import_configurable_kit_FR.xlsx	ok	0	0			1236	
Career/Hotels at Home/3. HaH EU/Product Files/NOV/NOV_FR/NOV_import_grouped_FR.xlsx	ok	0	0			1403	
Career/Hotels at Home/3. HaH EU/Product Files/NOV/NOV_FR/NOV_import_related_products.xlsx	ok	0	0			3	
Career/Hotels at Home/3. HaH EU/Product Files/NOV/NOV_FR/NOV_import_simples_cat_search_FR.xlsx	ok	0	0			4	
Career/Hotels at Home/3. HaH EU/Product Files/NOV/NOV_FR/NOV_import_simples_not_visible_FR.xlsx	ok	0	0			1542	
Career/Hotels at Home/3. HaH EU/Product Files/ORX/Import M2/English/Additional_info_termplate.xlsx	ok	0	0			68	
Career/Hotels at Home/3. HaH EU/Product Files/ORX/Import M2/English/ORX_Grouped_Product - For Launch Only.xlsx	ok	0	0			25	
Career/Hotels at Home/3. HaH EU/Product Files/ORX/Import M2/English/ORX_Grouped_Product.xlsx	ok	0	0			1520	
Career/Hotels at Home/3. HaH EU/Product Files/ORX/Import M2/English/ORX_Import_Configurables_EN.xlsx	ok	0	0			15	
Career/Hotels at Home/3. HaH EU/Product Files/ORX/Import M2/English/ORX_Import_Simple_Product_EN.xlsx	ok	0	0			7108	
Career/Hotels at Home/3. HaH EU/Product Files/ORX/Import M2/English/ORX_kits.xlsx	ok	0	0			1618	
Career/Hotels at Home/3. HaH EU/Product Files/ORX/Import M2/English/ORX_simple_products_not_visible_EN.xlsx	ok	0	0			38	
Career/Hotels at Home/3. HaH EU/Product Files/ORX/Import M2/French/ORX_Grouped_Product_FR - For Launch Only.xlsx	ok	0	0			1386	
Career/Hotels at Home/3. HaH EU/Product Files/ORX/Import M2/French/ORX_Grouped_Product_FR.xlsx	ok	0	0			28	
Career/Hotels at Home/3. HaH EU/Product Files/ORX/Import M2/French/ORX_Import_Default_Product_FR.xlsx	ok	0	0			1217	
Career/Hotels at Home/3. HaH EU/Product Files/ORX/Import M2/French/ORX_Import_Kits_FR.xlsx	ok	0	0			1351	
Career/Hotels at Home/3. HaH EU/Product Files/ORX/Import M2/French/ORX_Import_configurables_FR.xlsx	ok	0	0			1471	
Career/Hotels at Home/3. HaH EU/Product Files/ORX/Import M2/French/ORX_simple_products_not_visible_FR.xlsx	ok	0	0			24	
Career/Hotels at Home/3. HaH EU/Product Files/ORX/Import M2/Images/ORX_import_product_image_cat_search.xlsx	ok	0	0			10	
Career/Hotels at Home/3. HaH EU/Product Files/ORX/Import M2/Images/ORX_import_product_image_not_visible.xlsx	ok	0	0			15	
Career/Hotels at Home/3. HaH EU/Product Files/ORX/Import M2/Images/ORX_import_product_images_grouped.xlsx	ok	0	0			16	
Career/Hotels at Home/3. HaH EU/Product Files/ORX/Import M2/Images/Test - Do not import/ORX_import_product_image_cat_search_test.xlsx	ok	0	0			1223	
Career/Hotels at Home/3. HaH EU/Product Files/ORX/ORX_ALL_SKUS.xlsx	ok	0	0			1461	
Career/Hotels at Home/3. HaH EU/Product Files/ORX/ORX_Attributes.xlsx	ok	0	0			1443	
Career/Hotels at Home/3. HaH EU/Product Files/ORX/ORX_Grouped_Product_Creation - For Launch Only.xlsx	ok	0	0			1571	
Career/Hotels at Home/3. HaH EU/Product Files/ORX/ORX_Grouped_Product_Creation.xlsx	ok	0	0			1494	
Career/Hotels at Home/3. HaH EU/Product Files/ORX/Site-map-content_with attributes.xlsx	ok	0	0			15220	
Career/Hotels at Home/3. HaH EU/Product Files/RHREU/Images/RHREU_import_images_grouped.xlsx	ok	0	0			1479	
Career/Hotels at Home/3. HaH EU/Product Files/RHREU/Images/RHREU_import_product_image_cat_search.xlsx	ok	0	0			16	
Career/Hotels at Home/3. HaH EU/Product Files/RHREU/Images/RHREU_import_product_image_not_visible.xlsx	ok	0	0			14	
Career/Hotels at Home/3. HaH EU/Product Files/RHREU/Images/RHREU_import_product_image_not_visible_test.xlsx	ok	0	0			1251	
Career/Hotels at Home/3. HaH EU/Product Files/RHREU/Images/RHREU_import_product_small_images.xlsx	ok	0	0			1520	
Career/Hotels at Home/3. HaH EU/Product Files/RHREU/RHREU_DE/RHREU_import_KW_DE.xlsx	ok	0	0			9	
Career/Hotels at Home/3. HaH EU/Product Files/RHREU/RHREU_DE/RHREU_import_configurable_DE.xlsx	ok	0	0			1366	
Career/Hotels at Home/3. HaH EU/Product Files/RHREU/RHREU_DE/RHREU_import_grouped_DE.xlsx	ok	0	0			6	
Career/Hotels at Home/3. HaH EU/Product Files/RHREU/RHREU_DE/RHREU_import_kit_configurable_DE.xlsx	ok	0	0			2	
Career/Hotels at Home/3. HaH EU/Product Files/RHREU/RHREU_DE/RHREU_import_simples_cat_search_DE.xlsx	ok	0	0			12	
Career/Hotels at Home/3. HaH EU/Product Files/RHREU/RHREU_DE/RHREU_import_simples_not_visible_DE.xlsx	ok	0	0			16	
Career/Hotels at Home/3. HaH EU/Product Files/RHREU/RHREU_EN/RHREU_import_KW_EN.xlsx	ok	0	0			1295	
Career/Hotels at Home/3. HaH EU/Product Files/RHREU/RHREU_EN/RHREU_import_configurable_EN.xlsx	ok	0	0			16	
Career/Hotels at Home/3. HaH EU/Product Files/RHREU/RHREU_EN/RHREU_import_grouped_EN.xlsx	ok	0	0			1546	
Career/Hotels at Home/3. HaH EU/Product Files/RHREU/RHREU_EN/RHREU_import_hreflangs.xlsx	ok	0	0			1636	
Career/Hotels at Home/3. HaH EU/Product Files/RHREU/RHREU_EN/RHREU_import_hs_codes.xlsx	ok	0	0			1468	
Career/Hotels at Home/3. HaH EU/Product Files/RHREU/RHREU_EN/RHREU_import_kit_configurable_EN.xlsx	ok	0	0			4	
Career/Hotels at Home/3. HaH EU/Product Files/RHREU/RHREU_EN/RHREU_import_promo_employee.xlsx	ok	0	0			1422	
Career/Hotels at Home/3. HaH EU/Product Files/RHREU/RHREU_EN/RHREU_import_related_skus.xlsx	ok	0	0			5	
Career/Hotels at Home/3. HaH EU/Product Files/RHREU/RHREU_EN/RHREU_import_simples_cat_search_EN.xlsx	ok	0	0			2132	
Career/Hotels at Home/3. HaH EU/Product Files/RHREU/RHREU_EN/RHREU_import_simples_not_visible_EN.xlsx	ok	0	0			23	
Career/Hotels at Home/3. HaH EU/Product Files/RHREU/RHREU_EN/RHREU_import_size_chart_EN.xlsx	ok	0	0			1404	
Career/Hotels at Home/3. HaH EU/Product Files/RHREU/RHREU_EN/RHREU_import_upsell_skus.xlsx	ok	0	0			4	
Career/Hotels at Home/3. HaH EU/Product Files/RHREU/RHREU_EN/Tests - do not import/RHREU_import_grouped_EN_test.xlsx	ok	0	0			1526	
Career/Hotels at Home/3. HaH EU/Product Files/RHREU/RHREU_EN/Tests - do not import/RHREU_import_simples_not_visible_EN_test.xlsx	ok	0	0			14	
Career/Hotels at Home/3. HaH EU/Product Files/RHREU/RHREU_ES/RHREU_import_KW_ES.xlsx	ok	0	0			1411	
Career/Hotels at Home/3. HaH EU/Product Files/RHREU/RHREU_ES/RHREU_import_configurable_ES.xlsx	ok	0	0			1398	
Career/Hotels at Home/3. HaH EU/Product Files/RHREU/RHREU_ES/RHREU_import_grouped_ES.xlsx	ok	0	0			1384	
Career/Hotels at Home/3. HaH EU/Product Files/RHREU/RHREU_ES/RHREU_import_kit_configurable_ES.xlsx	ok	0	0			6716	
Career/Hotels at Home/3. HaH EU/Product Files/RHREU/RHREU_ES/RHREU_import_simples_cat_search_ES.xlsx	ok	0	0			19	
Career/Hotels at Home/3. HaH EU/Product Files/RHREU/RHREU_ES/RHREU_import_simples_not_visible_ES.xlsx	ok	0	0			21	
Career/Hotels at Home/3. HaH EU/Product Files/RHREU/RHREU_FR/RHREU_import_KW_FR.xlsx	ok	0	0			7734	
Career/Hotels at Home/3. HaH EU/Product Files/RHREU/RHREU_FR/RHREU_import_configurable_FR.xlsx	ok	0	0			12	
Career/Hotels at Home/3. HaH EU/Product Files/RHREU/RHREU_FR/RHREU_import_grouped_FR.xlsx	ok	0	0			1375	
Career/Hotels at Home/3. HaH EU/Product Files/RHREU/RHREU_FR/RHREU_import_kit_configurable_FR.xlsx	ok	0	0			1346	
Career/Hotels at Home/3. HaH EU/Product Files/RHREU/RHREU_FR/RHREU_import_simples_cat_search_FR.xlsx	ok	0	0			11	
Career/Hotels at Home/3. HaH EU/Product Files/RHREU/RHREU_FR/RHREU_import_simples_not_visible_FR.xlsx	ok	0	0			15	
Career/Hotels at Home/3. HaH EU/Product Files/RHREU/RHR_hotelslist_CSV.xlsx	ok	0	0			18	
Career/Hotels at Home/3. HaH EU/Product Files/SHEU/SHEU_DE/SHEU_import_grouped_DE.xlsx	ok	0	0			2	
Career/Hotels at Home/3. HaH EU/Product Files/SHEU/SHEU_DE/SHEU_import_kit_configurable_DE.xlsx	ok	0	0			4	
Career/Hotels at Home/3. HaH EU/Product Files/SHEU/SHEU_DE/SHEU_import_simples_cat_search_DE.xlsx	ok	0	0			1277	
Career/Hotels at Home/3. HaH EU/Product Files/SHEU/SHEU_DE/SHEU_import_simples_not_visible_DE.xlsx	ok	0	0			1402	
Career/Hotels at Home/3. HaH EU/Product Files/SHEU/SHEU_EN/SHEU_import_grouped_EN.xlsx	ok	0	0			1271	
Career/Hotels at Home/3. HaH EU/Product Files/SHEU/SHEU_EN/SHEU_import_kit_configurable_EN.xlsx	ok	0	0			10	
Career/Hotels at Home/3. HaH EU/Product Files/SHEU/SHEU_EN/SHEU_import_related_skus.xlsx	ok	0	0			2	
Career/Hotels at Home/3. HaH EU/Product Files/SHEU/SHEU_EN/SHEU_import_simples_cat_search_EN.xlsx	ok	0	0			8	
Career/Hotels at Home/3. HaH EU/Product Files/SHEU/SHEU_EN/SHEU_import_simples_not_visible_EN.xlsx	ok	0	0			1390	
Career/Hotels at Home/3. HaH EU/Product Files/SHEU/SHEU_EN/SHEU_import_upsell_skus.xlsx	ok	0	0			4	
Career/Hotels at Home/3. HaH EU/Product Files/SHEU/SHEU_ES/SHEU_import_grouped_ES.xlsx	ok	0	0			1586	
Career/Hotels at Home/3. HaH EU/Product Files/SHEU/SHEU_ES/SHEU_import_kit_configurable_ES.xlsx	ok	0	0			1362	
Career/Hotels at Home/3. HaH EU/Product Files/SHEU/SHEU_ES/SHEU_import_simples_cat_search_ES.xlsx	ok	0	0			1137	
Career/Hotels at Home/3. HaH EU/Product Files/SHEU/SHEU_ES/SHEU_import_simples_not_visible_ES.xlsx	ok	0	0			1421	
Career/Hotels at Home/3. HaH EU/Product Files/SHEU/SHEU_FR/SHEU_import_grouped_FR.xlsx	ok	0	0			4	
Career/Hotels at Home/3. HaH EU/Product Files/SHEU/SHEU_FR/SHEU_import_kit_configurable.xlsx	ok	0	0			1420	
Career/Hotels at Home/3. HaH EU/Product Files/SHEU/SHEU_FR/SHEU_import_simples_cat_search_FR.xlsx	ok	0	0			1386	
Career/Hotels at Home/3. HaH EU/Product Files/SHEU/SHEU_FR/SHEU_import_simples_not_visible_FR.xlsx	ok	0	0			1279	
Career/Hotels at Home/3. HaH EU/Product Files/SOF/SOF_Configurable_Products.xlsx	ok	0	0			1823	
Career/Hotels at Home/3. HaH EU/Product Files/SOF/SOF_DE/SOF_import_configurables_DE.xlsx	ok	0	0			2038	
Career/Hotels at Home/3. HaH EU/Product Files/SOF/SOF_DE/SOF_import_kit_configurable_DE.xlsx	ok	0	0			1241	
Career/Hotels at Home/3. HaH EU/Product Files/SOF/SOF_DE/SOF_import_simples_cat_search_DE.xlsx	ok	0	0			9	
Career/Hotels at Home/3. HaH EU/Product Files/SOF/SOF_DE/SOF_import_simples_not_visible_DE.xlsx	ok	0	0			39	
Career/Hotels at Home/3. HaH EU/Product Files/SOF/SOF_EN/Grouped/Grouped_creation_template.xlsx	ok	0	0			2100	
Career/Hotels at Home/3. HaH EU/Product Files/SOF/SOF_EN/Grouped/SOF_EN_import_grouped_Bases.xlsx	ok	0	0			18	
Career/Hotels at Home/3. HaH EU/Product Files/SOF/SOF_EN/Grouped/SOF_EN_import_grouped_Bed_and_Bedding_Set_Percale.xlsx	ok	0	0			1487	
Career/Hotels at Home/3. HaH EU/Product Files/SOF/SOF_EN/Grouped/SOF_EN_import_grouped_Bed_and_Bedding_Set_Sateen.xlsx	ok	0	0			1404	
Career/Hotels at Home/3. HaH EU/Product Files/SOF/SOF_EN/Grouped/SOF_EN_import_grouped_Bed_and_Bedding_Set_Signature.xlsx	ok	0	0			1324	
Career/Hotels at Home/3. HaH EU/Product Files/SOF/SOF_EN/Grouped/SOF_EN_import_grouped_Bedding_sets.xlsx	ok	0	0			8	
Career/Hotels at Home/3. HaH EU/Product Files/SOF/SOF_EN/Grouped/SOF_EN_import_grouped_Linen_sets.xlsx	ok	0	0			1462	
Career/Hotels at Home/3. HaH EU/Product Files/SOF/SOF_EN/Grouped/SOF_EN_import_grouped_Mattress_and_bases.xlsx	ok	0	0			1448	
Career/Hotels at Home/3. HaH EU/Product Files/SOF/SOF_EN/Grouped/SOF_EN_import_grouped_duvet_cover_and_pillow_shams_sets.xlsx	ok	0	0			1590	
Career/Hotels at Home/3. HaH EU/Product Files/SOF/SOF_EN/SOF_EN_import_configurables - kit.xlsx	ok	0	0			1298	
Career/Hotels at Home/3. HaH EU/Product Files/SOF/SOF_EN/SOF_EN_import_configurables.xlsx	ok	0	0			1392	
Career/Hotels at Home/3. HaH EU/Product Files/SOF/SOF_EN/SOF_EN_import_simples - Not Visibles.xlsx	ok	0	0			1358	
Career/Hotels at Home/3. HaH EU/Product Files/SOF/SOF_EN/SOF_EN_import_simples - Visibles.xlsx	ok	0	0			1475	
Career/Hotels at Home/3. HaH EU/Product Files/SOF/SOF_ES/SOF_import_configurable_ES.xlsx	ok	0	0			1997	
Career/Hotels at Home/3. HaH EU/Product Files/SOF/SOF_ES/SOF_import_kit_configurable_ES.xlsx	ok	0	0			2192	
Career/Hotels at Home/3. HaH EU/Product Files/SOF/SOF_ES/SOF_import_simples_cat_search_ES.xlsx	ok	0	0			8	
Career/Hotels at Home/3. HaH EU/Product Files/SOF/SOF_ES/SOF_import_simples_not_visible_ES.xlsx	ok	0	0			1287	
Career/Hotels at Home/3. HaH EU/Product Files/SOF/SOF_FR/SOF_import_configurables_FR.xlsx	ok	0	0			7	
Career/Hotels at Home/3. HaH EU/Product Files/SOF/SOF_FR/SOF_import_kit_configurable_FR.xlsx	ok	0	0			11	
Career/Hotels at Home/3. HaH EU/Product Files/SOF/SOF_FR/SOF_import_simples_cat_search_FR.xlsx	ok	0	0			1318	
Career/Hotels at Home/3. HaH EU/Product Files/SOF/SOF_FR/SOF_import_simples_not_visible_FR.xlsx	ok	0	0			43	
Career/Hotels at Home/3. HaH EU/Product Files/SOF/SOF_Simple_Products.xlsx	ok	0	0			7289	
Career/Hotels at Home/3. HaH EU/Product Files/SOF/SOF_Upsell_String.xlsx	ok	0	0			1666	
Career/Hotels at Home/3. HaH EU/Product Files/SOF/SOF_kits.xlsx	ok	0	0			38	
Career/Hotels at Home/3. HaH EU/Product Files/STREU/STREU_DE/STREU_import_configurables_DE.xlsx	ok	0	0			1614	
Career/Hotels at Home/3. HaH EU/Product Files/STREU/STREU_DE/STREU_import_grouped_DE.xlsx	ok	0	0			7	
Career/Hotels at Home/3. HaH EU/Product Files/STREU/STREU_DE/STREU_import_simples_cat_search_DE.xlsx	ok	0	0			8	
Career/Hotels at Home/3. HaH EU/Product Files/STREU/STREU_DE/STREU_import_simples_not_visible_DE.xlsx	ok	0	0			1330	
Career/Hotels at Home/3. HaH EU/Product Files/STREU/STREU_EN/STREU_Import_EN.xlsx	ok	0	0			53	
Career/Hotels at Home/3. HaH EU/Product Files/STREU/STREU_EN/STREU_Import_configurable_EN.xlsx	ok	0	0			8	
Career/Hotels at Home/3. HaH EU/Product Files/STREU/STREU_EN/STREU_Import_upsell_skus.xlsx	ok	0	0			1400	
Career/Hotels at Home/3. HaH EU/Product Files/STREU/STREU_EN/STREU_import_Simples_Not_Visibles_EN.xlsx	ok	0	0			1284	
Career/Hotels at Home/3. HaH EU/Product Files/STREU/STREU_EN/STREU_import_Simples_Visibles_EN.xlsx	ok	0	0			10	
Career/Hotels at Home/3. HaH EU/Product Files/STREU/STREU_EN/STREU_import_grouped_EN.xlsx	ok	0	0			10	
Career/Hotels at Home/3. HaH EU/Product Files/STREU/STREU_EN/STREU_import_kit_configurable_EN.xlsx	ok	0	0			5	
Career/Hotels at Home/3. HaH EU/Product Files/STREU/STREU_EN/STREU_import_related_skus.xlsx	ok	0	0			1	
Career/Hotels at Home/3. HaH EU/Product Files/STREU/STREU_ES/STREU_import_configurables_ES.xlsx	ok	0	0			1368	
Career/Hotels at Home/3. HaH EU/Product Files/STREU/STREU_ES/STREU_import_grouped_ES.xlsx	ok	0	0			7	
Career/Hotels at Home/3. HaH EU/Product Files/STREU/STREU_ES/STREU_import_simples_cat_search_ES.xlsx	ok	0	0			8	
Career/Hotels at Home/3. HaH EU/Product Files/STREU/STREU_ES/STREU_import_simples_not_visible_ES.xlsx	ok	0	0			1387	
Career/Hotels at Home/3. HaH EU/Product Files/STREU/STREU_FR/STREU_import_configurables_FR.xlsx	ok	0	0			14	
Career/Hotels at Home/3. HaH EU/Product Files/STREU/STREU_FR/STREU_import_grouped_FR.xlsx	ok	0	0			6	
Career/Hotels at Home/3. HaH EU/Product Files/STREU/STREU_FR/STREU_import_simples_cat_search_FR.xlsx	ok	0	0			7	
Career/Hotels at Home/3. HaH EU/Product Files/STREU/STREU_FR/STREU_import_simples_not_visible_FR.xlsx	ok	0	0			1439	
Career/Hotels at Home/3. HaH EU/Product Files/STREU/STREU_Grouped Creation Template.xlsx	ok	0	0			18	
Career/Hotels at Home/3. HaH EU/Product Files/SWIEU/SWIEU_DE/SWIEU_import_grouped_DE.xlsx	ok	0	0			1581	
Career/Hotels at Home/3. HaH EU/Product Files/SWIEU/SWIEU_DE/SWIEU_import_kit_configurable_DE.xlsx	ok	0	0			18	
Career/Hotels at Home/3. HaH EU/Product Files/SWIEU/SWIEU_DE/SWIEU_import_simples_cat_search_DE.xlsx	ok	0	0			685	
Career/Hotels at Home/3. HaH EU/Product Files/SWIEU/SWIEU_DE/SWIEU_import_simples_not_visible_DE.xlsx	ok	0	0			15	
Career/Hotels at Home/3. HaH EU/Product Files/SWIEU/SWIEU_EN/SWIEU_import_complet_EN.xlsx	ok	0	0			1312	
Career/Hotels at Home/3. HaH EU/Product Files/SWIEU/SWIEU_EN/SWIEU_import_grouped_EN.xlsx	ok	0	0			1379	
Career/Hotels at Home/3. HaH EU/Product Files/SWIEU/SWIEU_EN/SWIEU_import_kit_configurable_EN.xlsx	ok	0	0			10	
Career/Hotels at Home/3. HaH EU/Product Files/SWIEU/SWIEU_EN/SWIEU_import_simples_cat_search_EN.xlsx	ok	0	0			1325	
Career/Hotels at Home/3. HaH EU/Product Files/SWIEU/SWIEU_EN/SWIEU_import_simples_not_visible_EN.xlsx	ok	0	0			16	
Career/Hotels at Home/3. HaH EU/Product Files/SWIEU/SWIEU_EN/SWIEU_import_upsells.xlsx	ok	0	0			1221	
Career/Hotels at Home/3. HaH EU/Product Files/SWIEU/SWIEU_ES/SWIEU_import_grouped_ES.xlsx	ok	0	0			1429	
Career/Hotels at Home/3. HaH EU/Product Files/SWIEU/SWIEU_ES/SWIEU_import_kit_configurable_ES.xlsx	ok	0	0			8	
Career/Hotels at Home/3. HaH EU/Product Files/SWIEU/SWIEU_ES/SWIEU_import_simples_cat_search_ES.xlsx	ok	0	0			1397	
Career/Hotels at Home/3. HaH EU/Product Files/SWIEU/SWIEU_ES/SWIEU_import_simples_not_visible_ES.xlsx	ok	0	0			16	
Career/Hotels at Home/3. HaH EU/Product Files/SWIEU/SWIEU_FR/SWIEU_import_grouped_FR.xlsx	ok	0	0			1165	
Career/Hotels at Home/3. HaH EU/Product Files/SWIEU/SWIEU_FR/SWIEU_import_kit_configurable_FR.xlsx	ok	0	0			12	
Career/Hotels at Home/3. HaH EU/Product Files/SWIEU/SWIEU_FR/SWIEU_import_simples_cat_search_FR.xlsx	ok	0	0			1318	
Career/Hotels at Home/3. HaH EU/Product Files/SWIEU/SWIEU_FR/SWIEU_import_simples_not_visible_FR.xlsx	ok	0	0			1486	
Career/Hotels at Home/3. HaH EU/Product Files/THA/Images/THA_import_product_image.xlsx	ok	0	0			1571	
Career/Hotels at Home/3. HaH EU/Product Files/THA/THA_import_default.xlsx	ok	0	0			1425	
Career/Hotels at Home/3. HaH EU/Product Files/Test Order Summary.xlsx	ok	0	0			1858	
Career/Hotels at Home/3. HaH EU/Product Files/WHEU/Grouped Template Creation.xlsx	ok	0	0			1317	
Career/Hotels at Home/3. HaH EU/Product Files/WHEU/WHEU_EN/WHEU_import_grouped_EN.xlsx	ok	0	0			5	
Career/Hotels at Home/3. HaH EU/Product Files/WHEU/WHEU_EN/WHEU_import_kit_configurable_EN.xlsx	ok	0	0			1405	
Career/Hotels at Home/3. HaH EU/Product Files/WHEU/WHEU_EN/WHEU_import_related_skus.xlsx	ok	0	0			1294	
Career/Hotels at Home/3. HaH EU/Product Files/WHEU/WHEU_EN/WHEU_import_simples_cat_search_EN.xlsx	ok	0	0			32	
Career/Hotels at Home/3. HaH EU/Product Files/WHEU/WHEU_EN/WHEU_import_simples_not_visible_EN.xlsx	ok	0	0			27	
Career/Hotels at Home/3. HaH EU/Product Files/WHEU/WHEU_EN/WHEU_import_upsells.xlsx	ok	0	0			1351	
Career/Hotels at Home/3. HaH EU/Product Files/WHEU/WHEU_ES/WHEU_import_grouped_ES.xlsx	ok	0	0			4	
Career/Hotels at Home/3. HaH EU/Product Files/WHEU/WHEU_ES/WHEU_import_kit_configurable_ES.xlsx	ok	0	0			16	
Career/Hotels at Home/3. HaH EU/Product Files/WHEU/WHEU_ES/WHEU_import_simples_cat_search_ES.xlsx	ok	0	0			16	
Career/Hotels at Home/3. HaH EU/Product Files/WHEU/WHEU_ES/WHEU_import_simples_not_visible_ES.xlsx	ok	0	0			1287	
Career/Hotels at Home/3. HaH EU/Product Files/WHEU/WHEU_FR/WHEU_import_grouped_FR.xlsx	ok	0	0			3	
Career/Hotels at Home/3. HaH EU/Product Files/WHEU/WHEU_FR/WHEU_import_kit_configurable_FR.xlsx	ok	0	0			14	
Career/Hotels at Home/3. HaH EU/Product Files/WHEU/WHEU_FR/WHEU_import_simples_cat_search_FR.xlsx	ok	0	0			14	
Career/Hotels at Home/3. HaH EU/Product Files/WHEU/WHEU_FR/WHEU_import_simples_not_visible_FR.xlsx	ok	0	0			1382	
Career/Hotels at Home/3. HaH EU/Site Users.xlsx	ok	0	0			64	
Career/Hotels at Home/3. HaH EU/Tickets for Review.xlsx	ok	0	0			57	
Career/Hotels at Home/3. HaH EU/Timeline/Hotels at Home - Timeline & Estimation.xlsx	ok	0	0			523	
Career/Hotels at Home/5. eCommerce/Google Analytics 4/Custom Definitions.xlsx	ok	0	0			58	
Career/Hotels at Home/5. eCommerce/Project Date Calculator.xlsx	ok	0	0			53	
Career/Hotels at Home/5. eCommerce/Promo Calendars/SH-SHEU.xlsx	ok	0	0			1421	
Career/Hotels at Home/5. eCommerce/SiteList.xlsx	ok	0	0			68	
Career/Hotels at Home/Web App/Agencies Updated.xlsx	ok	0	0			65	
Career/Hulu/Administrative/Interactions.xlsx	ok	0	0			9	
Career/Hulu/BBC | ITV | Freemantle/BBC Deal.xlsx	ok	0	0			1523	
Career/Hulu/BBC | ITV | Freemantle/Best of British TV.xlsx	ok	0	0			1317	
Career/Hulu/Banff/Banff Festival Opportunities.xlsx	ok	0	0			1373	
Career/Hulu/Current Projects.xlsx	ok	0	0			14	
Career/Hulu/Exclusives/New Show Worksheet.xlsx	ok	0	0			1498	
Career/Hulu/Exclusives/PlusUsersSeriesEpisodesLifetime.xlsx	ok	0	0			86	
Career/Hulu/Exclusives/Segmentation Data/CategoryWithTop5SeriesCombo.xlsx	ok	0	0			9188	
Career/Hulu/Exclusives/Segmentation Data/TopSeriesCategory1.xlsx	ok	0	0			4613	
Career/Hulu/Exclusives/Segmentation Data/TopSeriesCategory2.xlsx	ok	0	0			6102	
Career/Hulu/Exclusives/Segmentation Data/TopSeriesCategory3.xlsx	ok	0	0			5412	
Career/Hulu/Exclusives/Segmentation Data/TopSeriesCategory4.xlsx	ok	0	0			3326	
Career/Hulu/Exclusives/Segmentation Data/TopSeriesCategory5.xlsx	ok	0	0			5080	
Career/Hulu/Exclusives/Segmentation Data/TopSeriesCategory6.xlsx	ok	0	0			16857	
Career/Hulu/Exclusives/Segmentation Data/TopSeriesCategory7.xlsx	ok	0	0			2112	
Career/Hulu/Exclusives/Segmentation Data/TopSeriesCategory8.xlsx	ok	0	0			4677	
Career/Hulu/Exclusives/Segmentation Data/TopSeriesCategory9.xlsx	ok	0	0			9858	
Career/Hulu/Film Strategy/Film Strategy expanded.xlsx	ok	0	0			3509	
Career/Hulu/Film Strategy/Film Strategy.xlsx	ok	0	0			42	
Career/Hulu/Film Strategy/Slides.xlsx	ok	0	0			2	
Career/Hulu/Financial Performance/Show Financial Data/Being Human UK.xlsx	ok	0	0			1527	
Career/Hulu/Financial Performance/Show Financial Data/Endgame.xlsx	ok	0	0			20	
Career/Hulu/Financial Performance/Show Financial Data/Misfits.xlsx	ok	0	0			24	
Career/Hulu/Financial Performance/Show Financial Data/Mongrels.xlsx	ok	0	0			1280	
Career/Hulu/Financial Performance/Show Financial Data/Single Handed.xlsx	ok	0	0			1104	
Career/Hulu/Financial Performance/Show Financial Data/Skins UK.xlsx	ok	0	0			36	
Career/Hulu/Financial Performance/Show Financial Data/Spy.xlsx	ok	0	0			1424	
Career/Hulu/Financial Performance/Show Financial Data/TOWIE.xlsx	ok	0	0			1238	
Career/Hulu/Financial Performance/Show Financial Data/The Booth.xlsx	ok	0	0			19	
Career/Hulu/Financial Performance/Show Financial Data/Tracey Ullman State of the Union.xlsx	ok	0	0			27	
Career/Hulu/Financial Performance/Show Financial Data/Tracy Takes On.xlsx	ok	0	0			1241	
Career/Hulu/Financial Performance/Show Financial Data/Whites.xlsx	ok	0	0			1418	
Career/Hulu/Financial Performance/Show Financial Performance 060412.xlsx	ok	0	0			1777	
Career/Hulu/Foundational/Misfits v Mongrels.xlsx	ok	0	0			2050	
Career/Hulu/Foundational/Report-1.xlsx	ok	0	0			6366	
Career/Hulu/Foundational/Report.xlsx	ok	0	0			1238	
Career/Hulu/Foundational/Show Revenue Model.xlsx	ok	0	0			500	
Career/Hulu/Foundational/Summer Slate.xlsx	ok	0	0			9	
Career/Hulu/Mail/Content Segmentation/Top Series Cluster Analysis - LH 5-28-12.xlsx	ok	0	0			184	
Career/Hulu/Mail/Exclusives/Exclusives Financials 8-6-12.xlsx	ok	0	0			1983	
Career/Hulu/Mail/Exclusives/PlusUsersSeriesEpisodesLifetime.xlsx	ok	0	0			85	
Career/Hulu/Mail/Originals RFP/RFP Candidate List.xlsx	ok	0	0			1352	
Career/Hulu/New Show Evaluation/New Show Worksheet.xlsx	ok	0	0			1356	
Career/Hulu/News Vertical/11-where-tablet-users-get-their-news.xlsx	ok	0	0			1382	
Career/Hulu/News Vertical/Data/1-Local-2012-Data-Local-News-Viewership-Recovers-Somewhat-in-Key-Time-Slots.xlsx	ok	0	0			1243	
Career/Hulu/News Vertical/Data/10-Local-2012-Data-Political-Ad-Spending-on-Local-TV-Drops-Sharply.xlsx	ok	0	0			1252	
Career/Hulu/News Vertical/Data/16-Local-2012-Data-News-Provides-More-Revenue-to-Local-TV-.xlsx	ok	0	0			1579	
Career/Hulu/News Vertical/Data/24-Local-2012-Data-Amount-of-Local-TV-News-per-Weekday-Sets-New-Record.xlsx	ok	0	0			1156	
Career/Hulu/News Vertical/Data/3-Local-2012-Essay-Local-Broadcast-TV-Advertising-Revenue-Decline-in-2011.xlsx	ok	0	0			1347	
Career/Hulu/News Vertical/Data/8-Local-2012-Essay-More-Large-Market-Newsrooms-Relying-on-Solo-Journalists.xlsx	ok	0	0			1328	
Career/Hulu/News Vertical/Data/Cable Revenues.xlsx	ok	0	0			1243	
Career/Hulu/News Vertical/Election Page Playlists.xlsx	ok	0	0			1411	
Career/Hulu/News Vertical/News 2.0 exhibits.xlsx	ok	0	0			15	
Career/Hulu/News Vertical/News Economics - Scenario Analysis.xlsx	ok	0	0			1362	
Career/Hulu/News Vertical/News Vertical/11-where-tablet-users-get-their-news.xlsx	ok	0	0			1079	
Career/Hulu/News Vertical/News Vertical/Data/1-Local-2012-Data-Local-News-Viewership-Recovers-Somewhat-in-Key-Time-Slots.xlsx	ok	0	0			1208	
Career/Hulu/News Vertical/News Vertical/Data/10-Local-2012-Data-Political-Ad-Spending-on-Local-TV-Drops-Sharply.xlsx	ok	0	0			1005	
Career/Hulu/News Vertical/News Vertical/Data/16-Local-2012-Data-News-Provides-More-Revenue-to-Local-TV-.xlsx	ok	0	0			1203	
Career/Hulu/News Vertical/News Vertical/Data/24-Local-2012-Data-Amount-of-Local-TV-News-per-Weekday-Sets-New-Record.xlsx	ok	0	0			2290	
Career/Hulu/News Vertical/News Vertical/Data/3-Local-2012-Essay-Local-Broadcast-TV-Advertising-Revenue-Decline-in-2011.xlsx	ok	0	0			2	
Career/Hulu/News Vertical/News Vertical/Data/8-Local-2012-Essay-More-Large-Market-Newsrooms-Relying-on-Solo-Journalists.xlsx	ok	0	0			3	
Career/Hulu/News Vertical/News Vertical/Data/Cable Revenues.xlsx	ok	0	0			1604	
Career/Hulu/News Vertical/News Vertical/Election Page Playlists.xlsx	ok	0	0			1513	
Career/Hulu/News Vertical/News Vertical/News 2.0 exhibits.xlsx	ok	0	0			11	
Career/Hulu/News Vertical/News Vertical/News Economics - Scenario Analysis.xlsx	ok	0	0			60	
Career/Hulu/News Vertical/News Vertical/Originals/MISFITS - BOOTH views projection_v2.xlsx	ok	0	0			27	
Career/Hulu/News Vertical/News Vertical/Originals/Originals TV Model v6.xlsx	ok	0	0			2763	
Career/Hulu/News Vertical/News Vertical/Originals/YEAR 1-2 ORIGINALS BUDGET June 29 2011_v9.xlsx	ok	0	0			1260	
Career/Hulu/News Vertical/News Vertical/Top 10 Movies.xlsx	ok	0	0			8	
Career/Hulu/News Vertical/News Vertical/Top 30 Citations.xlsx	ok	0	0			10	
Career/Hulu/News Vertical/News Vertical/news numbers.xlsx	ok	0	0			5554	
Career/Hulu/News Vertical/Originals/MISFITS - BOOTH views projection_v2.xlsx	ok	0	0			1225	
Career/Hulu/News Vertical/Originals/Originals TV Model v6.xlsx	ok	0	0			4021	
Career/Hulu/News Vertical/Originals/YEAR 1-2 ORIGINALS BUDGET June 29 2011_v9.xlsx	ok	0	0			41	
Career/Hulu/News Vertical/Top 10 Movies.xlsx	ok	0	0			1399	
Career/Hulu/News Vertical/Top 30 Citations.xlsx	ok	0	0			1155	
Career/Hulu/News Vertical/news numbers.xlsx	ok	0	0			24	
Career/Hulu/Nick Shows/Go Diego Go.xlsx	ok	0	0			14	
Career/Hulu/Nick Shows/Nick Live Action Audit.xlsx	ok	0	0			23	
Career/Hulu/Originals RFP/Master List.xlsx	ok	0	0			1202	
Career/Hulu/Originals RFP/RFP Candidate List.xlsx	ok	0	0			10	
Career/Hulu/Project Staedtler/Administrative/Project Staedtler Workplan.xlsx	ok	2	1	grgNonlinear		1117	
Career/Hulu/Project Staedtler/Consumer Focused Strategy Options.xlsx	ok	0	0			10	
Career/Hulu/Project Staedtler/Presentation/Resources/Exhibits/AppleTV Unit Sales.xlsx	ok	0	0			1289	
Career/Hulu/Project Staedtler/Presentation/Resources/Exhibits/Project Staedtler Exhibits.xlsx	ok	0	0			1295	
Career/Hulu/Project Staedtler/Presentation/Resources/Exhibits/Subscribers Required 060512.xlsx	ok	0	0			1912	
Career/Hulu/Project Staedtler/Presentation/Resources/Exhibits/Subscribers Required 061112.xlsx	ok	0	0			1872	
Career/Hulu/Project Staedtler/Presentation/Resources/Exhibits/Subscribers Required 061312.xlsx	ok	0	0			2096	
Career/Hulu/Project Staedtler/Presentation/Resources/Exhibits/Subscribers Required 061412.xlsx	ok	0	0			497	
Career/Hulu/Project Staedtler/Presentation/Resources/Exhibits/Subscribers Required.xlsx	ok	0	0			188	
Career/Hulu/Project Staedtler/Research/Mobile App Research/228221_forecast.xlsx	ok	0	0			20	
Career/Hulu/Ugly Americans/American Dad.xlsx	ok	0	0			7707	
Career/Hulu/Ugly Americans/Archer.xlsx	ok	0	0			301	
Career/Hulu/Ugly Americans/Beavis and Butthead.xlsx	ok	0	0			360	
Career/Hulu/Ugly Americans/Bob's Burgers.xlsx	ok	0	0			1929	
Career/Hulu/Ugly Americans/Drawn Together.xlsx	ok	0	0			387	
Career/Hulu/Ugly Americans/Key & Peele.xlsx	ok	0	0			49	
Career/Hulu/Ugly Americans/Show Performance Comparison.xlsx	ok	0	0			52	
Career/Hulu/Ugly Americans/South Park.xlsx	ok	0	0			7719	
Career/Hulu/Ugly Americans/Teen Wolf.xlsx	ok	0	0			43	
Career/Hulu/Ugly Americans/The Cleveland Show.xlsx	ok	0	0			2390	
Career/Hulu/Ugly Americans/Tosh0.xlsx	ok	0	0			1433	
Career/Hulu/Ugly Americans/Ugly Americans.xlsx	ok	0	0			1479	
Career/Hulu/Ugly Americans/Workaholics.xlsx	ok	0	0			23	
Career/Hulu/Viacom/Viacom.xlsx	ok	0	0			20	
Computer/Admin/Generation 1 Transformers (Cliffjumper.local's conflicted copy 2019-07-06).xlsx	ok	0	0			1104	
Computer/Admin/Generation 1 Transformers.xlsx	ok	0	0			1283	
Computer/Backup/Airport configurations/Wireless Settings.xlsx	ok	0	0			1272	
Computer/Backup/Computing/Networking/Work/Users and IT Links.xlsx	ok	0	0			1346	
Computer/Backup/Serials/Wireless Settings.xlsx	ok	0	0			1554	
Current/Career/Search/GoldmanSachs_USStrategicMACandidates_Aug_28_2017.xlsx	ok	0	0			1392	
Current/Career/Search/MacAndrews & Forbes/MacAndrews and Forbes Properties.xlsx	ok	0	0			1640	
Current/Career/Search/Meta/Meta Interview Frameworks.xlsx	ok	0	0			1269	
Current/Career/Search/Meta/Meta/Post HAH/App Hunt.xlsx	ok	0	0			5317	
Current/Career/Search/Meta/Meta/Post HAH/Budget.xlsx	ok	0	0			1747	
Current/Career/Search/Meta/Meta/Post HAH/Hah Details/HAH Downloads/EU - Magento 2 Features For iCube.xlsx	ok	0	0			1749	
Current/Career/Search/Meta/Meta/Post HAH/Hah Details/HAH Downloads/HAH EU Cheat Sheet.xlsx	ok	0	0			1154	
Current/Career/Search/Meta/Meta/Post HAH/Hah Details/HAH Downloads/delivery-hotelsathome-develop-upgrade-2.4.6/app/code/Firebear/ImportExport/Test/Integration/_files/xlsx/products_all_types.xlsx	ok	0	0			1256	
Current/Career/Search/Meta/Meta/Post HAH/Hah Details/SKU Count.xlsx	ok	0	0			1309	
Current/Career/Search/Meta/Meta/Post HAH/Interview Prep/PM Questions.xlsx	ok	0	0			1404	
Current/Career/Search/Meta/Meta/Post HAH/delivery-hotelsathome-develop-upgrade-2.4.6/app/code/Firebear/ImportExport/Test/Integration/_files/xlsx/products_all_types.xlsx	ok	0	0			1023	
Current/Career/Search/Meta/Product Sense Interview Framework.xlsx	ok	0	0			1255	
Current/Career/Search/NBCU Weekly Open Req Report 12.11.17.xlsx	ok	0	0			1390	
Current/Career/Search/Search Spreadsheet.xlsx	ok	0	0			1278	
Current/General/AdHoc/KEXP DJs/KEXP DJs.xlsx	ok	0	0			1359	
Current/General/AdHoc/Optimization/Optimization.xlsx	ok	113	4	grgNonlinear,grgNonlinear,grgNonlinear,grgNonlinear	1,2,4	1244	
Current/General/AdHoc/Predictive Modelling for Football Analytics/Chapter 3/Table3-2/Table3-2.xlsx	ok	0	0			1363	
Current/General/Working Templates/Financial.xlsx	ok	0	0			1246	
Current/General/Working Templates/Meeting Agenda Template (Cliffjumper.local's conflicted copy 2019-07-06).xlsx	ok	0	0			1358	
Current/General/Working Templates/Meeting Agenda Template.xlsx	ok	0	0			1312	
Current/Home/2312 Godfrey Road, 05043/Renovation/Room Details.xlsx	ok	0	0			1578	
Current/Home/2312 Godfrey Road, 05043/VT Renovation/Items Purnells need to choose.xlsx	ok	0	0			961	
Current/Trips/Rosé Club Meeting Expenditures.xlsx	ok	0	0			1612	
Current/Tuck Club of New York/Fall Fling Pricing.xlsx	ok	0	0			1314	
Current/Tuck Club of New York/Spring Splash Budget.xlsx	ok	0	0			1102	
Current/Winetaster 4/LWINdatabase.xlsx	ok	0	0			37304	
Entertainment/3-D/General/Kids/Brio/BOM_Brio Electric Train Mod Pack_20260520.xlsx	ok	0	0			1435	
Entertainment/Data/Houseplants.xlsx	ok	32	1	grgNonlinear	1,4	1166	
Entertainment/Data/NBA Valuations.xlsx	ok	0	0			1240	
Entertainment/Print/Pitchfork Top Albums of the 80s.xlsx	ok	0	0			1260	
Entertainment/Print/Research_The literal translation of country names.xlsx	ok	0	0			1208	
Family/Kids/Henry/Academic/0. General Education/Number Wall.xlsx	ok	0	0			1274	
Family/Kids/Henry/Academic/1. Explore + Discover/E+D Parents.xlsx	ok	0	0			1187	
Family/Kids/Henry/Henry Feeding Tracker.xlsx	ok	0	0			1255	
Family/Kids/Henry/Medical/Pediatrician Visits/Henry Vitals.xlsx	ok	0	0			1313	
Family/Kids/Henry/Potential Names.xlsx	ok	0	0			1324	
Family/Kids/Henry/Sleep Training.xlsx	ok	0	0			1348	
Family/TBD/names.xlsx	ok	0	0			1390	
Personal/Employment/Applications/Axar Capital Management LP/Pitchbook & Culture Deck/Wy Now.xlsx	ok	0	0			15545	
Personal/Home/2018 - 312 E. 23rd St #2B 10010/Board Package/Required Checks for Closing.xlsx	ok	0	0			1461	
Personal/Home/2018 - 312 E. 23rd St #2B 10010/Design/Bathroom Renovation/Bathroom Renovation.xlsx	ok	0	0			63	
Personal/Home/2018 - 312 E. 23rd St #2B 10010/Design/Bathroom Renovation/Book3 2.xlsx	ok	0	0			1016	
Personal/Home/2018 - 312 E. 23rd St #2B 10010/Finance/2020 Mortgage Refinancing/Required Documents/2020 1099 P&L – Justin/2020 1099 P&L.xlsx	ok	0	0			1055	
Personal/Home/2018 - 312 E. 23rd St #2B 10010/Finance/Appraisal/b1_condo_comp_d012317.xlsx	ok	0	0			2187	
Personal/Home/2018 - 312 E. 23rd St #2B 10010/Search/Worksheets/Apartment Hunt.xlsx	ok	0	0			51	
Personal/Home/2018 - 312 E. 23rd St #2B 10010/Search/Worksheets/Apartment Worksheet.xlsx	ok	0	0			1440	
Personal/Home/2018 312 E. 23rd St #2B 10010/Board Package/Required Checks for Closing.xlsx	ok	0	0			1115	
Personal/Home/2018 312 E. 23rd St #2B 10010/Design/Bathroom Renovation/Bathroom Renovation.xlsx	ok	0	0			1310	
Personal/Home/2018 312 E. 23rd St #2B 10010/Design/Bathroom Renovation/Book3 2.xlsx	ok	0	0			5	
Personal/Home/2018 312 E. 23rd St #2B 10010/Finance/2020 Mortgage Refinancing/Required Documents/2020 1099 P&L – Justin/2020 1099 P&L.xlsx	ok	0	0			57	
Personal/Home/2018 312 E. 23rd St #2B 10010/Finance/Appraisal/b1_condo_comp_d012317.xlsx	ok	0	0			1024	
Personal/Home/2018 312 E. 23rd St #2B 10010/Search/Worksheets/Apartment Hunt.xlsx	ok	0	0			52	
Personal/Home/2018 312 E. 23rd St #2B 10010/Search/Worksheets/Apartment Worksheet.xlsx	ok	0	0			3	
Personal/Home/2022 - 108 E. 81st St #3B 10028/Packed Boxes List.xlsx	ok	0	0			57	
Personal/Home/2022 - 108 E. 81st St #3B 10028/Rent Increase Calculator.xlsx	ok	0	0			90	
Personal/Home/2023 - 2312 Godfrey Road, 05043/Design/2312 Godfrey Road_2023 projects.xlsx	ok	0	0			8	
Personal/Home/2023 - 2312 Godfrey Road, 05043/Design/Renovation/Budget/Initial Estimate/Renovation Decision Tool v2.xlsx	ok	0	0			68	
Personal/Home/2023 - 2312 Godfrey Road, 05043/Design/Renovation/Budget/Initial Estimate/Renovation Decision Tool.xlsx	ok	0	0			66	
Personal/Home/2023 - 2312 Godfrey Road, 05043/Financing/Mortgage Calculator.xlsx	ok	0	0			150	
Personal/Home/2023 - 2312 Godfrey Road, 05043/Insurance/2023 Flood Pics/Renovation Recovery.xlsx	ok	0	0			1296	
Personal/Home/2023 - 2312 Godfrey Road, 05043/Listing/Zillow/zillow-properties-for-sale-2022-11-28_09_12_44.xlsx	ok	0	0			5	
Personal/Home/2023 - 2312 Godfrey Road, 05043/Maintenance/House Manuals.xlsx	ok	0	0			96	
Personal/Home/2026 - 19 Coprock Road, 10591/04. Negotiation/Model/Bedroom_Negotiation_Model copy.xlsx	ok	0	0			1457	
Personal/Home/2026 - 19 Coprock Road, 10591/04. Negotiation/Model/Bedroom_Negotiation_Model.xlsx	ok	0	0			12	
Personal/Home/2026 - 19 Coprock Road, 10591/04. Negotiation/Model/Negotiation_Model_v2.xlsx	ok	0	0			26	
Personal/Home/2026 - 19 Coprock Road, 10591/04. Negotiation/Model/Negotiation_Model_v3.xlsx	ok	0	0			35	
Personal/Home/2026 - 19 Coprock Road, 10591/04. Negotiation/Model/Negotiation_Model_v4.xlsx	ok	0	0			32	
Personal/Home/2026 - 19 Coprock Road, 10591/04. Negotiation/Model/Negotiation_Model_v5.xlsx	ok	0	0			1261	
Personal/Home/2026 - 19 Coprock Road, 10591/04. Negotiation/Model/Negotiation_Model_v6 copy.xlsx	ok	0	0			83	
Personal/Home/2026 - 19 Coprock Road, 10591/04. Negotiation/Model/Negotiation_Model_v6.xlsx	ok	0	0			86	
Personal/Home/2026 - 19 Coprock Road, 10591/04. Negotiation/Model/model 2.xlsx	ok	0	0			59	
Personal/Home/2026 - 19 Coprock Road, 10591/06. Renovation/Magnets.xlsx	ok	0	0			1167	
Personal/Home/2026 - 19 Coprock Road, 10591/06. Renovation/Renovation Planner_v3.xlsx	ok	0	0			5	
Personal/Home/2026 - 19 Coprock Road, 10591/06. Renovation/Renovation Workbook.xlsx	ok	0	0			60	
Personal/Home/2026 - 19 Coprock Road, 10591/06. Renovation/SOW.xlsx	ok	0	0			4	
Personal/Home/2026 - 19 Coprock Road, 10591/09. Move/Packing List.xlsx	ok	0	0			61	
Personal/Home/2026 - 19 Coprock Road, 10591/19 Coprock Road/Renovation Planner_v4.xlsx	ok	0	0			5	
Personal/Home/Correspondence/Holiday Card List.xlsx	ok	0	0			2	
Personal/Home/Emergency Planning/Emergency Check List.xlsx	ok	0	0			1247	
Personal/Home/Emergency Planning/Survival Kit Content List.xlsx	ok	0	0			3	
Personal/Home/Expiration Date Cheat Spreadsheet.xlsx	ok	0	0			53	
Personal/Home/House Expenses 2.0.xlsx	ok	0	0			746	
Personal/Medical/Pfizer Reaction.xlsx	ok	0	0			62	
Personal/Quantification/Quanitifed Self.xlsx	ok	0	0			4923	
Personal/Quantification/Social Media/Twitter/every wint (@dril) tweet.xlsx	ok	0	0			1870	
Personal/Standard Info/Interview Prep/Interview Story Points.xlsx	ok	0	0			1599	
Personal/Transportation/Land Rover Range Rover HSE TD6/SALGS2KF9GA296784 – NY/Claim #32k186238 - Justin Purnell/Claim #32k186238 - Justin Purnell.xlsx	ok	0	0			14342	
Personal/Wine in Storage.xlsx	ok	0	0			2827	
Personal/node_modules/npm/node_modules/tar/node_modules/minipass/minipass-benchmarks.xlsx	ok	0	0			1706	
Princeton/Alumni Council/CAC/Class Officer Survey/Princeton Class Officer Survey (Responses).xlsx	ok	0	0			1185	
Princeton/Alumni Council/CAC/Traditions Working Group/Off-Year Traditions/Off-Year Activities by Class.xlsx	ok	0	0			1183	
Princeton/Annual Giving/Special Gifts 2015/PurnellJ–2000 Special Gifts Assignment Worksheet.xlsx	ok	0	0			1503	
Princeton/Class of 2000/Class Info/2000 contact list (active classmates).xlsx	ok	0	0			2149	
Princeton/Class of 2000/Class Info/Centrality/Centrality.xlsx	ok	0	0			1404	
Princeton/Class of 2000/Class Info/Class Creators/Class Authors.xlsx	ok	0	0			1520	
Princeton/Class of 2000/Class Info/Classify Clubs.xlsx	ok	0	0			1255	
Princeton/Class of 2000/Class Info/Princeton 2000/Topics__Following_export_2023-02-08.xlsx	ok	0	0			1229	
Princeton/Class of 2000/Class Info/Raw Data/ClassOf2000.xlsx	ok	0	0			2705	
Princeton/Class of 2000/Class Info/Yearbook/yearbook_list.xlsx	ok	0	0			1311	
Princeton/Class of 2000/Class Info/gifts_20251117-2.xlsx	ok	0	0			1745	
Princeton/Class of 2000/Class Info/gifts_20251117.xlsx	ok	0	0			1212	
Princeton/Class of 2000/Class Info/sports.xlsx	ok	0	0			1233	
Princeton/Class of 2000/Class of 2000 Models/ClassOf2000.xlsx	ok	0	0			2216	
Princeton/Class of 2000/Events/2023/Class Leadership Conference/'00 Invite list for 25th-50th v2.xlsx	ok	0	0			1488	
Princeton/Class of 2000/Projects/MLS/Past MLS Speakers.xlsx	ok	0	0			1518	
Princeton/Class of 2000/Projects/Survey/2022/Princeton 2000 – State of the Class Survey, 2022 (Responses).xlsx	ok	0	0			1348	
Princeton/Class of 2000/Projects/Survey/2024/Jacket Sizes.xlsx	ok	0	0			1464	
Princeton/Class of 2000/Projects/Survey/2024/ages.xlsx	ok	0	0			1229	
Princeton/Class of 2000/Website/Apple Maps Place IDs.xlsx	ok	0	0			1313	
Princeton/Class of 2000/Website/Event Builder.xlsx	ok	0	0			1456	
Princeton/Reunions/Reunions 2010/Final Schedule.xlsx	ok	0	0			4829	
Princeton/Reunions/Reunions 2015/Master Planner.xlsx	ok	0	0			1528	
Princeton/Reunions/Reunions 2020/2020 Budget.xlsx	ok	0	0			1064	
Princeton/Reunions/Reunions 2020/2020 Entertainment Budget.xlsx	ok	0	0			1456	
Princeton/Reunions/Reunions 2020/2020 Reunions Final Schedule.xlsx	ok	0	0			1304	
Princeton/Reunions/Reunions 2020/Major Reunions Financial Report 2019.xlsx	ok	0	0			1706	
Princeton/Reunions/Reunions 2020/Master Planner.xlsx	ok	0	0			1077	
Princeton/Reunions/Reunions 2020/Reunions Class Activities Lead Contacts.xlsx	ok	0	0			1176	
Princeton/Reunions/Reunions 2025/Committee Gifts.xlsx	ok	0	0			1391	
Princeton/Reunions/Reunions 2025/Housing/P'99 25th Reunion Hotel Information.xlsx	ok	0	0			1169	
Princeton/Reunions/Reunions 2025/Planning/2025 Reunions Planning Timeline.xlsx	ok	0	0			4380	
Princeton/Reunions/Reunions 2025/Planning/Budget/Reunions Budget.xlsx	ok	0	0			1528	
Princeton/Reunions/Reunions 2025/Planning/Theme Votes.xlsx	ok	0	0			1418	
Princeton/Reunions/Reunions 2025/Receipts/Purnell Reimbursements.xlsx	ok	0	0			1287	
Princeton/Reunions/Reunions 2025/Reunions Site Media/Book1.xlsx	ok	0	0			1345	
Princeton/Reunions/Reunions 2025/discounts_20251117.xlsx	ok	0	0			1302	
Princeton/Reunions/Reunions 2025/group_Classof2000-25thReunion_20251117.xlsx	ok	0	0			2479	
Projects/Calculators & Models/CAGR.xlsx	ok	0	0			1261	
Projects/Calculators & Models/Dice Probability/Rolling Dice.xlsx	ok	0	0			1428	
Projects/Calculators & Models/Equivalent Day.xlsx	ok	0	0			1356	
Projects/Calculators & Models/House Parity Day.xlsx	ok	0	0			1187	
Projects/Calculators & Models/Key Relative Dates Calculator/Key Date Calculator.xlsx	ok	0	0			1274	
Projects/Calculators & Models/Marginal Tax Rates/Tax Calculations.xlsx	ok	0	0			1440	
Projects/Calculators & Models/Media Math/Media Math.xlsx	ok	0	0			1335	
Projects/Calculators & Models/Mixtape maker/Listing Template.xlsx	ok	0	0			1559	
Projects/Calculators & Models/PE Carry Mechanics/PE Carry Mechanics.xlsx	ok	0	0			1336	
Projects/Calculators & Models/Peloton API/Peloton Efficiency Estimate.xlsx	ok	0	0			1200	
Projects/Calculators & Models/Peloton Workout Calculator/Workout Calculator.xlsx	ok	0	0			1429	
Projects/Calculators & Models/Pulse Width Modulation/PWM Calculator.xlsx	ok	0	0			1238	
Projects/Calculators & Models/Summer Reading/Learning Through Summer.xlsx	ok	0	0			1562	
Projects/Calculators & Models/Summerjam Music Videos .xlsx	ok	0	0			1323	
Projects/Calculators & Models/Torque Calculator/torque Calculator.xlsx	ok	0	0			1386	
Projects/Calculators & Models/VO2 Max/VO2 Max Calculator.xlsx	ok	0	0			1270	
Projects/Calculators & Models/Valuation Guide/AVP - IPO.xlsx	ok	0	0			1363	
Projects/Calculators & Models/lambda.xlsx	ok	0	0			1368	
Projects/Events/Archived/Assassins/Assassins 2011.xlsx	ok	0	0			1173	
Projects/Events/Archived/Our Wedding/0. Administrative/Source Documents/Attendee Master List.xlsx	ok	0	0			1406	
Projects/Events/Archived/Our Wedding/0. Administrative/Source Documents/MasterWeddingSS_150121.xlsx	ok	0	0			1327	
Projects/Events/Archived/Our Wedding/0. Administrative/Source Documents/wedding budget.xlsx	ok	0	0			1247	
Projects/Events/Archived/Our Wedding/0. Administrative/Table Settings 4.1.xlsx	ok	0	0			4959	
Projects/Events/Archived/Our Wedding/0. Administrative/Transportation/Charter Request_Purnell_2016-06-17.xlsx	ok	0	0			1167	
Projects/Events/Archived/Our Wedding/0. Administrative/Transportation/Charter Request_Purnell_2016-06-18_Early.xlsx	ok	0	0			1263	
Projects/Events/Archived/Our Wedding/0. Administrative/Transportation/Charter Request_Purnell_2016-06-18_Late.xlsx	ok	0	0			1094	
Projects/Events/Archived/Our Wedding/0. Administrative/Wedding Master.xlsx	ok	0	0			1541	
Projects/Events/Archived/Our Wedding/0. Administrative/Wedding draft tables.xlsx	ok	0	0			1411	
Projects/Events/Archived/Our Wedding/3. Media/Audio/Song List.xlsx	ok	0	0			1458	
Projects/Events/Archived/Our Wedding/3. Media/Audio/Untitled 2.xlsx	ok	0	0			1633	
Projects/Events/Archived/Our Wedding/3. Media/Text/Ceremony Order.xlsx	ok	0	0			1080	
Projects/Family/Naming/Name Analysis.xlsx	ok	0	0			3897	
Projects/Food/Recipe Book/Recipe Book.xlsx	ok	0	0			1257	
Projects/Food/Recipes/Momofuku Lychee/Lychee Slushie Recipe.xlsx	ok	0	0			1317	
Projects/Food/Wine Cellar/Wine Cellar (Cliffjumper.local's conflicted copy 2019-07-06).xlsx	ok	0	0			1348	
Projects/Food/Wine Cellar/Wine Cellar.xlsx	ok	0	0			1312	
Projects/Food/Wine Cellar/white wine escapades.xlsx	ok	0	0			965	
Projects/General/Ad Hoc/Archived/Apartment Fire/Claim #32k186238 - Justin Purnell.xlsx	ok	0	0			13	
Projects/General/Ad Hoc/Archived/Apartment Fire/Replacement Items.xlsx	ok	0	0			2	
Projects/General/Ad Hoc/Archived/Apartment Fire/State Farm Spreadsheet.xlsx	ok	0	0			1279	
Projects/General/Ad Hoc/Archived/Best in Show Dogs.xlsx	ok	0	0			362	
Projects/General/Ad Hoc/Archived/Billion Seconds.xlsx	ok	0	0			2	
Projects/General/Ad Hoc/Archived/BlindSeed P&L/BlindSeed P&Ls.xlsx	ok	0	0			1305	
Projects/General/Ad Hoc/Archived/Calculators & Models/Fund Budgets.xlsx	ok	0	0			1145	
Projects/General/Ad Hoc/Archived/Calculators & Models/HQ Model.xlsx	ok	0	0			4	
Projects/General/Ad Hoc/Archived/Calculators & Models/Henry Wake Up Settings.xlsx	ok	0	0			65	
Projects/General/Ad Hoc/Archived/Calculators & Models/Instagram Results.xlsx	ok	2	1	grgNonlinear		1225	
Projects/General/Ad Hoc/Archived/Calculators & Models/Nothing Compares 2 U – A KEXP Prince Tribute.xlsx	ok	0	0			5	
Projects/General/Ad Hoc/Archived/Calculators & Models/Pauls Boutique.xlsx	ok	0	0			1323	
Projects/General/Ad Hoc/Archived/Calculators & Models/QB Rating Calculator.xlsx	ok	0	0			1037	
Projects/General/Ad Hoc/Archived/Calculators & Models/Sample optimization.xlsx	ok	35	1	simplexLP	1,2,5	11	
Projects/General/Ad Hoc/Archived/Calculators & Models/Slow Carb Crazy.xlsx	ok	5	2	grgNonlinear,grgNonlinear		2254	
Projects/General/Ad Hoc/Archived/Calculators & Models/T Coll Champagne Train.xlsx	ok	0	0			1278	
Projects/General/Ad Hoc/Archived/Calculators & Models/VO2 Max Calculation.xlsx	ok	0	0			1297	
Projects/General/Ad Hoc/Archived/Calculators & Models/Wolves Improbable Season.xlsx	ok	0	0			1803	
Projects/General/Ad Hoc/Archived/Calculators & Models/iTunes Library Analysis.xlsx	ok	2	1	grgNonlinear		1538	
Projects/General/Ad Hoc/Archived/College Rankings DEA Analysis/1995 US College Data.xlsx	ok	0	0			377	
Projects/General/Ad Hoc/Archived/Community/NY Cares/NY Cares Day.xlsx	ok	0	0			1281	
Projects/General/Ad Hoc/Archived/Election 2020 Results/2020 Results.xlsx	ok	0	0			89	
Projects/General/Ad Hoc/Archived/Feels Like Temperature/Feels Like Temperature Calculation.xlsx	ok	0	0			1249	
Projects/General/Ad Hoc/Archived/Frank playlists/Playlists/m3u maker.xlsx	ok	0	0			1300	
Projects/General/Ad Hoc/Archived/Quiz/Quiz Results.xlsx	ok	0	0			65	
Projects/General/Ad Hoc/Breath of the Wild/Amazon Presentation Feedback Guide.xlsx	ok	0	0			1369	
Projects/General/Ad Hoc/Breath of the Wild/Amazon QBR Feedback.xlsx	ok	0	0			1276	
Projects/General/Ad Hoc/Breath of the Wild/Breath of the Wild Acquisition Targets.xlsx	ok	0	0			71	
Projects/General/Ad Hoc/Breath of the Wild/Dieter Rams – Ten principles for good design.xlsx	ok	0	0			14	
Projects/General/Ad Hoc/Chateau Vingt/Chateau - Vineyard Model.xlsx	ok	0	0			1532	
Projects/General/Ad Hoc/Epidemiology Model/Epidemiology Model.xlsx	ok	0	0			1224	
Projects/General/Ad Hoc/Favorite Albums/KEXP Top Played/KEXP Top Played of All-Time.xlsx	ok	0	0			66	
Projects/General/Ad Hoc/Fixed.xlsx	ok	0	0			47	
Projects/General/Ad Hoc/Georgia Election Runoff Model/Georgia Runoff Model.xlsx	ok	0	0			91	
Projects/General/Ad Hoc/K-Means/Comedy Types.xlsx	ok	0	0			1350	
Projects/General/Ad Hoc/K-Means/K-Means Example – Excel.xlsx	ok	0	0			170	
Projects/General/Ad Hoc/K-Means/K-Means – Example – XCode/K-Means/K-Means.xlsx	ok	0	0			1657	
Projects/General/Ad Hoc/K-Means/iTV Stuff/Comparison.xlsx	ok	0	0			14	
Projects/General/Ad Hoc/K-Means/iTV Stuff/Editorial Groupings and Cluster Memberships.xlsx	ok	0	0			155	
Projects/General/Ad Hoc/ModelOff/The Price is Right.xlsx	ok	0	0			104	
Projects/General/Ad Hoc/Monte Carlo Simulation.xlsx	ok	0	0			375	
Projects/General/Ad Hoc/Peloton CLV/Peloton CLV Calculation.xlsx	ok	0	0			59	
Projects/General/Ad Hoc/State Data/State Data.xlsx	ok	0	0			62	
Projects/General/Ad Hoc/Transformers Episodes/Transformers.xlsx	ok	0	0			1333	
Projects/General/Ad Hoc/VT Land Survey/FS_VCGI_OPENDATA_Cadastral_VTPARCELS_poly_DataStatus_SP_v1_-6980198619447668114.xlsx	ok	0	0			1369	
Projects/General/Ad Hoc/garvensBreadboard/Breadboard - Burglar.xlsx	ok	0	0			63	
Projects/General/Ad Hoc/our band could be your band.xlsx	ok	0	0			160	
Projects/General/Book Publishing/Self Publishing/Self Publishing Model.xlsx	ok	0	0			1247	
Projects/General/Breath of the Wild/Zelda Missions.xlsx	ok	0	0			1279	
Projects/General/Financial App/BRITBOX COPY of Universal Schema Draft.xlsx	ok	0	0			4834	
Projects/General/Financial App/Financial Model/Date Test.xlsx	ok	0	0			48	
Projects/General/Financial App/Financial Model/HQ_PCP Acquisition Strategy in Ulster (SWC).xlsx	ok	0	0			1479	
Projects/General/Financial App/Financial Model/New Financial Model Template 0.2.xlsx	ok	0	0			48	
Projects/General/Financial App/Financial Model/New Financial Model Template v.1.xlsx	ok	0	0			24	
Projects/Health/Workouts/FTP > VO2 Max.xlsx	ok	0	0			1210	
Projects/Health/Workouts/vo2max map test.xlsx	ok	0	0			1204	
Projects/Home/Food Storage Requirements.xlsx	ok	0	0			1421	
Projects/Home/Vermont House/Room Details.xlsx	ok	0	0			1329	
Projects/Media Bank/6.0.0.2.3 Excel/Advertising Model.xlsx	ok	0	0			1412	
Projects/Publications/The Cheat Sheet/Administrative/Cheat Sheet Email List copy.xlsx	ok	0	0			706	
Projects/Publications/The Cheat Sheet/Administrative/Cheat Sheet Email List.xlsx	ok	0	0			1133	
Projects/Publications/The Cheat Sheet/Issue 5/Wine Cheat Sheet - Port vol 5.xlsx	ok	0	0			1140	
Projects/Publications/Wildcatter/Wildcatter Chart Breakdown.xlsx	ok	0	0			1231	
Projects/Trips/2012/La List.xlsx	ok	0	0			1354	
Projects/Trips/2018/Italy/Lucca – Kate & Justin.xlsx	ok	0	0			1069	
Projects/Trips/2018/Napa/Napa Trip Expenses.xlsx	ok	0	0			1693	
Projects/Trips/2024/Great Wolf Lodge/Great Wolf Dinner Summary.xlsx	ok	0	0			1390	
STA/BAA/STA Black Alumni Contact Info.xlsx	ok	0	0			1229	
STA/BAA/Transition Documents/Black Alumni List_STA_TAD Redline_12NOV20.xlsx	ok	0	0			1359	
STA/Class of 1996/20160129_1996.xlsx	ok	0	0			1650	
STA/Class of 1996/Class Notes Template.xlsx	ok	0	0			1292	
STA/Headmaster's Counselors/2016 – Fall/2016 STA Financial Markers.xlsx	ok	0	0			1500	
Shared/Asssscat History.xlsx	ok	0	0			2482	
To File/Apps/Botany.xlsx	ok	0	0			10188	
To File/Apps/PantoneColorChart.xlsx	ok	0	0			1421	
To File/Products for Top Nav.xlsx	ok	0	0			1410	
Tuck/Academic/2011-2012/0. Pre-Enrollment/MBA Math/MBA Math Spreadsheets.xlsx	ok	0	0			1365	
Tuck/Academic/2011-2012/0. Pre-Enrollment/Outward Bound/Outward Bound Checklist.xlsx	ok	0	0			1138	
Tuck/Academic/2011-2012/0. Pre-Enrollment/Pre-Enrollment Program/Excel Shortcuts.xlsx	ok	0	0			1235	
Tuck/Academic/2011-2012/0. Pre-Enrollment/Pre-Enrollment Program/Math Camp Workbook New.xlsx	ok	0	0			1933	
Tuck/Academic/2011-2012/0. Pre-Enrollment/Pre-Enrollment Program/Math Camp Workbook.xlsx	ok	0	0			1326	
Tuck/Academic/2011-2012/1. Fall/1.1 Fall A/AGM/1st Week Materials/Yellowtail Dicussion Notes.xlsx	ok	0	0			1324	
Tuck/Academic/2011-2012/1. Fall/1.1 Fall A/AGM/1st Week Materials/Yellowtail Support File.xlsx	ok	0	0			2431	
Tuck/Academic/2011-2012/1. Fall/1.1 Fall A/AGM/Nike Case/Nike Footnotes.xlsx	ok	0	0			1188	
Tuck/Academic/2011-2012/1. Fall/1.1 Fall A/CM/Homework/Purnell, J.HW13.S3.xlsx	ok	0	0			1263	
Tuck/Academic/2011-2012/1. Fall/1.1 Fall A/CM/Homework/Purnell, J.HW14.S3.xlsx	ok	0	0			5727	
Tuck/Academic/2011-2012/1. Fall/1.1 Fall A/CM/Homework/Purnell, J.HW16.S3.xlsx	ok	0	0			1192	
Tuck/Academic/2011-2012/1. Fall/1.1 Fall A/CM/Homework/Purnell, J.HW17.S3.xlsx	ok	0	0			1323	
Tuck/Academic/2011-2012/1. Fall/1.1 Fall A/CM/Homework/Purnell, J.HW4.S3.xlsx	ok	0	0			1085	
Tuck/Academic/2011-2012/1. Fall/1.1 Fall A/CM/Homework/Purnell, J.HW5.S3.xlsx	ok	0	0			1207	
Tuck/Academic/2011-2012/1. Fall/1.1 Fall A/CM/Homework/Purnell, J.HW6.S3.xlsx	ok	9	1	grgNonlinear		1155	
Tuck/Academic/2011-2012/1. Fall/1.1 Fall A/CM/Homework/Purnell, J.HW8.S3.xlsx	ok	104	2	grgNonlinear,grgNonlinear	2	1476	
Tuck/Academic/2011-2012/1. Fall/1.1 Fall A/CM/Homework/Purnell, J.HW9.S3.xlsx	ok	0	0			1142	
Tuck/Academic/2011-2012/1. Fall/1.1 Fall A/CM/Homework/Team 27.HW10.S3.xlsx	ok	0	0			1112	
Tuck/Academic/2011-2012/1. Fall/1.1 Fall A/CM/Homework/Team 27.HW11.S3.xlsx	ok	0	0			1268	
Tuck/Academic/2011-2012/1. Fall/1.1 Fall A/CM/Homework/Team 27.HW15.S3.xlsx	ok	2	1	grgNonlinear		1400	
Tuck/Academic/2011-2012/1. Fall/1.1 Fall A/CM/Spreadsheets/Binomial Option Calculator.xlsx	ok	0	0			1158	
Tuck/Academic/2011-2012/1. Fall/1.1 Fall A/CM/Spreadsheets/Black Scholes Calculator.xlsx	ok	0	0			1258	
Tuck/Academic/2011-2012/1. Fall/1.1 Fall A/CM/Spreadsheets/CapMInCrunchTime_Data.xlsx	ok	0	0			1237	
Tuck/Academic/2011-2012/1. Fall/1.1 Fall A/CM/Spreadsheets/HW 4 problem 1-Solver.xlsx	ok	27	1	grgNonlinear		1239	
Tuck/Academic/2011-2012/1. Fall/1.1 Fall A/CM/Tracker.xlsx	ok	0	0			1057	
Tuck/Academic/2011-2012/1. Fall/1.1 Fall A/DECSCI/Class Models/7   - Oct. 31/AdBudget.xlsx	ok	95	1	grgNonlinear	1	1133	
Tuck/Academic/2011-2012/1. Fall/1.1 Fall A/DECSCI/Class Models/7   - Oct. 31/Class exercise data.xlsx	ok	0	0			1284	
Tuck/Academic/2011-2012/1. Fall/1.1 Fall A/DECSCI/Class Models/7   - Oct. 31/Class exercise solutions.xlsx	ok	260	4	grgNonlinear,grgNonlinear,grgNonlinear,grgNonlinear	1,2	1339	
Tuck/Academic/2011-2012/1. Fall/1.1 Fall A/DECSCI/Class Models/7   - Oct. 31/Class exercise.xlsx	ok	84	3	grgNonlinear,grgNonlinear,grgNonlinear	2	1363	
Tuck/Academic/2011-2012/1. Fall/1.1 Fall A/DECSCI/Class Models/7   - Oct. 31/solution10.3.xlsx	ok	244	4	grgNonlinear,grgNonlinear,grgNonlinear,grgNonlinear		834	
Tuck/Academic/2011-2012/1. Fall/1.1 Fall A/DECSCI/Class Models/8   - Nov. 1/Acme solution.xlsx	ok	39	1	simplexLP	1,3	1330	
Tuck/Academic/2011-2012/1. Fall/1.1 Fall A/DECSCI/Class Models/8   - Nov. 1/AdBudget with Round.xlsx	ok	96	1	grgNonlinear	1	1388	
Tuck/Academic/2011-2012/1. Fall/1.1 Fall A/DECSCI/Class Models/8   - Nov. 1/Data for Optimization Exercises.xlsx	ok	152	3	simplexLP,simplexLP,simplexLP		1239	
Tuck/Academic/2011-2012/1. Fall/1.1 Fall A/DECSCI/Class Models/8   - Nov. 1/Rent-a-Dent solution.xlsx	ok	35	1	simplexLP	1,2,3	1143	
Tuck/Academic/2011-2012/1. Fall/1.1 Fall A/DECSCI/Class Models/8   - Nov. 1/Valu-Com solution.xlsx	ok	85	2	grgNonlinear,grgNonlinear	1,3	1220	
Tuck/Academic/2011-2012/1. Fall/1.1 Fall A/DECSCI/Class Models/8   - Nov. 1/Valu-Com.xlsx	ok	58	2	grgNonlinear,grgNonlinear	1,3	1451	
Tuck/Academic/2011-2012/1. Fall/1.1 Fall A/DECSCI/Class Models/8   - Nov. 1/location_multistart.xlsx	ok	86	2	grgNonlinear,grgNonlinear	1,3	1403	
Tuck/Academic/2011-2012/1. Fall/1.1 Fall A/DECSCI/Class Models/EToys_deterministic.xlsx	ok	46	2	grgNonlinear,grgNonlinear		1120	
Tuck/Academic/2011-2012/1. Fall/1.1 Fall A/DECSCI/Class Models/Kelly's Roast Beef.xlsx	ok	58	2	grgNonlinear,grgNonlinear	3	1218	
Tuck/Academic/2011-2012/1. Fall/1.1 Fall A/DECSCI/Class Models/RR1.xlsx	ok	0	0			1271	
Tuck/Academic/2011-2012/1. Fall/1.1 Fall A/DECSCI/Class Models/Reids Raisins Sim.xlsx	ok	2	1	grgNonlinear		1237	
Tuck/Academic/2011-2012/1. Fall/1.1 Fall A/DECSCI/Class Models/Summers Group.xlsx	ok	0	0			1201	
Tuck/Academic/2011-2012/1. Fall/1.1 Fall A/DECSCI/Class Models/Vinton Auto.xlsx	ok	46	2	grgNonlinear,grgNonlinear		1192	
Tuck/Academic/2011-2012/1. Fall/1.1 Fall A/DECSCI/Final Files/Carson.xlsx	ok	42	1	simplexLP		1326	
Tuck/Academic/2011-2012/1. Fall/1.1 Fall A/DECSCI/Final Files/PurnellJ1.xlsx	ok	453	7	grgNonlinear,simplexLP,simplexLP,simplexLP,simplexLP,simplexLP,simplexLP	1,2	1410	
Tuck/Academic/2011-2012/1. Fall/1.1 Fall A/DECSCI/Final Files/PurnellJ2.xlsx	ok	183	6	grgNonlinear,grgNonlinear,grgNonlinear,grgNonlinear,grgNonlinear,grgNonlinear		1490	
Tuck/Academic/2011-2012/1. Fall/1.1 Fall A/DECSCI/Final Files/PurnellJ3.xlsx	ok	2	1	grgNonlinear		1443	
Tuck/Academic/2011-2012/1. Fall/1.1 Fall A/DECSCI/Final Files/PurnellJ4.xlsx	ok	204	6	grgNonlinear,grgNonlinear,grgNonlinear,grgNonlinear,grgNonlinear,grgNonlinear	1	1085	
Tuck/Academic/2011-2012/1. Fall/1.1 Fall A/DECSCI/Final Files/PurnellJ5.xlsx	ok	0	0			1208	
Tuck/Academic/2011-2012/1. Fall/1.1 Fall A/DECSCI/Final Files/connecting.xlsx	ok	2	1	grgNonlinear		1017	
Tuck/Academic/2011-2012/1. Fall/1.1 Fall A/DECSCI/Final Files/quality.xlsx	ok	48	2	grgNonlinear,grgNonlinear		1005	
Tuck/Academic/2011-2012/1. Fall/1.1 Fall A/DECSCI/Midterm Files/MediDevice.xlsx	ok	0	0			1112	
Tuck/Academic/2011-2012/1. Fall/1.1 Fall A/DECSCI/Midterm Files/PurnellJ1.xlsx	ok	0	0			2241	
Tuck/Academic/2011-2012/1. Fall/1.1 Fall A/DECSCI/Midterm Files/PurnellJ2.xlsx	ok	0	0			1507	
Tuck/Academic/2011-2012/1. Fall/1.1 Fall A/DECSCI/Midterm Files/PurnellJ3.xlsx	ok	0	0			4605	
Tuck/Academic/2011-2012/1. Fall/1.1 Fall A/DECSCI/Midterm Files/PurnellJ4.xlsx	ok	0	0			1190	
Tuck/Academic/2011-2012/1. Fall/1.1 Fall A/DECSCI/Midterm Files/Tissues.xlsx	ok	0	0			1730	
Tuck/Academic/2011-2012/1. Fall/1.1 Fall A/DECSCI/Midterm Files/skihaus_data.xlsx	ok	0	0			1172	
Tuck/Academic/2011-2012/1. Fall/1.1 Fall A/DECSCI/Models/Cox Cable.xlsx	ok	128	2	grgNonlinear,grgNonlinear	3	1244	
Tuck/Academic/2011-2012/1. Fall/1.1 Fall A/DECSCI/Models/General Widget.xlsx	ok	205	4	grgNonlinear,grgNonlinear,grgNonlinear,grgNonlinear		1465	
Tuck/Academic/2011-2012/1. Fall/1.1 Fall A/DECSCI/Models/Genzyme exhibits.xlsx	ok	105	3	grgNonlinear,grgNonlinear,grgNonlinear	1	1489	
Tuck/Academic/2011-2012/1. Fall/1.1 Fall A/DECSCI/Models/Jeffords (B).xlsx	ok	73	3	grgNonlinear,grgNonlinear,grgNonlinear		1673	
Tuck/Academic/2011-2012/1. Fall/1.1 Fall A/DECSCI/Models/Jeffords.xlsx	ok	0	0			1817	
Tuck/Academic/2011-2012/1. Fall/1.1 Fall A/DECSCI/Models/Lynn Price.xlsx	ok	27	2	grgNonlinear,grgNonlinear	1	1275	
Tuck/Academic/2011-2012/1. Fall/1.1 Fall A/DECSCI/Models/Make Or Buy.xlsx	ok	66	2	grgNonlinear,grgNonlinear	1	1186	
Tuck/Academic/2011-2012/1. Fall/1.1 Fall A/DECSCI/Models/Options Pricing.xlsx	ok	2	1	grgNonlinear		1368	
Tuck/Academic/2011-2012/1. Fall/1.1 Fall A/DECSCI/Models/Purnell, J-NPV Analysis.xlsx	ok	46	2	grgNonlinear,grgNonlinear		1252	
Tuck/Academic/2011-2012/1. Fall/1.1 Fall A/DECSCI/Models/Purnell, J-Reid's Raisins-Ex. 6.3.xlsx	ok	24	3	grgNonlinear,grgNonlinear,grgNonlinear		1325	
Tuck/Academic/2011-2012/1. Fall/1.1 Fall A/DECSCI/Models/Purnell, J-Value of a Customer.v2.xlsx	ok	46	2	grgNonlinear,grgNonlinear		1332	
Tuck/Academic/2011-2012/1. Fall/1.1 Fall A/DECSCI/Models/Purnell, J-Value of a Customer.xlsx	ok	7	1	grgNonlinear		1495	
Tuck/Academic/2011-2012/1. Fall/1.1 Fall A/DECSCI/Models/Purnell, J–Superchem.xlsx	ok	0	0			1245	
Tuck/Academic/2011-2012/1. Fall/1.1 Fall A/DECSCI/Models/Purnell, J–Superchem_mod.xlsx	ok	0	0			1244	
Tuck/Academic/2011-2012/1. Fall/1.1 Fall A/DECSCI/Models/Rally Attendees.xlsx	ok	0	0			1119	
Tuck/Academic/2011-2012/1. Fall/1.1 Fall A/DECSCI/Models/Reid's Raisins (tuck laptop's conflicted copy 2011-10-12).xlsx	ok	0	0			1146	
Tuck/Academic/2011-2012/1. Fall/1.1 Fall A/DECSCI/Models/San Fernando Airport.xlsx	ok	0	0			1979	
Tuck/Academic/2011-2012/1. Fall/1.1 Fall A/DECSCI/Models/SkyJet_Study Group 27.xlsx	ok	133	3	grgNonlinear,grgNonlinear,grgNonlinear	1	1388	
Tuck/Academic/2011-2012/1. Fall/1.1 Fall A/DECSCI/Models/Team_27_ERP_Decision.xlsx	ok	0	0			1182	
Tuck/Academic/2011-2012/1. Fall/1.1 Fall A/DECSCI/Models/The ERP Decision - Study Group 27 - v2 1 - 102411 - AJA.xlsx	ok	0	0			2009	
Tuck/Academic/2011-2012/1. Fall/1.1 Fall A/DECSCI/Models/Vinton Auto.xlsx	ok	0	0			1171	
Tuck/Academic/2011-2012/1. Fall/1.1 Fall A/DECSCI/Models/Workbook1.xlsx	ok	0	0			1357	
Tuck/Academic/2011-2012/1. Fall/1.1 Fall A/DECSCI/Models/corbett.xlsx	ok	58	2	grgNonlinear,grgNonlinear	1,3	1225	
Tuck/Academic/2011-2012/1. Fall/1.1 Fall A/DECSCI/Sample Final/ElectronicsInventory.xlsx	ok	44	2	grgNonlinear,grgNonlinear		2014	
Tuck/Academic/2011-2012/1. Fall/1.1 Fall A/DECSCI/Sample Final/MemoryChips.xlsx	ok	44	2	grgNonlinear,grgNonlinear		1462	
Tuck/Academic/2011-2012/1. Fall/1.1 Fall A/DECSCI/Sample Final/PriceProtection.xlsx	ok	17	2	grgNonlinear,grgNonlinear		1242	
Tuck/Academic/2011-2012/1. Fall/1.1 Fall A/DECSCI/Sample Final/Question 1.xlsx	ok	148	2	grgNonlinear,grgNonlinear	1,2,3	1530	
Tuck/Academic/2011-2012/1. Fall/1.1 Fall A/DECSCI/Sample Final/Question 2.xlsx	ok	48	2	grgNonlinear,grgNonlinear		1454	
Tuck/Academic/2011-2012/1. Fall/1.1 Fall A/DECSCI/Sample Final/Question 3.xlsx	ok	115	1	simplexLP	1,2,3	1181	
Tuck/Academic/2011-2012/1. Fall/1.1 Fall A/DECSCI/Sample Final/Question 4.xlsx	ok	58	2	grgNonlinear,grgNonlinear		1171	
Tuck/Academic/2011-2012/1. Fall/1.1 Fall A/DECSCI/Sample Final/SellingStocks.xlsx	ok	2	1	grgNonlinear		1352	
Tuck/Academic/2011-2012/1. Fall/1.1 Fall A/FA/Course Pack/01-Homework/Copy of Wal-MartProForma 2011 (Completed with case assumptions & val) - Discussion.xlsx	ok	0	0			1411	
Tuck/Academic/2011-2012/1. Fall/1.1 Fall A/FA/Course Pack/01-Homework/Day 1 - Financial Statement Extracts/2011 Ratios for SBUX MCD LUV.xlsx	ok	0	0			1398	
Tuck/Academic/2011-2012/1. Fall/1.1 Fall A/FA/Course Pack/01-Homework/Day 1 - Financial Statement Extracts/Ratios for SBUX MCD LUV.xlsx	ok	0	0			1173	
Tuck/Academic/2011-2012/1. Fall/1.1 Fall A/FA/Homework/FA Final scratch sheet.xlsx	ok	0	0			1116	
Tuck/Academic/2011-2012/1. Fall/1.1 Fall A/FA/Homework/Helpfuls.xlsx	ok	0	0			1541	
Tuck/Academic/2011-2012/1. Fall/1.1 Fall A/FA/Homework/Purnell_J_HW1.xlsx	ok	0	0			8449	
Tuck/Academic/2011-2012/1. Fall/1.1 Fall A/FA/Homework/Purnell_J_HW2.xlsx	ok	0	0			1389	
Tuck/Academic/2011-2012/1. Fall/1.1 Fall A/FA/Homework/Purnell_J_HW2_UpAndRunning (tuck laptop's conflicted copy 2011-10-23).xlsx	ok	0	0			1280	
Tuck/Academic/2011-2012/1. Fall/1.1 Fall A/FA/Homework/Purnell_J_HW2_UpAndRunning.xlsx	ok	0	0			1249	
Tuck/Academic/2011-2012/1. Fall/1.1 Fall A/FA/Homework/Purnell_J_HW3 (tuck laptop's conflicted copy 2011-10-28).xlsx	ok	0	0			1247	
Tuck/Academic/2011-2012/1. Fall/1.1 Fall A/FA/Homework/Purnell_J_HW3.xlsx	ok	0	0			1173	
Tuck/Academic/2011-2012/1. Fall/1.1 Fall A/FA/Homework/Purnell_J_HW4.xlsx	ok	0	0			1308	
Tuck/Academic/2011-2012/1. Fall/1.1 Fall A/FA/Homework/Purnell_J_HW4_WalMart Pro Forma.xlsx	ok	0	0			1268	
Tuck/Academic/2011-2012/1. Fall/1.1 Fall A/FA/Homework/Purnell_J_HW5.xlsx	ok	0	0			1338	
Tuck/Academic/2011-2012/1. Fall/1.1 Fall A/FA/Homework/Purnell_J_HW6.xlsx	ok	0	0			1152	
Tuck/Academic/2011-2012/1. Fall/1.1 Fall A/FA/Homework/Purnell_J_HW7.xlsx	ok	0	0			1343	
Tuck/Academic/2011-2012/1. Fall/1.1 Fall A/FA/Homework/Purnell_J_HW8.xlsx	ok	0	0			1264	
Tuck/Academic/2011-2012/1. Fall/1.1 Fall A/FA/Homework/Purnell_J_HW9.xlsx	ok	0	0			1203	
Tuck/Academic/2011-2012/1. Fall/1.1 Fall A/FA/Homework/Walmart Pro Forma - STARTING POINT.xlsx	ok	0	0			1351	
Tuck/Academic/2011-2012/1. Fall/1.1 Fall A/FA/Homework/WorldCom Restated Income Statement.xlsx	ok	0	0			1282	
Tuck/Academic/2011-2012/1. Fall/1.1 Fall A/FA/Midterm/2011 Mid-Term Exam.xlsx	ok	0	0			1136	
Tuck/Academic/2011-2012/1. Fall/1.1 Fall A/FA/Midterm/FA One Pager.xlsx	ok	0	0			1203	
Tuck/Academic/2011-2012/1. Fall/1.1 Fall A/STATS/Post-Tuck Upkeep/Verma.xlsx	ok	0	0			1344	
Tuck/Academic/2011-2012/1. Fall/1.1 Fall A/STATS/STATS Full Course Folder/Classwork/Session 2/Financial Series.xlsx	ok	0	0			1598	
Tuck/Academic/2011-2012/1. Fall/1.1 Fall A/STATS/STATS Full Course Folder/Classwork/Session 2/risky business.xlsx	ok	0	0			1198	
Tuck/Academic/2011-2012/1. Fall/1.1 Fall A/STATS/STATS Full Course Folder/Classwork/Session 9/Plastics Predictions.xlsx	ok	0	0			1303	
Tuck/Academic/2011-2012/1. Fall/1.1 Fall A/STATS/STATS Full Course Folder/Homeworks/HW #1 Group Effectiveness.xlsx	ok	0	0			1128	
Tuck/Academic/2011-2012/1. Fall/1.1 Fall A/STATS/STATS Full Course Folder/Homeworks/HW #1 UAL DAL.xlsx	ok	0	0			1127	
Tuck/Academic/2011-2012/1. Fall/1.1 Fall A/STATS/STATS Full Course Folder/Homeworks/HW #2 Dartboard.xlsx	ok	0	0			1102	
Tuck/Academic/2011-2012/1. Fall/1.1 Fall A/STATS/STATS Full Course Folder/Homeworks/HW#3 Group Effectiveness.xlsx	ok	0	0			1111	
Tuck/Academic/2011-2012/1. Fall/1.1 Fall A/STATS/STATS Full Course Folder/Homeworks/HW#3 Mutual1.xlsx	ok	0	0			1095	
Tuck/Academic/2011-2012/1. Fall/1.1 Fall A/STATS/STATS Full Course Folder/Homeworks/HW#3 Q4.xlsx	ok	0	0			1289	
Tuck/Academic/2011-2012/1. Fall/1.1 Fall A/STATS/STATS Full Course Folder/Olympics MORE and MORE.xlsx	ok	0	0			1288	
Tuck/Academic/2011-2012/1. Fall/1.1 Fall A/STATS/STATS Full Course Folder/Olympics MORE.xlsx	ok	0	0			1448	
Tuck/Academic/2011-2012/1. Fall/1.1 Fall A/STATS/Statistics Final/Statistics Final.xlsx	ok	0	0			1165	
Tuck/Academic/2011-2012/1. Fall/1.1 Fall A/STATS/Statistics Homework #1/HW #1 Group Effectiveness.xlsx	ok	0	0			1075	
Tuck/Academic/2011-2012/1. Fall/1.1 Fall A/STATS/Statistics Homework #1/HW #1 UAL DAL.xlsx	ok	0	0			1037	
Tuck/Academic/2011-2012/1. Fall/1.1 Fall A/STATS/Statistics Homework #1/Statistics Homework #1.xlsx	ok	0	0			1276	
Tuck/Academic/2011-2012/1. Fall/1.1 Fall A/STATS/Statistics Homework #2/Statistics Homework #2.xlsx	ok	0	0			1369	
Tuck/Academic/2011-2012/1. Fall/1.1 Fall A/STATS/Statistics Homework #3/Statistics Homework #3.xlsx	ok	0	0			1087	
Tuck/Academic/2011-2012/1. Fall/1.1 Fall A/STATS/Statistics Homework #4/Statistics Homework #4.xlsx	ok	0	0			1369	
Tuck/Academic/2011-2012/1. Fall/1.1 Fall A/STATS/Stats Midterm/Stats Calculator.xlsx	ok	0	0			1308	
Tuck/Academic/2011-2012/1. Fall/1.1 Fall A/STATS/Stats Midterm/Stats Midterm.xlsx	ok	0	0			1079	
Tuck/Academic/2011-2012/1. Fall/1.1 Fall A/STATS/Tractor Predictions.xlsx	ok	0	0			1136	
Tuck/Academic/2011-2012/1. Fall/1.2 Fall B/LDIT/Midterm Course Review.xlsx	ok	0	0			1304	
Tuck/Academic/2011-2012/1. Fall/1.2 Fall B/LDIT/Twitter Visualization.xlsx	ok	0	0			2651	
Tuck/Academic/2011-2012/1. Fall/1.2 Fall B/LO/Assignments/Federal Radar Org Chart.xlsx	ok	0	0			1532	
Tuck/Academic/2011-2012/1. Fall/1.2 Fall B/PLDSH/Personal Leadership Survey Data.xlsx	ok	0	0			7491	
Tuck/Academic/2011-2012/1. Fall/Fall Sections - Public.xlsx	ok	0	0			1383	
Tuck/Academic/2011-2012/1. Fall/Fall Study Groups - Public.xlsx	ok	0	0			1106	
Tuck/Academic/2011-2012/1. Fall/MANEC/Alusaf/Copy of Alusaf Case Data.xlsx	ok	0	0			1663	
Tuck/Academic/2011-2012/1. Fall/MANEC/Cambridge Data.xlsx	ok	0	0			1175	
Tuck/Academic/2011-2012/1. Fall/MANEC/Cambridge Software Spreadsheet 2.xlsx	ok	855	5	grgNonlinear,grgNonlinear,grgNonlinear,grgNonlinear,grgNonlinear	2	1353	
Tuck/Academic/2011-2012/1. Fall/MANEC/Final Exam.xlsx	ok	0	0			1500	
Tuck/Academic/2011-2012/1. Fall/MANEC/Midterm Backup.xlsx	ok	0	0			1236	
Tuck/Academic/2011-2012/1. Fall/MANEC/Session 01 (Littleton Bottleworks)/Bottle Bid Cost Spreadsheet.xlsx	ok	0	0			1191	
Tuck/Academic/2011-2012/1. Fall/MANEC/Session 01 (Littleton Bottleworks)/Bottle Bid Costing Template 2011.xlsx	ok	0	0			1250	
Tuck/Academic/2011-2012/1. Fall/MANEC/Session 02 (Competitive Markets)/Competitive Industry Equillibrium.xlsx	ok	0	0			1294	
Tuck/Academic/2011-2012/1. Fall/MANEC/Session 03 (Competitive Industry Equilibrium)/Competitive Industry Equillibrium (Teletran-1's conflicted copy 2011-09-08).xlsx	ok	0	0			1359	
Tuck/Academic/2011-2012/1. Fall/MANEC/Session 03 (Competitive Industry Equilibrium)/Competitive Industry Equillibrium.xlsx	ok	0	0			1345	
Tuck/Academic/2011-2012/2. Winter/CCS/Lecture Notes and Readings/Intro to CCS/Ryanair/ryanair.xlsx	ok	2	1	grgNonlinear		1141	
Tuck/Academic/2011-2012/2. Winter/CCS/Lecture Notes and Readings/Module 4 Platform and Corporate Strategy/Wii/Wii_exhibit_corrected_2012_v2.xlsx	ok	0	0			1165	
Tuck/Academic/2011-2012/2. Winter/CCS/Lecture Notes and Readings/Module 4 Platform and Corporate Strategy/eHarmony/eHarmony_numbers.xlsx	ok	0	0			1227	
Tuck/Academic/2011-2012/2. Winter/CCS/Strategy Project/Presentation/Exhibits/Generic Strategy.xlsx	ok	0	0			2348	
Tuck/Academic/2011-2012/2. Winter/CF/CF Midterm Question 3.xlsx	ok	0	0			1243	
Tuck/Academic/2011-2012/2. Winter/CF/Cases/07Exhibits for MW.xlsx	ok	0	0			1203	
Tuck/Academic/2011-2012/2. Winter/CF/Exams/Final Exam Spreadsheet.xlsx	ok	0	0			1345	
Tuck/Academic/2011-2012/2. Winter/CF/Lecture Notes/Junior vs senior debt.xlsx	ok	0	0			1287	
Tuck/Academic/2011-2012/2. Winter/CF/UST.xlsx	ok	0	0			1262	
Tuck/Academic/2011-2012/2. Winter/ENT/LifeLog Financials.xlsx	ok	0	0			1116	
Tuck/Academic/2011-2012/2. Winter/GEM/CPI.xlsx	ok	0	0			1540	
Tuck/Academic/2011-2012/2. Winter/GEM/Jaguar Exhibits.xlsx	ok	0	0			1433	
Tuck/Academic/2011-2012/2. Winter/MKT/Marketing Final Exam.xlsx	ok	0	0			1203	
Tuck/Academic/2011-2012/2. Winter/MKT/Markstrat/Copy of Mkting - What Went Wrong.xlsx	ok	0	0			1814	
Tuck/Academic/2011-2012/2. Winter/MKT/Markstrat/Weighting Vodite Data.xlsx	ok	0	0			1182	
Tuck/Academic/2011-2012/2. Winter/MKT/Markstrat/competitive assessment.xlsx	ok	0	0			1161	
Tuck/Academic/2011-2012/2. Winter/MKT/Studies/StudyC.xlsx	ok	0	0			1094	
Tuck/Academic/2011-2012/2. Winter/MKT/Studies/StudyE.xlsx	ok	2	1	grgNonlinear		1104	
Tuck/Academic/2011-2012/2. Winter/MKT/Studies/StudyF.xlsx	ok	0	0			1076	
Tuck/Academic/2011-2012/2. Winter/MKT/Studies/StudyH.xlsx	ok	0	0			1201	
Tuck/Academic/2011-2012/3. Spring/ETHAC/Reading/Class 9 Shreve/May 17 groups.xlsx	ok	0	0			1140	
Tuck/Academic/2011-2012/3. Spring/FYP/Administrative/Final Presentation Schedule 05.21-05.24.xlsx	ok	0	0			1777	
Tuck/Academic/2011-2012/3. Spring/FYP/Administrative/Virtual Closet Workplan.xlsx	ok	2	1	grgNonlinear		1480	
Tuck/Academic/2011-2012/3. Spring/FYP/Competitor analysis(swapping).xlsx	ok	0	0			1172	
Tuck/Academic/2011-2012/3. Spring/FYP/FinalAnalysis.xlsx	ok	13	2	grgNonlinear,grgNonlinear		1235	
Tuck/Academic/2011-2012/3. Spring/FYP/Focus Group Questions.xlsx	ok	0	0			1323	
Tuck/Academic/2011-2012/3. Spring/NEGO/Cartoon Worksheet - Deal.xlsx	ok	0	0			1173	
Tuck/Academic/2011-2012/3. Spring/NEGO/Cartoon Worksheet.xlsx	ok	0	0			1146	
Tuck/Academic/2011-2012/3. Spring/NEGO/Windham Worksheet.xlsx	ok	0	0			4931	
Tuck/Academic/2011-2012/3. Spring/OPS/Beer distribution.xlsx	ok	0	0			1152	
Tuck/Academic/2011-2012/3. Spring/OPS/Bs Wax Candles (tuck laptop's conflicted copy 2012-04-16).xlsx	ok	57	2	grgNonlinear,grgNonlinear	1,3	1281	
Tuck/Academic/2011-2012/3. Spring/OPS/Bs Wax Candles.xlsx	ok	0	0			1466	
Tuck/Academic/2011-2012/3. Spring/OPS/Calc.xlsx	ok	0	0			1212	
Tuck/Academic/2011-2012/3. Spring/OPS/Concept Check 1.xlsx	ok	0	0			1220	
Tuck/Academic/2011-2012/3. Spring/OPS/Concept Check 2.xlsx	ok	0	0			1242	
Tuck/Academic/2011-2012/3. Spring/OPS/Concept Check 5.xlsx	ok	0	0			1162	
Tuck/Academic/2011-2012/3. Spring/OPS/Concept Check 6.xlsx	ok	0	0			1104	
Tuck/Academic/2011-2012/3. Spring/OPS/Concept Check 7.xlsx	ok	0	0			1292	
Tuck/Academic/2011-2012/3. Spring/OPS/Final Review.xlsx	ok	0	0			1597	
Tuck/Academic/2011-2012/3. Spring/OPS/Global Financial Corporation.xlsx	ok	0	0			1331	
Tuck/Academic/2011-2012/3. Spring/OPS/Littlefield.xlsx	ok	8	1	grgNonlinear		1181	
Tuck/Academic/2011-2012/3. Spring/OPS/Midterm review.xlsx	ok	0	0			1136	
Tuck/Academic/2011-2012/3. Spring/OPS/OM Final.xlsx	ok	0	0			1258	
Tuck/Academic/2011-2012/3. Spring/OPS/OM Midterm.xlsx	ok	0	0			1332	
Tuck/Academic/2011-2012/3. Spring/OPS/Obermeyer.xlsx	ok	0	0			1159	
Tuck/Academic/2012-2013/1. Fall/ACS/Boston Italian Restaurants Price Benefit.xlsx	ok	0	0			1025	
Tuck/Academic/2012-2013/1. Fall/ACS/Tablet Prices.xlsx	ok	0	0			1259	
Tuck/Academic/2012-2013/1. Fall/ACS/Writeups/The Godfather.xlsx	ok	0	0			1297	
Tuck/Academic/2012-2013/1. Fall/AGM Grading Sheet.xlsx	ok	0	0			1417	
Tuck/Academic/2012-2013/1. Fall/AO/Assignments/NNB Data.xlsx	ok	71	2	grgNonlinear,simplexLP	1,2	1170	
Tuck/Academic/2012-2013/1. Fall/AO/Assignments/PurnellFinal.xlsx	ok	988	8	grgNonlinear,grgNonlinear,simplexLP,simplexLP,simplexLP,simplexLP,simplexLP,simplexLP	1,2,3,5	1200	
Tuck/Academic/2012-2013/1. Fall/AO/Assignments/PurnellHW1.1.xlsx	ok	222	4	grgNonlinear,grgNonlinear,grgNonlinear,grgNonlinear	1,3	1282	
Tuck/Academic/2012-2013/1. Fall/AO/Assignments/PurnellHW10.xlsx	ok	90	2	grgNonlinear,grgNonlinear	2	1686	
Tuck/Academic/2012-2013/1. Fall/AO/Assignments/PurnellHW11.xlsx	ok	79	2	grgNonlinear,simplexLP	2,3,4	1196	
Tuck/Academic/2012-2013/1. Fall/AO/Assignments/PurnellHW12.xlsx	ok	147	3	grgNonlinear,simplexLP,simplexLP	1,3,4,5	1157	
Tuck/Academic/2012-2013/1. Fall/AO/Assignments/PurnellHW13.xlsx	ok	197	4	grgNonlinear,grgNonlinear,grgNonlinear,grgNonlinear	1,2,3,4,5	1380	
Tuck/Academic/2012-2013/1. Fall/AO/Assignments/PurnellHW14.xlsx	ok	268	4	grgNonlinear,simplexLP,simplexLP,simplexLP	1,3,5	1327	
Tuck/Academic/2012-2013/1. Fall/AO/Assignments/PurnellHW15.xlsx	ok	455	6	grgNonlinear,simplexLP,simplexLP,simplexLP,simplexLP,simplexLP	1,2,3,5	1397	
Tuck/Academic/2012-2013/1. Fall/AO/Assignments/PurnellHW16.1.xlsx	ok	290	4	grgNonlinear,grgNonlinear,simplexLP,simplexLP	1,2,5	1282	
Tuck/Academic/2012-2013/1. Fall/AO/Assignments/PurnellHW16.xlsx	ok	290	4	grgNonlinear,grgNonlinear,simplexLP,simplexLP	1,2,5	1338	
Tuck/Academic/2012-2013/1. Fall/AO/Assignments/PurnellHW17.xlsx	ok	288	5	evolutionary,evolutionary,grgNonlinear,grgNonlinear,grgNonlinear	1,2,4,6	1282	
Tuck/Academic/2012-2013/1. Fall/AO/Assignments/PurnellHW18.xlsx	ok	135	3	evolutionary,evolutionary,grgNonlinear	6	1164	
Tuck/Academic/2012-2013/1. Fall/AO/Assignments/PurnellHW2.xlsx	ok	67	2	grgNonlinear,grgNonlinear	1,3	1228	
Tuck/Academic/2012-2013/1. Fall/AO/Assignments/PurnellHW3.xlsx	ok	221	4	grgNonlinear,grgNonlinear,grgNonlinear,grgNonlinear	1,3	1314	
Tuck/Academic/2012-2013/1. Fall/AO/Assignments/PurnellHW5.xlsx	ok	311	6	grgNonlinear,simplexLP,simplexLP,simplexLP,simplexLP,simplexLP	1,2,3	1157	
Tuck/Academic/2012-2013/1. Fall/AO/Assignments/PurnellHW6 (Starscream's conflicted copy 2012-09-30).xlsx	ok	164	3	grgNonlinear,simplexLP,simplexLP	1,2,3	1248	
Tuck/Academic/2012-2013/1. Fall/AO/Assignments/PurnellHW6.xlsx	ok	250	4	grgNonlinear,simplexLP,simplexLP,simplexLP	1,2,3	1389	
Tuck/Academic/2012-2013/1. Fall/AO/Assignments/PurnellHW7.xlsx	ok	517	8	grgNonlinear,grgNonlinear,grgNonlinear,grgNonlinear,grgNonlinear,simplexLP,simplexLP,simplexLP	1,2,3	1626	
Tuck/Academic/2012-2013/1. Fall/AO/Assignments/PurnellHW9.xlsx	ok	58	2	grgNonlinear,grgNonlinear	1,2	1229	
Tuck/Academic/2012-2013/1. Fall/AO/Assignments/PurnellMT.xlsx	ok	295	5	grgNonlinear,grgNonlinear,grgNonlinear,simplexLP,simplexLP	1,2,3	1400	
Tuck/Academic/2012-2013/1. Fall/AO/Assignments/Purnell_Portfolio.xlsx	ok	90	2	grgNonlinear,grgNonlinear	2	1619	
Tuck/Academic/2012-2013/1. Fall/AO/Assignments/Red Band.xlsx	ok	49	2	grgNonlinear,grgNonlinear	1	5837	
Tuck/Academic/2012-2013/1. Fall/AO/Models/10.25 Class.xlsx	ok	191	4	grgNonlinear,grgNonlinear,simplexLP,simplexLP	1,2,5	1204	
Tuck/Academic/2012-2013/1. Fall/AO/Models/Cash Planning.xlsx	ok	70	2	grgNonlinear,simplexLP	1,2	1159	
Tuck/Academic/2012-2013/1. Fall/AO/Models/Ch1models.xlsx	ok	152	4	grgNonlinear,grgNonlinear,grgNonlinear,grgNonlinear	2	1258	
Tuck/Academic/2012-2013/1. Fall/AO/Models/Ch2models.xlsx	ok	706	15	grgNonlinear,simplexLP,simplexLP,simplexLP,simplexLP,simplexLP,simplexLP,simplexLP,simplexLP,simplexLP,simplexLP,simplexLP,simplexLP,simplexLP,simplexLP	1,3	1348	
Tuck/Academic/2012-2013/1. Fall/AO/Models/Ch3models.xlsx	ok	342	9	grgNonlinear,simplexLP,simplexLP,simplexLP,simplexLP,simplexLP,simplexLP,simplexLP,simplexLP	1,2,3	1728	
Tuck/Academic/2012-2013/1. Fall/AO/Models/Ch4models.xlsx	ok	542	9	grgNonlinear,grgNonlinear,grgNonlinear,simplexLP,simplexLP,simplexLP,simplexLP,simplexLP,simplexLP	1,2,3	1603	
Tuck/Academic/2012-2013/1. Fall/AO/Models/Ch5models.xlsx	ok	301	7	grgNonlinear,simplexLP,simplexLP,simplexLP,simplexLP,simplexLP,simplexLP	1,2,3	1362	
Tuck/Academic/2012-2013/1. Fall/AO/Models/Ch6models.xlsx	ok	628	12	grgNonlinear,grgNonlinear,grgNonlinear,grgNonlinear,grgNonlinear,grgNonlinear,simplexLP,simplexLP,simplexLP,simplexLP,simplexLP,simplexLP	1,2,3,4,5	1219	
Tuck/Academic/2012-2013/1. Fall/AO/Models/Ch7models.xlsx	ok	1243	19	grgNonlinear,grgNonlinear,grgNonlinear,grgNonlinear,grgNonlinear,grgNonlinear,grgNonlinear,grgNonlinear,grgNonlinear,grgNonlinear,grgNonlinear,grgNonlinear,grgNonlinear,grgNonlinear,simplexLP,simplexLP,simplexLP,simplexLP,simplexLP	1,2,3,5	1529	
Tuck/Academic/2012-2013/1. Fall/AO/Models/Ch8models.xlsx	ok	872	13	grgNonlinear,grgNonlinear,grgNonlinear,grgNonlinear,grgNonlinear,grgNonlinear,grgNonlinear,grgNonlinear,grgNonlinear,grgNonlinear,grgNonlinear,grgNonlinear,simplexLP	1,2,3,5	1712	
Tuck/Academic/2012-2013/1. Fall/AO/Models/Ch9models.xlsx	ok	811	12	evolutionary,evolutionary,evolutionary,evolutionary,evolutionary,evolutionary,evolutionary,evolutionary,grgNonlinear,grgNonlinear,grgNonlinear,simplexLP	1,3,4,6	1434	
Tuck/Academic/2012-2013/1. Fall/AO/Models/Chapter 3 Practice.xlsx	ok	221	4	grgNonlinear,simplexLP,simplexLP,simplexLP	1,2,3	1551	
Tuck/Academic/2012-2013/1. Fall/AO/Models/Chapter 4 Reading.xlsx	ok	130	3	grgNonlinear,simplexLP,simplexLP	1,2	1230	
Tuck/Academic/2012-2013/1. Fall/AO/Models/Chapter 5 Practice.xlsx	ok	57	2	grgNonlinear,grgNonlinear	1,2	1123	
Tuck/Academic/2012-2013/1. Fall/AO/Models/Chapter 6 Practice.xlsx	ok	147	3	grgNonlinear,grgNonlinear,simplexLP	1,3,4,5	1416	
Tuck/Academic/2012-2013/1. Fall/AO/Models/Chapter 7 Practice.xlsx	ok	88	2	grgNonlinear,simplexLP	1,3,5	1280	
Tuck/Academic/2012-2013/1. Fall/AO/Models/Chapter 8 Practice.xlsx	ok	60	2	grgNonlinear,grgNonlinear	2,3	1208	
Tuck/Academic/2012-2013/1. Fall/AO/Models/Chapter 8 Practiceb.xlsx	ok	198	5	grgNonlinear,grgNonlinear,grgNonlinear,grgNonlinear,grgNonlinear	1,2,4,5	1032	
Tuck/Academic/2012-2013/1. Fall/AO/Models/Chapter 9 Practice.xlsx	ok	166	3	evolutionary,grgNonlinear,simplexLP	2,6	1068	
Tuck/Academic/2012-2013/1. Fall/AO/Models/Class 10.31.xlsx	ok	389	6	grgNonlinear,simplexLP,simplexLP,simplexLP,simplexLP,simplexLP	1,2,3,5	1270	
Tuck/Academic/2012-2013/1. Fall/AO/Models/Class 10.31a.xlsx	ok	160	3	grgNonlinear,grgNonlinear,simplexLP	1,3,4,5	1199	
Tuck/Academic/2012-2013/1. Fall/AO/Models/Copy of ACBtypes.xlsx	ok	205	4	grgNonlinear,grgNonlinear,simplexLP,simplexLP	1,3	1254	
Tuck/Academic/2012-2013/1. Fall/AO/Models/Copy of PatternClass.xlsx	ok	310	6	grgNonlinear,simplexLP,simplexLP,simplexLP,simplexLP,simplexLP	1,2,3	1401	
Tuck/Academic/2012-2013/1. Fall/AO/Models/ExamData.xlsx	ok	3	1	grgNonlinear		1774	
Tuck/Academic/2012-2013/1. Fall/AO/Models/FiguresA2.xlsx	ok	0	0			1360	
Tuck/Academic/2012-2013/1. Fall/AO/Models/Hollingswth.xlsx	ok	266	5	grgNonlinear,grgNonlinear,simplexLP,simplexLP,simplexLP	1,2,3	1461	
Tuck/Academic/2012-2013/1. Fall/AO/Models/IP Class.xlsx	ok	677	10	grgNonlinear,simplexLP,simplexLP,simplexLP,simplexLP,simplexLP,simplexLP,simplexLP,simplexLP,simplexLP	1,2,3,5	1373	
Tuck/Academic/2012-2013/1. Fall/AO/Models/Non-Linear Programming Class.xlsx	ok	303	5	grgNonlinear,grgNonlinear,grgNonlinear,grgNonlinear,grgNonlinear	1,2	1535	
Tuck/Academic/2012-2013/1. Fall/AO/Models/Southpark.xlsx	ok	148	3	grgNonlinear,grgNonlinear,simplexLP	1,2	1168	
Tuck/Academic/2012-2013/1. Fall/AO/Reading/Curve Fitting.xlsx	ok	39	2	grgNonlinear,grgNonlinear		1225	
Tuck/Academic/2012-2013/1. Fall/AO/Solutions/AOhw1.xlsx	ok	229	5	grgNonlinear,simplexLP,simplexLP,simplexLP,simplexLP	1,3	1301	
Tuck/Academic/2012-2013/1. Fall/AO/Solutions/AOhw11.xlsx	ok	420	8	grgNonlinear,grgNonlinear,grgNonlinear,grgNonlinear,grgNonlinear,grgNonlinear,simplexLP,simplexLP	2,3	1373	
Tuck/Academic/2012-2013/1. Fall/AO/Solutions/AOhw12.xlsx	ok	302	5	grgNonlinear,grgNonlinear,simplexLP,simplexLP,simplexLP	1,3,4,5	1096	
Tuck/Academic/2012-2013/1. Fall/AO/Solutions/AOhw13.xlsx	ok	369	6	grgNonlinear,grgNonlinear,grgNonlinear,grgNonlinear,simplexLP,simplexLP	1,2,3,4,5	1709	
Tuck/Academic/2012-2013/1. Fall/AO/Solutions/AOhw14.xlsx	ok	233	4	grgNonlinear,grgNonlinear,grgNonlinear,grgNonlinear	1,3,5	1212	
Tuck/Academic/2012-2013/1. Fall/AO/Solutions/AOhw2.xlsx	ok	162	3	grgNonlinear,simplexLP,simplexLP	1,3	1184	
Tuck/Academic/2012-2013/1. Fall/AO/Solutions/AOhw3.xlsx	ok	181	4	grgNonlinear,grgNonlinear,grgNonlinear,simplexLP	1,3	1236	
Tuck/Academic/2012-2013/1. Fall/AO/Solutions/AOhw4.xlsx	ok	128	3	grgNonlinear,grgNonlinear,grgNonlinear	1,2,3	1277	
Tuck/Academic/2012-2013/1. Fall/AO/Solutions/AOhw5.xlsx	ok	294	6	grgNonlinear,grgNonlinear,grgNonlinear,grgNonlinear,grgNonlinear,grgNonlinear	1,2,3	1202	
Tuck/Academic/2012-2013/1. Fall/AO/Solutions/AOhw6.xlsx	ok	278	7	grgNonlinear,simplexLP,simplexLP,simplexLP,simplexLP,simplexLP,simplexLP	1,2,3	1277	
Tuck/Academic/2012-2013/1. Fall/AO/Solutions/AOhw7.xlsx	ok	446	7	grgNonlinear,grgNonlinear,grgNonlinear,simplexLP,simplexLP,simplexLP,simplexLP	1,3	1362	
Tuck/Academic/2012-2013/1. Fall/AO/Solutions/AOhw8&9.xlsx	ok	308	5	grgNonlinear,grgNonlinear,simplexLP,simplexLP,simplexLP	1,2,3	5163	
Tuck/Academic/2012-2013/1. Fall/AO/Solutions/MT12solution.xlsx	ok	600	9	grgNonlinear,grgNonlinear,simplexLP,simplexLP,simplexLP,simplexLP,simplexLP,simplexLP,simplexLP	1,2,3	2061	
Tuck/Academic/2012-2013/1. Fall/ESGIO/Charts.xlsx	ok	0	0			1904	
Tuck/Academic/2012-2013/1. Fall/ESGIO/ESGIO_StaticOutputs.xlsx	ok	0	0			1428	
Tuck/Academic/2012-2013/1. Fall/ESGIO/Pivot Table.xlsx	ok	0	0			1233	
Tuck/Academic/2012-2013/1. Fall/ESGIO/Regional Preferences.xlsx	ok	0	0			1404	
Tuck/Academic/2012-2013/1. Fall/ESGIO/Round 1 Data.xlsx	ok	0	0			1149	
Tuck/Academic/2012-2013/1. Fall/ESGIO/Round 1, 2 Data.xlsx	ok	0	0			1299	
Tuck/Academic/2012-2013/1. Fall/INV/Assignments/INV Homework #1.xlsx	ok	0	0			1379	
Tuck/Academic/2012-2013/1. Fall/PEF/Class PowerPoints/Class #11/Lubrano Can.xlsx	ok	0	0			1215	
Tuck/Academic/2012-2013/1. Fall/PEF/Readings and Assignments/Class 2 - Venture Overview and Corporate Venture Groups/Corporate Venture Capital Profile Thru 2012 Q2.xlsx	ok	0	0			1260	
Tuck/Academic/2012-2013/2. Winter/SPIB/Dropbox Operating Model.xlsx	ok	0	0			1247	
Tuck/Academic/2012-2013/2. Winter/SPIB/Facebook Charts.xlsx	ok	0	0			1388	
Tuck/Academic/2012-2013/2. Winter/TFIO/Applichem Exhibits.xlsx	ok	80	2	grgNonlinear,simplexLP	1,2	1377	
Tuck/Academic/2012-2013/2. Winter/TFIO/Handouts/Session 1 (Intro+ROIC)/ROIC_Tree_Paul_Downs.xlsx	ok	0	0			1275	
Tuck/Academic/2012-2013/2. Winter/TFIO/Handouts/Session 2 (DA)/DA_Exhibit_4.xlsx	ok	0	0			1244	
Tuck/Academic/2012-2013/2. Winter/TFIO/Handouts/Session 2 (DA)/ROIC+SPC_Problems_Data.xlsx	ok	0	0			1302	
Tuck/Academic/2012-2013/2. Winter/TFIO/Handouts/Session 4 (Applichem)/Applichem Case Data.xlsx	ok	0	0			1163	
Tuck/Academic/2012-2013/2. Winter/TFIO/Handouts/Session 4 (Applichem)/Gary Plant Update Data.xlsx	ok	0	0			1254	
Tuck/Academic/2012-2013/2. Winter/TFIO/Handouts/Session 6 (Genentech)/Capacity Management Exercise Data.xlsx	ok	0	0			1315	
Tuck/Academic/2012-2013/2. Winter/TFIO/Handouts/Session 6 (Genentech)/Genentech Case Data.xlsx	ok	0	0			1359	
Tuck/Academic/2012-2013/2. Winter/TFIO/PurnellJ - Gary Plant Update.xlsx	ok	4	2	grgNonlinear,grgNonlinear		1173	
Tuck/Academic/2012-2013/2. Winter/TFIO/PurnellJ - Genentech Case.xlsx	ok	2	1	grgNonlinear		1318	
Tuck/Academic/2012-2013/2. Winter/TFIO/PurnellJ - Learning Curve Exercise.xlsx	ok	2	1	grgNonlinear		1198	
Tuck/Academic/2012-2013/2. Winter/TFIO/PurnellJ - ROIC and SPC Problems.xlsx	ok	0	0			1288	
Tuck/Academic/2012-2013/2. Winter/TFIO/ROIC and SPC Problems.xlsx	ok	0	0			1089	
Tuck/Academic/2012-2013/2. Winter/TFIO/TFIO Standing Workbook.xlsx	ok	0	0			1385	
Tuck/Academic/2012-2013/2. Winter/TFIO/UCB Model.xlsx	ok	0	0			1236	
Tuck/Academic/2012-2013/3. Spring/CR/Assignments/Binomial Pricing Sheet.xlsx	ok	0	0			1146	
Tuck/Academic/2012-2013/3. Spring/CR/Assignments/Project 2.xlsx	ok	0	0			1367	
Tuck/Academic/2012-2013/3. Spring/CR/PROJECTS/PROJECT 1 2011/PART 2 STUDENT.xlsx	ok	17	1	grgNonlinear		1350	
Tuck/Academic/2012-2013/3. Spring/CR/PROJECTS/PROJECT 4/Exhibit 1 - Industry Defaults.xlsx	ok	0	0			1246	
Tuck/Academic/2012-2013/3. Spring/CR/PROJECTS/PROJECT 4/MOODY'S DATA 1920-2012.xlsx	ok	0	0			1736	
Tuck/Academic/2012-2013/3. Spring/CRSP/CRSP Grades.xlsx	ok	2	1	grgNonlinear		1199	
Tuck/Academic/2012-2013/3. Spring/Course Election Spreadsheet.xlsx	ok	0	0			1168	
Tuck/Academic/2012-2013/3. Spring/EGE/UNdata_Export_20130423_134655883.xlsx	ok	0	0			1370	
Tuck/Academic/2012-2013/3. Spring/MA/Class notes/Week six/02 MAY 2013/02MAY2013.xlsx	ok	92	3	grgNonlinear,grgNonlinear,grgNonlinear		1352	
Tuck/Academic/2012-2013/3. Spring/MA/Class notes/Week six/02 MAY 2013/02MAY2013solved.xlsx	ok	92	3	grgNonlinear,grgNonlinear,grgNonlinear		1238	
Tuck/Academic/2012-2013/3. Spring/MA/Class notes/Week three/11 APR 2013/joneslearninggroup.xlsx	ok	0	0			1170	
Tuck/Academic/2012-2013/3. Spring/MA/Review session/Review session #1/Spring2013review1solution.xlsx	ok	6	3	grgNonlinear,grgNonlinear,grgNonlinear		1294	
Tuck/Academic/2012-2013/3. Spring/PK/Marlboro Case Exhibit 3.xlsx	ok	0	0			1146	
Tuck/Academic/2012-2013/3. Spring/PK/Nash Equilibrium.xlsx	ok	0	0			1135	
Tuck/Academic/2012-2013/3. Spring/PK/Pricing Groups.xlsx	ok	0	0			1312	
Tuck/Academic/2012-2013/3. Spring/PK/price optimization.xlsx	ok	0	0			5088	
Tuck/Academic/2012-2013/3. Spring/SOE/Dartmouth Atlas Data.xlsx	ok	0	0			1135	
Tuck/Academic/2012-2013/3. Spring/pdm/1. Vivia/S1 Purnell Justin Vivia Individual.xlsx	ok	6	3	grgNonlinear,grgNonlinear,grgNonlinear		1379	
Tuck/Academic/2012-2013/3. Spring/pdm/1. Vivia/Vivia Individual 2013.xlsx	ok	26	6	grgNonlinear,grgNonlinear,grgNonlinear,grgNonlinear,grgNonlinear,grgNonlinear		1549	
Tuck/Academic/2012-2013/3. Spring/pdm/1. Vivia/Vivia S1TJ.xlsx	ok	6	3	grgNonlinear,grgNonlinear,grgNonlinear		1772	
Tuck/Academic/2012-2013/3. Spring/pdm/1. Vivia/Vivia Team 2013.xlsx	ok	26	6	grgNonlinear,grgNonlinear,grgNonlinear,grgNonlinear,grgNonlinear,grgNonlinear		1502	
Tuck/Academic/2012-2013/3. Spring/pdm/2. Securitization/S1 Purnell Justin Securitization Individual.xlsx	ok	0	0			1176	
Tuck/Academic/2012-2013/3. Spring/pdm/2. Securitization/Securitization Introduction.xlsx	ok	0	0			1274	
Tuck/Academic/2012-2013/3. Spring/pdm/2. Securitization/Securitization S1TJ.xlsx	ok	0	0			1398	
Tuck/Academic/2012-2013/3. Spring/pdm/2. Securitization/Securitization Team 2013.xlsx	ok	8	4	grgNonlinear,grgNonlinear,grgNonlinear,grgNonlinear		2248	
Tuck/Academic/2012-2013/3. Spring/pdm/3. Small Hydro/S1 Purnell Justin Hydro Individual.xlsx	ok	0	0			1363	
Tuck/Academic/2012-2013/3. Spring/pdm/3. Small Hydro/Small Hydro Individual 2013.xlsx	ok	8	3	grgNonlinear,grgNonlinear,grgNonlinear		1237	
Tuck/Academic/2012-2013/3. Spring/pdm/3. Small Hydro/Small Hydro Introduction 2013.xlsx	ok	4	1	grgNonlinear		1296	
Tuck/Academic/2012-2013/3. Spring/pdm/3. Small Hydro/Small Hydro S1TJ.xlsx	ok	184	5	grgNonlinear,grgNonlinear,grgNonlinear,grgNonlinear,grgNonlinear	2	1758	
Tuck/Academic/2012-2013/3. Spring/pdm/3. Small Hydro/W3D2 Decision Example Probabilistic 2013.xlsx	ok	46	2	grgNonlinear,grgNonlinear		1305	
Tuck/Academic/2012-2013/3. Spring/pdm/4. Long Acre/Long Acre Individual 2013.xlsx	ok	10	5	grgNonlinear,grgNonlinear,grgNonlinear,grgNonlinear,grgNonlinear		1308	
Tuck/Academic/2012-2013/3. Spring/pdm/4. Long Acre/Long Acre Individual Inputs 2013.xlsx	ok	2	1	grgNonlinear		1111	
Tuck/Academic/2012-2013/3. Spring/pdm/4. Long Acre/Long Acre S1TJ Probabilistic.xlsx	ok	9	5	grgNonlinear,grgNonlinear,grgNonlinear,grgNonlinear,grgNonlinear		2590	
Tuck/Academic/2012-2013/3. Spring/pdm/4. Long Acre/Long Acre S1TJ.xlsx	ok	8	4	grgNonlinear,grgNonlinear,grgNonlinear,grgNonlinear		2206	
Tuck/Academic/2012-2013/3. Spring/pdm/4. Long Acre/Long Acre Team 2013 Probabilistic All.xlsx	ok	12	6	grgNonlinear,grgNonlinear,grgNonlinear,grgNonlinear,grgNonlinear,grgNonlinear		1762	
Tuck/Academic/2012-2013/3. Spring/pdm/4. Long Acre/Long Acre Team 2013.xlsx	ok	10	5	grgNonlinear,grgNonlinear,grgNonlinear,grgNonlinear,grgNonlinear		1646	
Tuck/Academic/2012-2013/3. Spring/pdm/4. Long Acre/Long Acre Team Inputs 2013.xlsx	ok	2	1	grgNonlinear		1277	
Tuck/Academic/2012-2013/3. Spring/pdm/4. Long Acre/Longacre Introduction.xlsx	ok	2	1	grgNonlinear		1291	
Tuck/Academic/2012-2013/3. Spring/pdm/4. Long Acre/S1 Purnell Justin Long Acre Individual.xlsx	ok	8	4	grgNonlinear,grgNonlinear,grgNonlinear,grgNonlinear		2279	
Tuck/Academic/2012-2013/3. Spring/pdm/4. Long Acre/W4D2 Array Formulas 2013 START.xlsx	ok	0	0			1178	
Tuck/Academic/2012-2013/3. Spring/pdm/Examples/W2D1 Vivia A RT START 2013.xlsx	ok	16	1	grgNonlinear		1340	
Tuck/Academic/2012-2013/3. Spring/pdm/Examples/W2D2 Lookup Functions 2013.xlsx	ok	0	0			1236	
Tuck/Academic/2012-2013/3. Spring/pdm/Examples/W3D2 Decision Example Deterministic 2013.xlsx	ok	46	2	grgNonlinear,grgNonlinear		1340	
Tuck/Academic/2012-2013/3. Spring/pdm/Examples/W3D2 Range Names Example START 2013-1.xlsx	ok	0	0			1191	
Tuck/Academic/2012-2013/3. Spring/pdm/Examples/W3D2 Range Names Example START 2013.xlsx	ok	0	0			880	
Tuck/Academic/2012-2013/3. Spring/pdm/Examples/W4D1 Scheduling Docs to Rooms FINISH 2013.xlsx	ok	68	3	grgNonlinear,grgNonlinear,grgNonlinear	2,3,5	1253	
Tuck/Academic/2012-2013/3. Spring/pdm/Examples/W4D2 Array Formulas 2013 FINISH.xlsx	ok	0	0			1210	
Tuck/Academic/Other Courses/ACCT/Homework solutions/HW#3 - Machinery International (A)-completed template.W12.xlsx	ok	0	0			1289	
Tuck/Academic/Other Courses/DM/ASSIGNMENTS/JAN 10 CLASS DISCUSSION/PROB 3 CLASS DISCUSSION.xlsx	ok	0	0			1201	
Tuck/Academic/Other Courses/DM/ASSIGNMENTS/KEY RATE DURATIONS/KEY RATE STUDENT.xlsx	ok	0	0			1176	
Tuck/Academic/Other Courses/DMKT/Class Notes/Attrite.xlsx	ok	0	0			43909	
Tuck/Academic/Other Courses/DMKT/Class Notes/LTV Calculations.xlsx	ok	0	0			1417	
Tuck/Academic/Other Courses/DMKT/Data Files for Cases/Cell2Cell/Cell2Cel Data Calibration.xlsx	ok	0	0			24617	
Tuck/Academic/Other Courses/DMKT/Data Files for Cases/Cell2Cell/Cell2Cell Data Validation.xlsx	ok	0	0			22326	
Tuck/Academic/Other Courses/DMKT/LTV Homework/LTV Homework Grade Distribution.xlsx	ok	0	0			1281	
Tuck/Academic/Other Courses/OPS/Session 5 Jan 24/FlexInvestSimOpt.xlsx	ok	69	3	grgNonlinear,grgNonlinear,grgNonlinear		1345	
Tuck/Academic/Other Courses/OPS/Session 9 Feb 6/LittelfuseCaseDataExhibit8.xlsx	ok	0	0			1209	
Tuck/Academic/Other Courses/REM/PurnellJ - Exercise 1.xlsx	ok	0	0			1204	
Tuck/Academic/Other Courses/SBM/SBM Class List.xlsx	ok	0	0			1199	
Tuck/Academic/Other Courses/SCHM/Session 08/Assignment 4 - Inventory.xlsx	ok	0	0			1186	
Tuck/Academic/Other Courses/SCHM/Session 13/NWS Exhibit 4.xlsx	ok	0	0			1289	
Tuck/Academic/Other Courses/SCHM/Session 13/solution hw 7.xlsx	ok	0	0			1423	
Tuck/Academic/Weekly Agenda.xlsx	ok	0	0			1824	
Tuck/Alumni/NYC/T09-T13 in NYC area.xlsx	ok	0	0			1159	
Tuck/Application/Essay Questions/Essay Questions Master List.xlsx	ok	0	0			2010	
Tuck/Application/Schools.xlsx	ok	0	0			1447	
Tuck/Application/Transcripts/GPA Calc.xlsx	ok	0	0			1239	
Tuck/Community/Leadership Fellows/LDP evaluations Group 9, Section 2.xlsx	ok	0	0			1212	
Tuck/Community/Leadership Fellows/LDP evaluations V3.xlsx	ok	0	0			1068	
Tuck/Community/Section 3/Fall Groups - Scn 3.xlsx	ok	0	0			1278	
Tuck/Community/Section 3/Inquiry! 3.0.xlsx	ok	0	0			1731	
Tuck/Community/Tripod/Copy of Fall 2012 Tripod Draft Plan.xlsx	ok	0	0			1322	
Tuck/Community/Tripod/Draft Order List.xlsx	ok	0	0			1091	
Tuck/Conferences/ASW/ASW Nametag Info_template_Classes.xlsx	ok	0	0			1278	
Tuck/Conferences/ASW/Attendee Master List.xlsx	ok	0	0			1128	
Tuck/Conferences/ASW/FINAL ASW schedule.xlsx	ok	0	0			1450	
Tuck/Conferences/DivCO/2012/DivCo Master Document.xlsx	ok	0	0			1338	
Tuck/Conferences/DivCO/2012/DivCo Program & Notes 10.04.12.xlsx	ok	2	1	grgNonlinear		1296	
Tuck/Conferences/DivCO/2012/DivCo subcommittees.xlsx	ok	0	0			1230	
Tuck/Conferences/DivCO/2012/Sample DivCo Agenda.xlsx	ok	0	0			4724	
Tuck/Conferences/DivCO/DivCo Planning Sheet.xlsx	ok	0	0			1153	
Tuck/Conferences/DivCO/Saturday Lunch Assignments.xlsx	ok	0	0			1210	
Tuck/Conferences/DivCO/untitled.xlsx	ok	2	1	grgNonlinear		1287	
Tuck/Conferences/Entertainment and Media/KIF Tuck Budget.xlsx	ok	0	0			1302	
Tuck/Conferences/Entertainment and Media/Schedule.xlsx	ok	0	0			1184	
Tuck/Conferences/Entertainment and Media/Symposium Reimbursement.xlsx	ok	0	0			1513	
Tuck/QLC/08-09 l QLC Calendar and Budget 3.10.09.xlsx	ok	0	0			2932	
Tuck/QLC/2012-2013 Planning Doc.xlsx	ok	0	0			1067	
Tuck/QLC/2nd Year Housing Guide.xlsx	ok	0	0			1062	
Tuck/QLC/Budget 2013-2014.xlsx	ok	0	0			1501	
Tuck/QLC/Financial/Reimbursement Files/Brews and Views Reimbursement.xlsx	ok	0	0			1479	
Tuck/QLC/Financial/Reimbursement Files/MBAPO Coffee Reimbursement.xlsx	ok	0	0			1245	
Tuck/QLC/Mystery Buses/Mystery Bus Planner.xlsx	ok	7	4	grgNonlinear,grgNonlinear,grgNonlinear,grgNonlinear		1394	
Tuck/QLC/Orientation.xlsx	ok	0	0			1319	
Tuck/QLC/Projects/2011/Staff Drive/2011 Staff Holiday Drive Donors.xlsx	ok	0	0			1215	
Tuck/QLC/Projects/2012-2013/Dining Committee/Dining Committee 10.18.12.xlsx	ok	0	0			1151	
Tuck/QLC/Projects/2012-2013/Harpoon Reimbursement (AFAA-DivCo).xlsx	ok	0	0			1273	
Tuck/QLC/Projects/2012-2013/TT-12-001.xlsx	ok	0	0			1311	
Tuck/QLC/Projects/2012-2013/TT-12-003 - Veterans Day.xlsx	ok	0	0			1461	
Tuck/QLC/Projects/2012-2013/Tuck Tag/Tuck Tag 2013 Player Database.xlsx	ok	2	1	grgNonlinear		2001	
Tuck/QLC/Projects/2012/Assassins/Order (version 1).xlsx	unreadableWorkbook	0	0			1167	zipError("The operation couldn’t be completed. (SwiftZIP.ZIPError error 4.)")
Tuck/QLC/Projects/2012/Assassins/Order.xlsx	unreadableWorkbook	0	0			1130	zipError("The operation couldn’t be completed. (SwiftZIP.ZIPError error 4.)")
Tuck/QLC/Projects/2012/Assassins/Tuck Tag 2012 Database.xlsx	ok	0	0			1375	
Tuck/QLC/Projects/2012/Gender/Paternity Leave Stats.xlsx	ok	0	0			1238	
Tuck/QLC/Projects/2012/Housing Guide/2012-2013 Housing Guide.xlsx	ok	0	0			1862	
Tuck/QLC/Projects/2012/Housing Guide/Template.xlsx	ok	0	0			1234	
Tuck/QLC/Projects/Faculty Interaction/Faculty List.xlsx	ok	0	0			1189	
Tuck/QLC/Tuck Tails Planning Sheet.xlsx	ok	0	0			1268	
Tuck/RGC/Spring Splash Budget.xlsx	ok	0	0			1332	
Tuck/RGC/Workbook1.xlsx	ok	0	0			1196	
Tuck/Team 27/Weekly Agenda.xlsx	ok	0	0			1435	
UCB/Completed Projects/Gethtards/Magic Bus of Stories/Grease Truck Menu.xlsx	ok	0	0			1275	
UCB/Completed Projects/IRC/IRC Thread Titles.xlsx	ok	0	0			1251	
UCB/Completed Projects/NYCares Day/NY Cares Day.xlsx	ok	0	0			1280	
UCB/Completed Projects/NYCares Day/NYCares Day 2011 Fundraising Report Final.xlsx	ok	0	0			1205	
UCB/Completed Projects/NYE 2010/`Team/Creative Team.xlsx	ok	0	0			1264	
UCB/Completed Projects/NYE 2011/Champagne.xlsx	ok	0	0			1267	
UCB/Completed Projects/NYE 2011/Invite List.xlsx	ok	0	0			1074	
UCB/Projects/Basic Invite List.xlsx	ok	0	0			1065	
UCB/Projects/Keep It Fun/America II/Administrative/Attendees.xlsx	ok	0	0			1425	
UCB/Projects/The Company/2009/Capture the Flag/Company Offsite RSVP List.xlsx	ok	0	0			1357	
UCB/Projects/The Company/2009/Capture the Flag/Company RSVP List.xlsx	ok	0	0			4625	
UCB/Projects/The Company/Company Mailing List.xlsx	ok	0	0			1266	
UCB/Projects/The Company/Company Picnic 2014 List.xlsx	ok	0	0			1370	
UCB/Projects/The Company/Company Picnic 2014.xlsx	ok	0	0			1447	
UCB/Projects/The Company/Party Planner/Party Planner.xlsx	ok	0	0			1547	
UCB/Projects/The Company/Party Planner/The Company Picnic 2011.xlsx	ok	0	0			1342	
UCB/Shows/ASSSSCAT/Asssscat History.xlsx	ok	0	0			1557	
